policy,cycle,phase,db_bytes,wal_bytes,shm_bytes,total_bytes,page_size,page_count,freelist_count,allocated_bytes,free_reusable_bytes,non_freelist_bytes,count_nodes,count_edges,count_metadata,count_flows,count_flow_memberships,count_communities,count_community_summaries,count_flow_snapshots,count_risk_index,count_nodes_fts_state,count_embeddings,mismatched_layers,dangling_flow_memberships
none,0,cold,104656896,22066752,65536,126789184,4096,25932,0,106217472,0,106217472,8431,76840,11,138,6127,10,10,138,8073,8431,0,,0
none,1,mutate,106815488,22066752,65536,128947776,4096,26082,0,106831872,0,106831872,8511,76980,11,158,6207,10,10,158,8153,8511,0,,0
none,1,revert,106831872,22066752,65536,128964160,4096,26082,56,106831872,229376,106602496,8431,76840,11,138,6127,10,10,138,8073,8431,0,,0
none,1,after_maintenance,106831872,22066752,65536,128964160,4096,26082,56,106831872,229376,106602496,8431,76840,11,138,6127,10,10,138,8073,8431,0,,0
none,2,mutate,106962944,22066752,65536,129095232,4096,26119,0,106983424,0,106983424,8511,76980,11,158,6207,10,10,158,8153,8511,0,,0
none,2,revert,106983424,22066752,65536,129115712,4096,26119,51,106983424,208896,106774528,8431,76840,11,138,6127,10,10,138,8073,8431,0,,0
none,2,after_maintenance,106983424,22066752,65536,129115712,4096,26119,51,106983424,208896,106774528,8431,76840,11,138,6127,10,10,138,8073,8431,0,,0
none,3,mutate,107409408,22066752,65536,129541696,4096,26223,92,107409408,376832,107032576,8511,76980,11,158,6207,10,10,158,8153,8511,0,,0
none,3,revert,107409408,22066752,65536,129541696,4096,26223,129,107409408,528384,106881024,8431,76840,11,138,6127,10,10,138,8073,8431,0,,0
none,3,after_maintenance,107409408,22066752,65536,129541696,4096,26223,129,107409408,528384,106881024,8431,76840,11,138,6127,10,10,138,8073,8431,0,,0
none,4,mutate,107409408,22066752,65536,129541696,4096,26223,48,107409408,196608,107212800,8511,76980,11,158,6207,10,10,158,8153,8511,0,,0
none,4,revert,107630592,22066752,65536,129762880,4096,26277,184,107630592,753664,106876928,8431,76840,11,138,6127,10,10,138,8073,8431,0,,0
none,4,after_maintenance,107630592,22066752,65536,129762880,4096,26277,184,107630592,753664,106876928,8431,76840,11,138,6127,10,10,138,8073,8431,0,,0
none,5,mutate,107630592,22066752,65536,129762880,4096,26277,104,107630592,425984,107204608,8511,76980,11,158,6207,10,10,158,8153,8511,0,,0
none,5,revert,107630592,22066752,65536,129762880,4096,26277,151,107630592,618496,107012096,8431,76840,11,138,6127,10,10,138,8073,8431,0,,0
none,5,after_maintenance,107630592,22066752,65536,129762880,4096,26277,151,107630592,618496,107012096,8431,76840,11,138,6127,10,10,138,8073,8431,0,,0
none,6,mutate,107880448,22066752,65536,130012736,4096,26338,155,107880448,634880,107245568,8511,76980,11,158,6207,10,10,158,8153,8511,0,,0
none,6,revert,107880448,22066752,65536,130012736,4096,26338,196,107880448,802816,107077632,8431,76840,11,138,6127,10,10,138,8073,8431,0,,0
none,6,after_maintenance,107880448,22066752,65536,130012736,4096,26338,196,107880448,802816,107077632,8431,76840,11,138,6127,10,10,138,8073,8431,0,,0
none,7,mutate,107880448,22066752,65536,130012736,4096,26338,113,107880448,462848,107417600,8511,76980,11,158,6207,10,10,158,8153,8511,0,,0
none,7,revert,107880448,22066752,65536,130012736,4096,26338,151,107880448,618496,107261952,8431,76840,11,138,6127,10,10,138,8073,8431,0,,0
none,7,after_maintenance,107880448,22066752,65536,130012736,4096,26338,151,107880448,618496,107261952,8431,76840,11,138,6127,10,10,138,8073,8431,0,,0
none,8,mutate,107880448,22066752,65536,130012736,4096,26338,217,107880448,888832,106991616,8511,76980,11,158,6207,10,10,158,8153,8511,0,,0
none,8,revert,107880448,22066752,65536,130012736,4096,26338,264,107880448,1081344,106799104,8431,76840,11,138,6127,10,10,138,8073,8431,0,,0
none,8,after_maintenance,107880448,22066752,65536,130012736,4096,26338,264,107880448,1081344,106799104,8431,76840,11,138,6127,10,10,138,8073,8431,0,,0
none,9,mutate,107880448,22066752,65536,130012736,4096,26338,173,107880448,708608,107171840,8511,76980,11,158,6207,10,10,158,8153,8511,0,,0
none,9,revert,107880448,22066752,65536,130012736,4096,26338,218,107880448,892928,106987520,8431,76840,11,138,6127,10,10,138,8073,8431,0,,0
none,9,after_maintenance,107880448,22066752,65536,130012736,4096,26338,218,107880448,892928,106987520,8431,76840,11,138,6127,10,10,138,8073,8431,0,,0
none,10,mutate,107880448,22066752,65536,130012736,4096,26338,142,107880448,581632,107298816,8511,76980,11,158,6207,10,10,158,8153,8511,0,,0
none,10,revert,107880448,22066752,65536,130012736,4096,26338,187,107880448,765952,107114496,8431,76840,11,138,6127,10,10,138,8073,8431,0,,0
none,10,after_maintenance,107880448,22066752,65536,130012736,4096,26338,187,107880448,765952,107114496,8431,76840,11,138,6127,10,10,138,8073,8431,0,,0
none,11,mutate,107880448,22066752,65536,130012736,4096,26338,171,107880448,700416,107180032,8511,76980,11,158,6207,10,10,158,8153,8511,0,,0
none,11,revert,107880448,22066752,65536,130012736,4096,26338,225,107880448,921600,106958848,8431,76840,11,138,6127,10,10,138,8073,8431,0,,0
none,11,after_maintenance,107880448,22066752,65536,130012736,4096,26338,225,107880448,921600,106958848,8431,76840,11,138,6127,10,10,138,8073,8431,0,,0
none,12,mutate,107880448,22066752,65536,130012736,4096,26338,127,107880448,520192,107360256,8511,76980,11,158,6207,10,10,158,8153,8511,0,,0
none,12,revert,107880448,22066752,65536,130012736,4096,26338,187,107880448,765952,107114496,8431,76840,11,138,6127,10,10,138,8073,8431,0,,0
none,12,after_maintenance,107880448,22066752,65536,130012736,4096,26338,187,107880448,765952,107114496,8431,76840,11,138,6127,10,10,138,8073,8431,0,,0
none,13,mutate,107880448,22066752,65536,130012736,4096,26338,184,107880448,753664,107126784,8511,76980,11,158,6207,10,10,158,8153,8511,0,,0
none,13,revert,107880448,22066752,65536,130012736,4096,26338,227,107880448,929792,106950656,8431,76840,11,138,6127,10,10,138,8073,8431,0,,0
none,13,after_maintenance,107880448,22066752,65536,130012736,4096,26338,227,107880448,929792,106950656,8431,76840,11,138,6127,10,10,138,8073,8431,0,,0
none,14,mutate,107880448,22066752,65536,130012736,4096,26338,140,107880448,573440,107307008,8511,76980,11,158,6207,10,10,158,8153,8511,0,,0
none,14,revert,107913216,22066752,65536,130045504,4096,26346,269,107913216,1101824,106811392,8431,76840,11,138,6127,10,10,138,8073,8431,0,,0
none,14,after_maintenance,107913216,22066752,65536,130045504,4096,26346,269,107913216,1101824,106811392,8431,76840,11,138,6127,10,10,138,8073,8431,0,,0
none,15,mutate,107913216,22066752,65536,130045504,4096,26346,181,107913216,741376,107171840,8511,76980,11,158,6207,10,10,158,8153,8511,0,,0
none,15,revert,107913216,22066752,65536,130045504,4096,26346,224,107913216,917504,106995712,8431,76840,11,138,6127,10,10,138,8073,8431,0,,0
none,15,after_maintenance,107913216,22066752,65536,130045504,4096,26346,224,107913216,917504,106995712,8431,76840,11,138,6127,10,10,138,8073,8431,0,,0
none,16,mutate,107913216,22066752,65536,130045504,4096,26346,249,107913216,1019904,106893312,8511,76980,11,158,6207,10,10,158,8153,8511,0,,0
none,16,revert,107913216,22066752,65536,130045504,4096,26346,285,107913216,1167360,106745856,8431,76840,11,138,6127,10,10,138,8073,8431,0,,0
none,16,after_maintenance,107913216,22066752,65536,130045504,4096,26346,285,107913216,1167360,106745856,8431,76840,11,138,6127,10,10,138,8073,8431,0,,0
none,17,mutate,107913216,22066752,65536,130045504,4096,26346,193,107913216,790528,107122688,8511,76980,11,158,6207,10,10,158,8153,8511,0,,0
none,17,revert,107913216,22066752,65536,130045504,4096,26346,241,107913216,987136,106926080,8431,76840,11,138,6127,10,10,138,8073,8431,0,,0
none,17,after_maintenance,107913216,22066752,65536,130045504,4096,26346,241,107913216,987136,106926080,8431,76840,11,138,6127,10,10,138,8073,8431,0,,0
none,18,mutate,107913216,22066752,65536,130045504,4096,26346,153,107913216,626688,107286528,8511,76980,11,158,6207,10,10,158,8153,8511,0,,0
none,18,revert,107913216,22066752,65536,130045504,4096,26346,206,107913216,843776,107069440,8431,76840,11,138,6127,10,10,138,8073,8431,0,,0
none,18,after_maintenance,107913216,22066752,65536,130045504,4096,26346,206,107913216,843776,107069440,8431,76840,11,138,6127,10,10,138,8073,8431,0,,0
none,19,mutate,107913216,22066752,65536,130045504,4096,26346,199,107913216,815104,107098112,8511,76980,11,158,6207,10,10,158,8153,8511,0,,0
none,19,revert,107913216,22066752,65536,130045504,4096,26346,241,107913216,987136,106926080,8431,76840,11,138,6127,10,10,138,8073,8431,0,,0
none,19,after_maintenance,107913216,22066752,65536,130045504,4096,26346,241,107913216,987136,106926080,8431,76840,11,138,6127,10,10,138,8073,8431,0,,0
none,20,mutate,107913216,22066752,65536,130045504,4096,26346,159,107913216,651264,107261952,8511,76980,11,158,6207,10,10,158,8153,8511,0,,0
none,20,revert,107913216,22066752,65536,130045504,4096,26346,205,107913216,839680,107073536,8431,76840,11,138,6127,10,10,138,8073,8431,0,,0
none,20,after_maintenance,107913216,22066752,65536,130045504,4096,26346,205,107913216,839680,107073536,8431,76840,11,138,6127,10,10,138,8073,8431,0,,0
none,21,mutate,107913216,22066752,65536,130045504,4096,26346,165,107913216,675840,107237376,8511,76980,11,158,6207,10,10,158,8153,8511,0,,0
none,21,revert,107913216,22066752,65536,130045504,4096,26346,209,107913216,856064,107057152,8431,76840,11,138,6127,10,10,138,8073,8431,0,,0
none,21,after_maintenance,107913216,22066752,65536,130045504,4096,26346,209,107913216,856064,107057152,8431,76840,11,138,6127,10,10,138,8073,8431,0,,0
none,22,mutate,107913216,22066752,65536,130045504,4096,26346,123,107913216,503808,107409408,8511,76980,11,158,6207,10,10,158,8153,8511,0,,0
none,22,revert,107913216,22066752,65536,130045504,4096,26346,171,107913216,700416,107212800,8431,76840,11,138,6127,10,10,138,8073,8431,0,,0
none,22,after_maintenance,107913216,22066752,65536,130045504,4096,26346,171,107913216,700416,107212800,8431,76840,11,138,6127,10,10,138,8073,8431,0,,0
none,23,mutate,107913216,22066752,65536,130045504,4096,26346,76,107913216,311296,107601920,8511,76980,11,158,6207,10,10,158,8153,8511,0,,0
none,23,revert,107913216,22066752,65536,130045504,4096,26346,124,107913216,507904,107405312,8431,76840,11,138,6127,10,10,138,8073,8431,0,,0
none,23,after_maintenance,107913216,22066752,65536,130045504,4096,26346,124,107913216,507904,107405312,8431,76840,11,138,6127,10,10,138,8073,8431,0,,0
none,24,mutate,107913216,22066752,65536,130045504,4096,26346,177,107913216,724992,107188224,8511,76980,11,158,6207,10,10,158,8153,8511,0,,0
none,24,revert,107913216,22066752,65536,130045504,4096,26346,225,107913216,921600,106991616,8431,76840,11,138,6127,10,10,138,8073,8431,0,,0
none,24,after_maintenance,107913216,22066752,65536,130045504,4096,26346,225,107913216,921600,106991616,8431,76840,11,138,6127,10,10,138,8073,8431,0,,0
none,25,mutate,107913216,22066752,65536,130045504,4096,26346,137,107913216,561152,107352064,8511,76980,11,158,6207,10,10,158,8153,8511,0,,0
none,25,revert,107913216,22066752,65536,130045504,4096,26346,176,107913216,720896,107192320,8431,76840,11,138,6127,10,10,138,8073,8431,0,,0
none,25,after_maintenance,107913216,22066752,65536,130045504,4096,26346,176,107913216,720896,107192320,8431,76840,11,138,6127,10,10,138,8073,8431,0,,0
none,26,mutate,107913216,22066752,65536,130045504,4096,26346,96,107913216,393216,107520000,8511,76980,11,158,6207,10,10,158,8153,8511,0,,0
none,26,revert,107913216,22066752,65536,130045504,4096,26346,147,107913216,602112,107311104,8431,76840,11,138,6127,10,10,138,8073,8431,0,,0
none,26,after_maintenance,107913216,22066752,65536,130045504,4096,26346,147,107913216,602112,107311104,8431,76840,11,138,6127,10,10,138,8073,8431,0,,0
none,27,mutate,107913216,22066752,65536,130045504,4096,26346,134,107913216,548864,107364352,8511,76980,11,158,6207,10,10,158,8153,8511,0,,0
none,27,revert,107913216,22066752,65536,130045504,4096,26346,176,107913216,720896,107192320,8431,76840,11,138,6127,10,10,138,8073,8431,0,,0
none,27,after_maintenance,107913216,22066752,65536,130045504,4096,26346,176,107913216,720896,107192320,8431,76840,11,138,6127,10,10,138,8073,8431,0,,0
none,28,mutate,107913216,22066752,65536,130045504,4096,26346,97,107913216,397312,107515904,8511,76980,11,158,6207,10,10,158,8153,8511,0,,0
none,28,revert,107913216,22066752,65536,130045504,4096,26346,144,107913216,589824,107323392,8431,76840,11,138,6127,10,10,138,8073,8431,0,,0
none,28,after_maintenance,107913216,22066752,65536,130045504,4096,26346,144,107913216,589824,107323392,8431,76840,11,138,6127,10,10,138,8073,8431,0,,0
none,29,mutate,107913216,22066752,65536,130045504,4096,26346,96,107913216,393216,107520000,8511,76980,11,158,6207,10,10,158,8153,8511,0,,0
none,29,revert,107913216,22066752,65536,130045504,4096,26346,146,107913216,598016,107315200,8431,76840,11,138,6127,10,10,138,8073,8431,0,,0
none,29,after_maintenance,107913216,22066752,65536,130045504,4096,26346,146,107913216,598016,107315200,8431,76840,11,138,6127,10,10,138,8073,8431,0,,0
none,30,mutate,107913216,22066752,65536,130045504,4096,26346,62,107913216,253952,107659264,8511,76980,11,158,6207,10,10,158,8153,8511,0,,0
none,30,revert,107913216,22066752,65536,130045504,4096,26346,119,107913216,487424,107425792,8431,76840,11,138,6127,10,10,138,8073,8431,0,,0
none,30,after_maintenance,107913216,22066752,65536,130045504,4096,26346,119,107913216,487424,107425792,8431,76840,11,138,6127,10,10,138,8073,8431,0,,0
none,31,mutate,107913216,22066752,65536,130045504,4096,26346,28,107913216,114688,107798528,8511,76980,11,158,6207,10,10,158,8153,8511,0,,0
none,31,revert,107913216,22066752,65536,130045504,4096,26346,69,107913216,282624,107630592,8431,76840,11,138,6127,10,10,138,8073,8431,0,,0
none,31,after_maintenance,107913216,22066752,65536,130045504,4096,26346,69,107913216,282624,107630592,8431,76840,11,138,6127,10,10,138,8073,8431,0,,0
none,32,mutate,108122112,22066752,65536,130254400,4096,26397,113,108122112,462848,107659264,8511,76980,11,158,6207,10,10,158,8153,8511,0,,0
none,32,revert,108122112,22066752,65536,130254400,4096,26397,161,108122112,659456,107462656,8431,76840,11,138,6127,10,10,138,8073,8431,0,,0
none,32,after_maintenance,108122112,22066752,65536,130254400,4096,26397,161,108122112,659456,107462656,8431,76840,11,138,6127,10,10,138,8073,8431,0,,0
none,33,mutate,108122112,22066752,65536,130254400,4096,26397,70,108122112,286720,107835392,8511,76980,11,158,6207,10,10,158,8153,8511,0,,0
none,33,revert,108122112,22066752,65536,130254400,4096,26397,116,108122112,475136,107646976,8431,76840,11,138,6127,10,10,138,8073,8431,0,,0
none,33,after_maintenance,108122112,22066752,65536,130254400,4096,26397,116,108122112,475136,107646976,8431,76840,11,138,6127,10,10,138,8073,8431,0,,0
none,34,mutate,108122112,22066752,65536,130254400,4096,26397,34,108122112,139264,107982848,8511,76980,11,158,6207,10,10,158,8153,8511,0,,0
none,34,revert,108122112,22066752,65536,130254400,4096,26397,79,108122112,323584,107798528,8431,76840,11,138,6127,10,10,138,8073,8431,0,,0
none,34,after_maintenance,108122112,22066752,65536,130254400,4096,26397,79,108122112,323584,107798528,8431,76840,11,138,6127,10,10,138,8073,8431,0,,0
none,35,mutate,108318720,22066752,65536,130451008,4096,26445,167,108318720,684032,107634688,8511,76980,11,158,6207,10,10,158,8153,8511,0,,0
none,35,revert,108318720,22066752,65536,130451008,4096,26445,214,108318720,876544,107442176,8431,76840,11,138,6127,10,10,138,8073,8431,0,,0
none,35,after_maintenance,108318720,22066752,65536,130451008,4096,26445,214,108318720,876544,107442176,8431,76840,11,138,6127,10,10,138,8073,8431,0,,0
none,36,mutate,108318720,22066752,65536,130451008,4096,26445,133,108318720,544768,107773952,8511,76980,11,158,6207,10,10,158,8153,8511,0,,0
none,36,revert,108318720,22066752,65536,130451008,4096,26445,182,108318720,745472,107573248,8431,76840,11,138,6127,10,10,138,8073,8431,0,,0
none,36,after_maintenance,108318720,22066752,65536,130451008,4096,26445,182,108318720,745472,107573248,8431,76840,11,138,6127,10,10,138,8073,8431,0,,0
none,37,mutate,108318720,22066752,65536,130451008,4096,26445,142,108318720,581632,107737088,8511,76980,11,158,6207,10,10,158,8153,8511,0,,0
none,37,revert,108318720,22066752,65536,130451008,4096,26445,188,108318720,770048,107548672,8431,76840,11,138,6127,10,10,138,8073,8431,0,,0
none,37,after_maintenance,108318720,22066752,65536,130451008,4096,26445,188,108318720,770048,107548672,8431,76840,11,138,6127,10,10,138,8073,8431,0,,0
none,38,mutate,108318720,22066752,65536,130451008,4096,26445,96,108318720,393216,107925504,8511,76980,11,158,6207,10,10,158,8153,8511,0,,0
none,38,revert,108318720,22066752,65536,130451008,4096,26445,147,108318720,602112,107716608,8431,76840,11,138,6127,10,10,138,8073,8431,0,,0
none,38,after_maintenance,108318720,22066752,65536,130451008,4096,26445,147,108318720,602112,107716608,8431,76840,11,138,6127,10,10,138,8073,8431,0,,0
none,39,mutate,108318720,22066752,65536,130451008,4096,26445,59,108318720,241664,108077056,8511,76980,11,158,6207,10,10,158,8153,8511,0,,0
none,39,revert,108318720,22066752,65536,130451008,4096,26445,107,108318720,438272,107880448,8431,76840,11,138,6127,10,10,138,8073,8431,0,,0
none,39,after_maintenance,108318720,22066752,65536,130451008,4096,26445,107,108318720,438272,107880448,8431,76840,11,138,6127,10,10,138,8073,8431,0,,0
none,40,mutate,108417024,22066752,65536,130549312,4096,26469,114,108417024,466944,107950080,8511,76980,11,158,6207,10,10,158,8153,8511,0,,0
none,40,revert,108417024,22066752,65536,130549312,4096,26469,165,108417024,675840,107741184,8431,76840,11,138,6127,10,10,138,8073,8431,0,,0
none,40,after_maintenance,108417024,22066752,65536,130549312,4096,26469,165,108417024,675840,107741184,8431,76840,11,138,6127,10,10,138,8073,8431,0,,0
none,41,mutate,108417024,22066752,65536,130549312,4096,26469,84,108417024,344064,108072960,8511,76980,11,158,6207,10,10,158,8153,8511,0,,0
none,41,revert,108417024,22066752,65536,130549312,4096,26469,122,108417024,499712,107917312,8431,76840,11,138,6127,10,10,138,8073,8431,0,,0
none,41,after_maintenance,108417024,22066752,65536,130549312,4096,26469,122,108417024,499712,107917312,8431,76840,11,138,6127,10,10,138,8073,8431,0,,0
none,42,mutate,108417024,22066752,65536,130549312,4096,26469,35,108417024,143360,108273664,8511,76980,11,158,6207,10,10,158,8153,8511,0,,0
none,42,revert,108417024,22066752,65536,130549312,4096,26469,80,108417024,327680,108089344,8431,76840,11,138,6127,10,10,138,8073,8431,0,,0
none,42,after_maintenance,108417024,22066752,65536,130549312,4096,26469,80,108417024,327680,108089344,8431,76840,11,138,6127,10,10,138,8073,8431,0,,0
none,43,mutate,108531712,22066752,65536,130664000,4096,26497,113,108531712,462848,108068864,8511,76980,11,158,6207,10,10,158,8153,8511,0,,0
none,43,revert,108531712,22066752,65536,130664000,4096,26497,150,108531712,614400,107917312,8431,76840,11,138,6127,10,10,138,8073,8431,0,,0
none,43,after_maintenance,108531712,22066752,65536,130664000,4096,26497,150,108531712,614400,107917312,8431,76840,11,138,6127,10,10,138,8073,8431,0,,0
none,44,mutate,108531712,22066752,65536,130664000,4096,26497,69,108531712,282624,108249088,8511,76980,11,158,6207,10,10,158,8153,8511,0,,0
none,44,revert,108531712,22066752,65536,130664000,4096,26497,114,108531712,466944,108064768,8431,76840,11,138,6127,10,10,138,8073,8431,0,,0
none,44,after_maintenance,108531712,22066752,65536,130664000,4096,26497,114,108531712,466944,108064768,8431,76840,11,138,6127,10,10,138,8073,8431,0,,0
none,45,mutate,108572672,22066752,65536,130704960,4096,26507,213,108572672,872448,107700224,8511,76980,11,158,6207,10,10,158,8153,8511,0,,0
none,45,revert,108572672,22066752,65536,130704960,4096,26507,251,108572672,1028096,107544576,8431,76840,11,138,6127,10,10,138,8073,8431,0,,0
none,45,after_maintenance,108572672,22066752,65536,130704960,4096,26507,251,108572672,1028096,107544576,8431,76840,11,138,6127,10,10,138,8073,8431,0,,0
none,46,mutate,108572672,22066752,65536,130704960,4096,26507,171,108572672,700416,107872256,8511,76980,11,158,6207,10,10,158,8153,8511,0,,0
none,46,revert,108830720,22066752,65536,130963008,4096,26570,493,108830720,2019328,106811392,8431,76840,11,138,6127,10,10,138,8073,8431,0,,0
none,46,after_maintenance,108830720,22066752,65536,130963008,4096,26570,493,108830720,2019328,106811392,8431,76840,11,138,6127,10,10,138,8073,8431,0,,0
none,47,mutate,108830720,22066752,65536,130963008,4096,26570,392,108830720,1605632,107225088,8511,76980,11,158,6207,10,10,158,8153,8511,0,,0
none,47,revert,108830720,22066752,65536,130963008,4096,26570,447,108830720,1830912,106999808,8431,76840,11,138,6127,10,10,138,8073,8431,0,,0
none,47,after_maintenance,108830720,22066752,65536,130963008,4096,26570,447,108830720,1830912,106999808,8431,76840,11,138,6127,10,10,138,8073,8431,0,,0
none,48,mutate,108830720,22066752,65536,130963008,4096,26570,455,108830720,1863680,106967040,8511,76980,11,158,6207,10,10,158,8153,8511,0,,0
none,48,revert,108830720,22066752,65536,130963008,4096,26570,516,108830720,2113536,106717184,8431,76840,11,138,6127,10,10,138,8073,8431,0,,0
none,48,after_maintenance,108830720,22066752,65536,130963008,4096,26570,516,108830720,2113536,106717184,8431,76840,11,138,6127,10,10,138,8073,8431,0,,0
none,49,mutate,108830720,22066752,65536,130963008,4096,26570,422,108830720,1728512,107102208,8511,76980,11,158,6207,10,10,158,8153,8511,0,,0
none,49,revert,108830720,22066752,65536,130963008,4096,26570,464,108830720,1900544,106930176,8431,76840,11,138,6127,10,10,138,8073,8431,0,,0
none,49,after_maintenance,108830720,22066752,65536,130963008,4096,26570,464,108830720,1900544,106930176,8431,76840,11,138,6127,10,10,138,8073,8431,0,,0
none,50,mutate,108830720,22066752,65536,130963008,4096,26570,376,108830720,1540096,107290624,8511,76980,11,158,6207,10,10,158,8153,8511,0,,0
none,50,revert,108830720,22066752,65536,130963008,4096,26570,424,108830720,1736704,107094016,8431,76840,11,138,6127,10,10,138,8073,8431,0,,0
none,50,after_maintenance,108830720,22066752,65536,130963008,4096,26570,424,108830720,1736704,107094016,8431,76840,11,138,6127,10,10,138,8073,8431,0,,0
none,51,mutate,108830720,22066752,65536,130963008,4096,26570,418,108830720,1712128,107118592,8511,76980,11,158,6207,10,10,158,8153,8511,0,,0
none,51,revert,108830720,22066752,65536,130963008,4096,26570,461,108830720,1888256,106942464,8431,76840,11,138,6127,10,10,138,8073,8431,0,,0
none,51,after_maintenance,108830720,22066752,65536,130963008,4096,26570,461,108830720,1888256,106942464,8431,76840,11,138,6127,10,10,138,8073,8431,0,,0
none,52,mutate,108830720,22066752,65536,130963008,4096,26570,379,108830720,1552384,107278336,8511,76980,11,158,6207,10,10,158,8153,8511,0,,0
none,52,revert,108830720,22066752,65536,130963008,4096,26570,422,108830720,1728512,107102208,8431,76840,11,138,6127,10,10,138,8073,8431,0,,0
none,52,after_maintenance,108830720,22066752,65536,130963008,4096,26570,422,108830720,1728512,107102208,8431,76840,11,138,6127,10,10,138,8073,8431,0,,0
none,53,mutate,108830720,22066752,65536,130963008,4096,26570,384,108830720,1572864,107257856,8511,76980,11,158,6207,10,10,158,8153,8511,0,,0
none,53,revert,108830720,22066752,65536,130963008,4096,26570,434,108830720,1777664,107053056,8431,76840,11,138,6127,10,10,138,8073,8431,0,,0
none,53,after_maintenance,108830720,22066752,65536,130963008,4096,26570,434,108830720,1777664,107053056,8431,76840,11,138,6127,10,10,138,8073,8431,0,,0
none,54,mutate,108830720,22066752,65536,130963008,4096,26570,344,108830720,1409024,107421696,8511,76980,11,158,6207,10,10,158,8153,8511,0,,0
none,54,revert,108830720,22066752,65536,130963008,4096,26570,399,108830720,1634304,107196416,8431,76840,11,138,6127,10,10,138,8073,8431,0,,0
none,54,after_maintenance,108830720,22066752,65536,130963008,4096,26570,399,108830720,1634304,107196416,8431,76840,11,138,6127,10,10,138,8073,8431,0,,0
none,55,mutate,108830720,22066752,65536,130963008,4096,26570,303,108830720,1241088,107589632,8511,76980,11,158,6207,10,10,158,8153,8511,0,,0
none,55,revert,108830720,22066752,65536,130963008,4096,26570,353,108830720,1445888,107384832,8431,76840,11,138,6127,10,10,138,8073,8431,0,,0
none,55,after_maintenance,108830720,22066752,65536,130963008,4096,26570,353,108830720,1445888,107384832,8431,76840,11,138,6127,10,10,138,8073,8431,0,,0
none,56,mutate,108830720,22066752,65536,130963008,4096,26570,399,108830720,1634304,107196416,8511,76980,11,158,6207,10,10,158,8153,8511,0,,0
none,56,revert,108830720,22066752,65536,130963008,4096,26570,441,108830720,1806336,107024384,8431,76840,11,138,6127,10,10,138,8073,8431,0,,0
none,56,after_maintenance,108830720,22066752,65536,130963008,4096,26570,441,108830720,1806336,107024384,8431,76840,11,138,6127,10,10,138,8073,8431,0,,0
none,57,mutate,108830720,22066752,65536,130963008,4096,26570,358,108830720,1466368,107364352,8511,76980,11,158,6207,10,10,158,8153,8511,0,,0
none,57,revert,108830720,22066752,65536,130963008,4096,26570,402,108830720,1646592,107184128,8431,76840,11,138,6127,10,10,138,8073,8431,0,,0
none,57,after_maintenance,108830720,22066752,65536,130963008,4096,26570,402,108830720,1646592,107184128,8431,76840,11,138,6127,10,10,138,8073,8431,0,,0
none,58,mutate,108830720,22066752,65536,130963008,4096,26570,319,108830720,1306624,107524096,8511,76980,11,158,6207,10,10,158,8153,8511,0,,0
none,58,revert,108830720,22066752,65536,130963008,4096,26570,370,108830720,1515520,107315200,8431,76840,11,138,6127,10,10,138,8073,8431,0,,0
none,58,after_maintenance,108830720,22066752,65536,130963008,4096,26570,370,108830720,1515520,107315200,8431,76840,11,138,6127,10,10,138,8073,8431,0,,0
none,59,mutate,108830720,22066752,65536,130963008,4096,26570,353,108830720,1445888,107384832,8511,76980,11,158,6207,10,10,158,8153,8511,0,,0
none,59,revert,108830720,22066752,65536,130963008,4096,26570,400,108830720,1638400,107192320,8431,76840,11,138,6127,10,10,138,8073,8431,0,,0
none,59,after_maintenance,108830720,22066752,65536,130963008,4096,26570,400,108830720,1638400,107192320,8431,76840,11,138,6127,10,10,138,8073,8431,0,,0
none,60,mutate,108830720,22066752,65536,130963008,4096,26570,322,108830720,1318912,107511808,8511,76980,11,158,6207,10,10,158,8153,8511,0,,0
none,60,revert,108830720,22066752,65536,130963008,4096,26570,358,108830720,1466368,107364352,8431,76840,11,138,6127,10,10,138,8073,8431,0,,0
none,60,after_maintenance,108830720,22066752,65536,130963008,4096,26570,358,108830720,1466368,107364352,8431,76840,11,138,6127,10,10,138,8073,8431,0,,0
none,61,mutate,108830720,22066752,65536,130963008,4096,26570,323,108830720,1323008,107507712,8511,76980,11,158,6207,10,10,158,8153,8511,0,,0
none,61,revert,108830720,22066752,65536,130963008,4096,26570,369,108830720,1511424,107319296,8431,76840,11,138,6127,10,10,138,8073,8431,0,,0
none,61,after_maintenance,108830720,22066752,65536,130963008,4096,26570,369,108830720,1511424,107319296,8431,76840,11,138,6127,10,10,138,8073,8431,0,,0
none,62,mutate,108830720,22066752,65536,130963008,4096,26570,284,108830720,1163264,107667456,8511,76980,11,158,6207,10,10,158,8153,8511,0,,0
none,62,revert,108830720,22066752,65536,130963008,4096,26570,336,108830720,1376256,107454464,8431,76840,11,138,6127,10,10,138,8073,8431,0,,0
none,62,after_maintenance,108830720,22066752,65536,130963008,4096,26570,336,108830720,1376256,107454464,8431,76840,11,138,6127,10,10,138,8073,8431,0,,0
none,63,mutate,108830720,22066752,65536,130963008,4096,26570,244,108830720,999424,107831296,8511,76980,11,158,6207,10,10,158,8153,8511,0,,0
none,63,revert,108830720,22066752,65536,130963008,4096,26570,288,108830720,1179648,107651072,8431,76840,11,138,6127,10,10,138,8073,8431,0,,0
none,63,after_maintenance,108830720,22066752,65536,130963008,4096,26570,288,108830720,1179648,107651072,8431,76840,11,138,6127,10,10,138,8073,8431,0,,0
none,64,mutate,108830720,22066752,65536,130963008,4096,26570,278,108830720,1138688,107692032,8511,76980,11,158,6207,10,10,158,8153,8511,0,,0
none,64,revert,108830720,22066752,65536,130963008,4096,26570,337,108830720,1380352,107450368,8431,76840,11,138,6127,10,10,138,8073,8431,0,,0
none,64,after_maintenance,108830720,22066752,65536,130963008,4096,26570,337,108830720,1380352,107450368,8431,76840,11,138,6127,10,10,138,8073,8431,0,,0
none,65,mutate,108830720,22066752,65536,130963008,4096,26570,239,108830720,978944,107851776,8511,76980,11,158,6207,10,10,158,8153,8511,0,,0
none,65,revert,108830720,22066752,65536,130963008,4096,26570,286,108830720,1171456,107659264,8431,76840,11,138,6127,10,10,138,8073,8431,0,,0
none,65,after_maintenance,108830720,22066752,65536,130963008,4096,26570,286,108830720,1171456,107659264,8431,76840,11,138,6127,10,10,138,8073,8431,0,,0
none,66,mutate,108830720,22066752,65536,130963008,4096,26570,200,108830720,819200,108011520,8511,76980,11,158,6207,10,10,158,8153,8511,0,,0
none,66,revert,108830720,22066752,65536,130963008,4096,26570,253,108830720,1036288,107794432,8431,76840,11,138,6127,10,10,138,8073,8431,0,,0
none,66,after_maintenance,108830720,22066752,65536,130963008,4096,26570,253,108830720,1036288,107794432,8431,76840,11,138,6127,10,10,138,8073,8431,0,,0
none,67,mutate,108830720,22066752,65536,130963008,4096,26570,289,108830720,1183744,107646976,8511,76980,11,158,6207,10,10,158,8153,8511,0,,0
none,67,revert,108830720,22066752,65536,130963008,4096,26570,338,108830720,1384448,107446272,8431,76840,11,138,6127,10,10,138,8073,8431,0,,0
none,67,after_maintenance,108830720,22066752,65536,130963008,4096,26570,338,108830720,1384448,107446272,8431,76840,11,138,6127,10,10,138,8073,8431,0,,0
none,68,mutate,108830720,22066752,65536,130963008,4096,26570,253,108830720,1036288,107794432,8511,76980,11,158,6207,10,10,158,8153,8511,0,,0
none,68,revert,108830720,22066752,65536,130963008,4096,26570,306,108830720,1253376,107577344,8431,76840,11,138,6127,10,10,138,8073,8431,0,,0
none,68,after_maintenance,108830720,22066752,65536,130963008,4096,26570,306,108830720,1253376,107577344,8431,76840,11,138,6127,10,10,138,8073,8431,0,,0
none,69,mutate,108830720,22066752,65536,130963008,4096,26570,260,108830720,1064960,107765760,8511,76980,11,158,6207,10,10,158,8153,8511,0,,0
none,69,revert,108830720,22066752,65536,130963008,4096,26570,299,108830720,1224704,107606016,8431,76840,11,138,6127,10,10,138,8073,8431,0,,0
none,69,after_maintenance,108830720,22066752,65536,130963008,4096,26570,299,108830720,1224704,107606016,8431,76840,11,138,6127,10,10,138,8073,8431,0,,0
none,70,mutate,108830720,22066752,65536,130963008,4096,26570,218,108830720,892928,107937792,8511,76980,11,158,6207,10,10,158,8153,8511,0,,0
none,70,revert,108830720,22066752,65536,130963008,4096,26570,262,108830720,1073152,107757568,8431,76840,11,138,6127,10,10,138,8073,8431,0,,0
none,70,after_maintenance,108830720,22066752,65536,130963008,4096,26570,262,108830720,1073152,107757568,8431,76840,11,138,6127,10,10,138,8073,8431,0,,0
none,71,mutate,108830720,22066752,65536,130963008,4096,26570,181,108830720,741376,108089344,8511,76980,11,158,6207,10,10,158,8153,8511,0,,0
none,71,revert,108830720,22066752,65536,130963008,4096,26570,232,108830720,950272,107880448,8431,76840,11,138,6127,10,10,138,8073,8431,0,,0
none,71,after_maintenance,108830720,22066752,65536,130963008,4096,26570,232,108830720,950272,107880448,8431,76840,11,138,6127,10,10,138,8073,8431,0,,0
none,72,mutate,108830720,22066752,65536,130963008,4096,26570,214,108830720,876544,107954176,8511,76980,11,158,6207,10,10,158,8153,8511,0,,0
none,72,revert,108830720,22066752,65536,130963008,4096,26570,266,108830720,1089536,107741184,8431,76840,11,138,6127,10,10,138,8073,8431,0,,0
none,72,after_maintenance,108830720,22066752,65536,130963008,4096,26570,266,108830720,1089536,107741184,8431,76840,11,138,6127,10,10,138,8073,8431,0,,0
none,73,mutate,108830720,22066752,65536,130963008,4096,26570,183,108830720,749568,108081152,8511,76980,11,158,6207,10,10,158,8153,8511,0,,0
none,73,revert,108830720,22066752,65536,130963008,4096,26570,227,108830720,929792,107900928,8431,76840,11,138,6127,10,10,138,8073,8431,0,,0
none,73,after_maintenance,108830720,22066752,65536,130963008,4096,26570,227,108830720,929792,107900928,8431,76840,11,138,6127,10,10,138,8073,8431,0,,0
none,74,mutate,108830720,22066752,65536,130963008,4096,26570,137,108830720,561152,108269568,8511,76980,11,158,6207,10,10,158,8153,8511,0,,0
none,74,revert,108830720,22066752,65536,130963008,4096,26570,188,108830720,770048,108060672,8431,76840,11,138,6127,10,10,138,8073,8431,0,,0
none,74,after_maintenance,108830720,22066752,65536,130963008,4096,26570,188,108830720,770048,108060672,8431,76840,11,138,6127,10,10,138,8073,8431,0,,0
none,75,mutate,108830720,22066752,65536,130963008,4096,26570,182,108830720,745472,108085248,8511,76980,11,158,6207,10,10,158,8153,8511,0,,0
none,75,revert,108830720,22066752,65536,130963008,4096,26570,227,108830720,929792,107900928,8431,76840,11,138,6127,10,10,138,8073,8431,0,,0
none,75,after_maintenance,108830720,22066752,65536,130963008,4096,26570,227,108830720,929792,107900928,8431,76840,11,138,6127,10,10,138,8073,8431,0,,0
none,76,mutate,108830720,22066752,65536,130963008,4096,26570,146,108830720,598016,108232704,8511,76980,11,158,6207,10,10,158,8153,8511,0,,0
none,76,revert,108830720,22066752,65536,130963008,4096,26570,185,108830720,757760,108072960,8431,76840,11,138,6127,10,10,138,8073,8431,0,,0
none,76,after_maintenance,108830720,22066752,65536,130963008,4096,26570,185,108830720,757760,108072960,8431,76840,11,138,6127,10,10,138,8073,8431,0,,0
none,77,mutate,108830720,22066752,65536,130963008,4096,26570,205,108830720,839680,107991040,8511,76980,11,158,6207,10,10,158,8153,8511,0,,0
none,77,revert,108830720,22066752,65536,130963008,4096,26570,239,108830720,978944,107851776,8431,76840,11,138,6127,10,10,138,8073,8431,0,,0
none,77,after_maintenance,108830720,22066752,65536,130963008,4096,26570,239,108830720,978944,107851776,8431,76840,11,138,6127,10,10,138,8073,8431,0,,0
none,78,mutate,108830720,22066752,65536,130963008,4096,26570,157,108830720,643072,108187648,8511,76980,11,158,6207,10,10,158,8153,8511,0,,0
none,78,revert,108830720,22066752,65536,130963008,4096,26570,201,108830720,823296,108007424,8431,76840,11,138,6127,10,10,138,8073,8431,0,,0
none,78,after_maintenance,108830720,22066752,65536,130963008,4096,26570,201,108830720,823296,108007424,8431,76840,11,138,6127,10,10,138,8073,8431,0,,0
none,79,mutate,108830720,22066752,65536,130963008,4096,26570,122,108830720,499712,108331008,8511,76980,11,158,6207,10,10,158,8153,8511,0,,0
none,79,revert,108830720,22066752,65536,130963008,4096,26570,163,108830720,667648,108163072,8431,76840,11,138,6127,10,10,138,8073,8431,0,,0
none,79,after_maintenance,108830720,22066752,65536,130963008,4096,26570,163,108830720,667648,108163072,8431,76840,11,138,6127,10,10,138,8073,8431,0,,0
none,80,mutate,108830720,22066752,65536,130963008,4096,26570,154,108830720,630784,108199936,8511,76980,11,158,6207,10,10,158,8153,8511,0,,0
none,80,revert,108830720,22066752,65536,130963008,4096,26570,205,108830720,839680,107991040,8431,76840,11,138,6127,10,10,138,8073,8431,0,,0
none,80,after_maintenance,108830720,22066752,65536,130963008,4096,26570,205,108830720,839680,107991040,8431,76840,11,138,6127,10,10,138,8073,8431,0,,0
none,81,mutate,108830720,22066752,65536,130963008,4096,26570,120,108830720,491520,108339200,8511,76980,11,158,6207,10,10,158,8153,8511,0,,0
none,81,revert,108830720,22066752,65536,130963008,4096,26570,160,108830720,655360,108175360,8431,76840,11,138,6127,10,10,138,8073,8431,0,,0
none,81,after_maintenance,108830720,22066752,65536,130963008,4096,26570,160,108830720,655360,108175360,8431,76840,11,138,6127,10,10,138,8073,8431,0,,0
none,82,mutate,108830720,22066752,65536,130963008,4096,26570,80,108830720,327680,108503040,8511,76980,11,158,6207,10,10,158,8153,8511,0,,0
none,82,revert,108830720,22066752,65536,130963008,4096,26570,126,108830720,516096,108314624,8431,76840,11,138,6127,10,10,138,8073,8431,0,,0
none,82,after_maintenance,108830720,22066752,65536,130963008,4096,26570,126,108830720,516096,108314624,8431,76840,11,138,6127,10,10,138,8073,8431,0,,0
none,83,mutate,108830720,22066752,65536,130963008,4096,26570,115,108830720,471040,108359680,8511,76980,11,158,6207,10,10,158,8153,8511,0,,0
none,83,revert,108830720,22066752,65536,130963008,4096,26570,154,108830720,630784,108199936,8431,76840,11,138,6127,10,10,138,8073,8431,0,,0
none,83,after_maintenance,108830720,22066752,65536,130963008,4096,26570,154,108830720,630784,108199936,8431,76840,11,138,6127,10,10,138,8073,8431,0,,0
none,84,mutate,108830720,22066752,65536,130963008,4096,26570,77,108830720,315392,108515328,8511,76980,11,158,6207,10,10,158,8153,8511,0,,0
none,84,revert,108830720,22066752,65536,130963008,4096,26570,128,108830720,524288,108306432,8431,76840,11,138,6127,10,10,138,8073,8431,0,,0
none,84,after_maintenance,108830720,22066752,65536,130963008,4096,26570,128,108830720,524288,108306432,8431,76840,11,138,6127,10,10,138,8073,8431,0,,0
none,85,mutate,108830720,22066752,65536,130963008,4096,26570,82,108830720,335872,108494848,8511,76980,11,158,6207,10,10,158,8153,8511,0,,0
none,85,revert,108830720,22066752,65536,130963008,4096,26570,124,108830720,507904,108322816,8431,76840,11,138,6127,10,10,138,8073,8431,0,,0
none,85,after_maintenance,108830720,22066752,65536,130963008,4096,26570,124,108830720,507904,108322816,8431,76840,11,138,6127,10,10,138,8073,8431,0,,0
none,86,mutate,108830720,22066752,65536,130963008,4096,26570,45,108830720,184320,108646400,8511,76980,11,158,6207,10,10,158,8153,8511,0,,0
none,86,revert,108830720,22066752,65536,130963008,4096,26570,87,108830720,356352,108474368,8431,76840,11,138,6127,10,10,138,8073,8431,0,,0
none,86,after_maintenance,108830720,22066752,65536,130963008,4096,26570,87,108830720,356352,108474368,8431,76840,11,138,6127,10,10,138,8073,8431,0,,0
none,87,mutate,108830720,22066752,65536,130963008,4096,26570,2,108830720,8192,108822528,8511,76980,11,158,6207,10,10,158,8153,8511,0,,0
none,87,revert,108830720,22066752,65536,130963008,4096,26570,41,108830720,167936,108662784,8431,76840,11,138,6127,10,10,138,8073,8431,0,,0
none,87,after_maintenance,108830720,22066752,65536,130963008,4096,26570,41,108830720,167936,108662784,8431,76840,11,138,6127,10,10,138,8073,8431,0,,0
none,88,mutate,109125632,22066752,65536,131257920,4096,26642,183,109125632,749568,108376064,8511,76980,11,158,6207,10,10,158,8153,8511,0,,0
none,88,revert,109125632,22066752,65536,131257920,4096,26642,236,109125632,966656,108158976,8431,76840,11,138,6127,10,10,138,8073,8431,0,,0
none,88,after_maintenance,109125632,22066752,65536,131257920,4096,26642,236,109125632,966656,108158976,8431,76840,11,138,6127,10,10,138,8073,8431,0,,0
none,89,mutate,109125632,22066752,65536,131257920,4096,26642,140,109125632,573440,108552192,8511,76980,11,158,6207,10,10,158,8153,8511,0,,0
none,89,revert,109367296,22066752,65536,131499584,4096,26701,285,109367296,1167360,108199936,8431,76840,11,138,6127,10,10,138,8073,8431,0,,0
none,89,after_maintenance,109367296,22066752,65536,131499584,4096,26701,285,109367296,1167360,108199936,8431,76840,11,138,6127,10,10,138,8073,8431,0,,0
none,90,mutate,109367296,22066752,65536,131499584,4096,26701,197,109367296,806912,108560384,8511,76980,11,158,6207,10,10,158,8153,8511,0,,0
none,90,revert,109367296,22066752,65536,131499584,4096,26701,243,109367296,995328,108371968,8431,76840,11,138,6127,10,10,138,8073,8431,0,,0
none,90,after_maintenance,109367296,22066752,65536,131499584,4096,26701,243,109367296,995328,108371968,8431,76840,11,138,6127,10,10,138,8073,8431,0,,0
none,91,mutate,109367296,22066752,65536,131499584,4096,26701,231,109367296,946176,108421120,8511,76980,11,158,6207,10,10,158,8153,8511,0,,0
none,91,revert,109367296,22066752,65536,131499584,4096,26701,278,109367296,1138688,108228608,8431,76840,11,138,6127,10,10,138,8073,8431,0,,0
none,91,after_maintenance,109367296,22066752,65536,131499584,4096,26701,278,109367296,1138688,108228608,8431,76840,11,138,6127,10,10,138,8073,8431,0,,0
none,92,mutate,109367296,22066752,65536,131499584,4096,26701,195,109367296,798720,108568576,8511,76980,11,158,6207,10,10,158,8153,8511,0,,0
none,92,revert,109367296,22066752,65536,131499584,4096,26701,241,109367296,987136,108380160,8431,76840,11,138,6127,10,10,138,8073,8431,0,,0
none,92,after_maintenance,109367296,22066752,65536,131499584,4096,26701,241,109367296,987136,108380160,8431,76840,11,138,6127,10,10,138,8073,8431,0,,0
none,93,mutate,109367296,22066752,65536,131499584,4096,26701,193,109367296,790528,108576768,8511,76980,11,158,6207,10,10,158,8153,8511,0,,0
none,93,revert,109367296,22066752,65536,131499584,4096,26701,243,109367296,995328,108371968,8431,76840,11,138,6127,10,10,138,8073,8431,0,,0
none,93,after_maintenance,109367296,22066752,65536,131499584,4096,26701,243,109367296,995328,108371968,8431,76840,11,138,6127,10,10,138,8073,8431,0,,0
none,94,mutate,109367296,22066752,65536,131499584,4096,26701,164,109367296,671744,108695552,8511,76980,11,158,6207,10,10,158,8153,8511,0,,0
none,94,revert,109367296,22066752,65536,131499584,4096,26701,209,109367296,856064,108511232,8431,76840,11,138,6127,10,10,138,8073,8431,0,,0
none,94,after_maintenance,109367296,22066752,65536,131499584,4096,26701,209,109367296,856064,108511232,8431,76840,11,138,6127,10,10,138,8073,8431,0,,0
none,95,mutate,109367296,22066752,65536,131499584,4096,26701,124,109367296,507904,108859392,8511,76980,11,158,6207,10,10,158,8153,8511,0,,0
none,95,revert,109367296,22066752,65536,131499584,4096,26701,165,109367296,675840,108691456,8431,76840,11,138,6127,10,10,138,8073,8431,0,,0
none,95,after_maintenance,109367296,22066752,65536,131499584,4096,26701,165,109367296,675840,108691456,8431,76840,11,138,6127,10,10,138,8073,8431,0,,0
none,96,mutate,109367296,22066752,65536,131499584,4096,26701,162,109367296,663552,108703744,8511,76980,11,158,6207,10,10,158,8153,8511,0,,0
none,96,revert,109367296,22066752,65536,131499584,4096,26701,214,109367296,876544,108490752,8431,76840,11,138,6127,10,10,138,8073,8431,0,,0
none,96,after_maintenance,109367296,22066752,65536,131499584,4096,26701,214,109367296,876544,108490752,8431,76840,11,138,6127,10,10,138,8073,8431,0,,0
none,97,mutate,109367296,22066752,65536,131499584,4096,26701,123,109367296,503808,108863488,8511,76980,11,158,6207,10,10,158,8153,8511,0,,0
none,97,revert,109367296,22066752,65536,131499584,4096,26701,166,109367296,679936,108687360,8431,76840,11,138,6127,10,10,138,8073,8431,0,,0
none,97,after_maintenance,109367296,22066752,65536,131499584,4096,26701,166,109367296,679936,108687360,8431,76840,11,138,6127,10,10,138,8073,8431,0,,0
none,98,mutate,109367296,22066752,65536,131499584,4096,26701,83,109367296,339968,109027328,8511,76980,11,158,6207,10,10,158,8153,8511,0,,0
none,98,revert,109367296,22066752,65536,131499584,4096,26701,129,109367296,528384,108838912,8431,76840,11,138,6127,10,10,138,8073,8431,0,,0
none,98,after_maintenance,109367296,22066752,65536,131499584,4096,26701,129,109367296,528384,108838912,8431,76840,11,138,6127,10,10,138,8073,8431,0,,0
none,99,mutate,109367296,22066752,65536,131499584,4096,26701,170,109367296,696320,108670976,8511,76980,11,158,6207,10,10,158,8153,8511,0,,0
none,99,revert,109367296,22066752,65536,131499584,4096,26701,222,109367296,909312,108457984,8431,76840,11,138,6127,10,10,138,8073,8431,0,,0
none,99,after_maintenance,109367296,22066752,65536,131499584,4096,26701,222,109367296,909312,108457984,8431,76840,11,138,6127,10,10,138,8073,8431,0,,0
none,100,mutate,109367296,22066752,65536,131499584,4096,26701,134,109367296,548864,108818432,8511,76980,11,158,6207,10,10,158,8153,8511,0,,0
none,100,revert,109367296,22066752,65536,131499584,4096,26701,179,109367296,733184,108634112,8431,76840,11,138,6127,10,10,138,8073,8431,0,,0
none,100,after_maintenance,109367296,22066752,65536,131499584,4096,26701,179,109367296,733184,108634112,8431,76840,11,138,6127,10,10,138,8073,8431,0,,0
checkpoint,0,cold,104656896,22066752,65536,126789184,4096,25932,0,106217472,0,106217472,8431,76840,11,138,6127,10,10,138,8073,8431,0,,0
checkpoint,1,mutate,106815488,22066752,65536,128947776,4096,26082,0,106831872,0,106831872,8511,76980,11,158,6207,10,10,158,8153,8511,0,,0
checkpoint,1,revert,106831872,22066752,65536,128964160,4096,26082,56,106831872,229376,106602496,8431,76840,11,138,6127,10,10,138,8073,8431,0,,0
checkpoint,1,after_maintenance,106831872,22066752,65536,128964160,4096,26082,56,106831872,229376,106602496,8431,76840,11,138,6127,10,10,138,8073,8431,0,,0
checkpoint,2,mutate,106962944,22066752,65536,129095232,4096,26119,0,106983424,0,106983424,8511,76980,11,158,6207,10,10,158,8153,8511,0,,0
checkpoint,2,revert,106983424,22066752,65536,129115712,4096,26119,51,106983424,208896,106774528,8431,76840,11,138,6127,10,10,138,8073,8431,0,,0
checkpoint,2,after_maintenance,106983424,22066752,65536,129115712,4096,26119,51,106983424,208896,106774528,8431,76840,11,138,6127,10,10,138,8073,8431,0,,0
checkpoint,3,mutate,107409408,22066752,65536,129541696,4096,26223,92,107409408,376832,107032576,8511,76980,11,158,6207,10,10,158,8153,8511,0,,0
checkpoint,3,revert,107409408,22066752,65536,129541696,4096,26223,129,107409408,528384,106881024,8431,76840,11,138,6127,10,10,138,8073,8431,0,,0
checkpoint,3,after_maintenance,107409408,22066752,65536,129541696,4096,26223,129,107409408,528384,106881024,8431,76840,11,138,6127,10,10,138,8073,8431,0,,0
checkpoint,4,mutate,107409408,22066752,65536,129541696,4096,26223,48,107409408,196608,107212800,8511,76980,11,158,6207,10,10,158,8153,8511,0,,0
checkpoint,4,revert,107630592,22066752,65536,129762880,4096,26277,184,107630592,753664,106876928,8431,76840,11,138,6127,10,10,138,8073,8431,0,,0
checkpoint,4,after_maintenance,107630592,22066752,65536,129762880,4096,26277,184,107630592,753664,106876928,8431,76840,11,138,6127,10,10,138,8073,8431,0,,0
checkpoint,5,mutate,107630592,22066752,65536,129762880,4096,26277,104,107630592,425984,107204608,8511,76980,11,158,6207,10,10,158,8153,8511,0,,0
checkpoint,5,revert,107630592,22066752,65536,129762880,4096,26277,151,107630592,618496,107012096,8431,76840,11,138,6127,10,10,138,8073,8431,0,,0
checkpoint,5,after_maintenance,107630592,22066752,65536,129762880,4096,26277,151,107630592,618496,107012096,8431,76840,11,138,6127,10,10,138,8073,8431,0,,0
checkpoint,6,mutate,107880448,22066752,65536,130012736,4096,26338,155,107880448,634880,107245568,8511,76980,11,158,6207,10,10,158,8153,8511,0,,0
checkpoint,6,revert,107880448,22066752,65536,130012736,4096,26338,196,107880448,802816,107077632,8431,76840,11,138,6127,10,10,138,8073,8431,0,,0
checkpoint,6,after_maintenance,107880448,22066752,65536,130012736,4096,26338,196,107880448,802816,107077632,8431,76840,11,138,6127,10,10,138,8073,8431,0,,0
checkpoint,7,mutate,107880448,22066752,65536,130012736,4096,26338,113,107880448,462848,107417600,8511,76980,11,158,6207,10,10,158,8153,8511,0,,0
checkpoint,7,revert,107880448,22066752,65536,130012736,4096,26338,151,107880448,618496,107261952,8431,76840,11,138,6127,10,10,138,8073,8431,0,,0
checkpoint,7,after_maintenance,107880448,22066752,65536,130012736,4096,26338,151,107880448,618496,107261952,8431,76840,11,138,6127,10,10,138,8073,8431,0,,0
checkpoint,8,mutate,107880448,22066752,65536,130012736,4096,26338,217,107880448,888832,106991616,8511,76980,11,158,6207,10,10,158,8153,8511,0,,0
checkpoint,8,revert,107880448,22066752,65536,130012736,4096,26338,264,107880448,1081344,106799104,8431,76840,11,138,6127,10,10,138,8073,8431,0,,0
checkpoint,8,after_maintenance,107880448,22066752,65536,130012736,4096,26338,264,107880448,1081344,106799104,8431,76840,11,138,6127,10,10,138,8073,8431,0,,0
checkpoint,9,mutate,107880448,22066752,65536,130012736,4096,26338,173,107880448,708608,107171840,8511,76980,11,158,6207,10,10,158,8153,8511,0,,0
checkpoint,9,revert,107880448,22066752,65536,130012736,4096,26338,218,107880448,892928,106987520,8431,76840,11,138,6127,10,10,138,8073,8431,0,,0
checkpoint,9,after_maintenance,107880448,22066752,65536,130012736,4096,26338,218,107880448,892928,106987520,8431,76840,11,138,6127,10,10,138,8073,8431,0,,0
checkpoint,10,mutate,107880448,22066752,65536,130012736,4096,26338,142,107880448,581632,107298816,8511,76980,11,158,6207,10,10,158,8153,8511,0,,0
checkpoint,10,revert,107880448,22066752,65536,130012736,4096,26338,187,107880448,765952,107114496,8431,76840,11,138,6127,10,10,138,8073,8431,0,,0
checkpoint,10,after_maintenance,107880448,0,65536,107945984,4096,26338,187,107880448,765952,107114496,8431,76840,11,138,6127,10,10,138,8073,8431,0,,0
checkpoint,11,mutate,107880448,9405992,65536,117351976,4096,26338,171,107880448,700416,107180032,8511,76980,11,158,6207,10,10,158,8153,8511,0,,0
checkpoint,11,revert,107880448,9405992,65536,117351976,4096,26338,225,107880448,921600,106958848,8431,76840,11,138,6127,10,10,138,8073,8431,0,,0
checkpoint,11,after_maintenance,107880448,9405992,65536,117351976,4096,26338,225,107880448,921600,106958848,8431,76840,11,138,6127,10,10,138,8073,8431,0,,0
checkpoint,12,mutate,107880448,9405992,65536,117351976,4096,26338,127,107880448,520192,107360256,8511,76980,11,158,6207,10,10,158,8153,8511,0,,0
checkpoint,12,revert,107880448,9405992,65536,117351976,4096,26338,187,107880448,765952,107114496,8431,76840,11,138,6127,10,10,138,8073,8431,0,,0
checkpoint,12,after_maintenance,107880448,9405992,65536,117351976,4096,26338,187,107880448,765952,107114496,8431,76840,11,138,6127,10,10,138,8073,8431,0,,0
checkpoint,13,mutate,107880448,9405992,65536,117351976,4096,26338,184,107880448,753664,107126784,8511,76980,11,158,6207,10,10,158,8153,8511,0,,0
checkpoint,13,revert,107880448,9405992,65536,117351976,4096,26338,227,107880448,929792,106950656,8431,76840,11,138,6127,10,10,138,8073,8431,0,,0
checkpoint,13,after_maintenance,107880448,9405992,65536,117351976,4096,26338,227,107880448,929792,106950656,8431,76840,11,138,6127,10,10,138,8073,8431,0,,0
checkpoint,14,mutate,107880448,9405992,65536,117351976,4096,26338,140,107880448,573440,107307008,8511,76980,11,158,6207,10,10,158,8153,8511,0,,0
checkpoint,14,revert,107913216,9405992,65536,117384744,4096,26346,269,107913216,1101824,106811392,8431,76840,11,138,6127,10,10,138,8073,8431,0,,0
checkpoint,14,after_maintenance,107913216,9405992,65536,117384744,4096,26346,269,107913216,1101824,106811392,8431,76840,11,138,6127,10,10,138,8073,8431,0,,0
checkpoint,15,mutate,107913216,9405992,65536,117384744,4096,26346,181,107913216,741376,107171840,8511,76980,11,158,6207,10,10,158,8153,8511,0,,0
checkpoint,15,revert,107913216,9405992,65536,117384744,4096,26346,224,107913216,917504,106995712,8431,76840,11,138,6127,10,10,138,8073,8431,0,,0
checkpoint,15,after_maintenance,107913216,9405992,65536,117384744,4096,26346,224,107913216,917504,106995712,8431,76840,11,138,6127,10,10,138,8073,8431,0,,0
checkpoint,16,mutate,107913216,9405992,65536,117384744,4096,26346,249,107913216,1019904,106893312,8511,76980,11,158,6207,10,10,158,8153,8511,0,,0
checkpoint,16,revert,107913216,9405992,65536,117384744,4096,26346,285,107913216,1167360,106745856,8431,76840,11,138,6127,10,10,138,8073,8431,0,,0
checkpoint,16,after_maintenance,107913216,9405992,65536,117384744,4096,26346,285,107913216,1167360,106745856,8431,76840,11,138,6127,10,10,138,8073,8431,0,,0
checkpoint,17,mutate,107913216,9405992,65536,117384744,4096,26346,193,107913216,790528,107122688,8511,76980,11,158,6207,10,10,158,8153,8511,0,,0
checkpoint,17,revert,107913216,9405992,65536,117384744,4096,26346,241,107913216,987136,106926080,8431,76840,11,138,6127,10,10,138,8073,8431,0,,0
checkpoint,17,after_maintenance,107913216,9405992,65536,117384744,4096,26346,241,107913216,987136,106926080,8431,76840,11,138,6127,10,10,138,8073,8431,0,,0
checkpoint,18,mutate,107913216,9405992,65536,117384744,4096,26346,153,107913216,626688,107286528,8511,76980,11,158,6207,10,10,158,8153,8511,0,,0
checkpoint,18,revert,107913216,9405992,65536,117384744,4096,26346,206,107913216,843776,107069440,8431,76840,11,138,6127,10,10,138,8073,8431,0,,0
checkpoint,18,after_maintenance,107913216,9405992,65536,117384744,4096,26346,206,107913216,843776,107069440,8431,76840,11,138,6127,10,10,138,8073,8431,0,,0
checkpoint,19,mutate,107913216,9405992,65536,117384744,4096,26346,199,107913216,815104,107098112,8511,76980,11,158,6207,10,10,158,8153,8511,0,,0
checkpoint,19,revert,107913216,9405992,65536,117384744,4096,26346,241,107913216,987136,106926080,8431,76840,11,138,6127,10,10,138,8073,8431,0,,0
checkpoint,19,after_maintenance,107913216,9405992,65536,117384744,4096,26346,241,107913216,987136,106926080,8431,76840,11,138,6127,10,10,138,8073,8431,0,,0
checkpoint,20,mutate,107913216,9405992,65536,117384744,4096,26346,159,107913216,651264,107261952,8511,76980,11,158,6207,10,10,158,8153,8511,0,,0
checkpoint,20,revert,107913216,9405992,65536,117384744,4096,26346,205,107913216,839680,107073536,8431,76840,11,138,6127,10,10,138,8073,8431,0,,0
checkpoint,20,after_maintenance,107913216,0,65536,107978752,4096,26346,205,107913216,839680,107073536,8431,76840,11,138,6127,10,10,138,8073,8431,0,,0
checkpoint,21,mutate,107913216,6464312,65536,114443064,4096,26346,165,107913216,675840,107237376,8511,76980,11,158,6207,10,10,158,8153,8511,0,,0
checkpoint,21,revert,107913216,9092872,65536,117071624,4096,26346,209,107913216,856064,107057152,8431,76840,11,138,6127,10,10,138,8073,8431,0,,0
checkpoint,21,after_maintenance,107913216,9092872,65536,117071624,4096,26346,209,107913216,856064,107057152,8431,76840,11,138,6127,10,10,138,8073,8431,0,,0
checkpoint,22,mutate,107913216,9249432,65536,117228184,4096,26346,123,107913216,503808,107409408,8511,76980,11,158,6207,10,10,158,8153,8511,0,,0
checkpoint,22,revert,107913216,9249432,65536,117228184,4096,26346,171,107913216,700416,107212800,8431,76840,11,138,6127,10,10,138,8073,8431,0,,0
checkpoint,22,after_maintenance,107913216,9249432,65536,117228184,4096,26346,171,107913216,700416,107212800,8431,76840,11,138,6127,10,10,138,8073,8431,0,,0
checkpoint,23,mutate,107913216,9249432,65536,117228184,4096,26346,76,107913216,311296,107601920,8511,76980,11,158,6207,10,10,158,8153,8511,0,,0
checkpoint,23,revert,107913216,9249432,65536,117228184,4096,26346,124,107913216,507904,107405312,8431,76840,11,138,6127,10,10,138,8073,8431,0,,0
checkpoint,23,after_maintenance,107913216,9249432,65536,117228184,4096,26346,124,107913216,507904,107405312,8431,76840,11,138,6127,10,10,138,8073,8431,0,,0
checkpoint,24,mutate,107913216,9249432,65536,117228184,4096,26346,177,107913216,724992,107188224,8511,76980,11,158,6207,10,10,158,8153,8511,0,,0
checkpoint,24,revert,107913216,9249432,65536,117228184,4096,26346,225,107913216,921600,106991616,8431,76840,11,138,6127,10,10,138,8073,8431,0,,0
checkpoint,24,after_maintenance,107913216,9249432,65536,117228184,4096,26346,225,107913216,921600,106991616,8431,76840,11,138,6127,10,10,138,8073,8431,0,,0
checkpoint,25,mutate,107913216,9249432,65536,117228184,4096,26346,137,107913216,561152,107352064,8511,76980,11,158,6207,10,10,158,8153,8511,0,,0
checkpoint,25,revert,107913216,9249432,65536,117228184,4096,26346,176,107913216,720896,107192320,8431,76840,11,138,6127,10,10,138,8073,8431,0,,0
checkpoint,25,after_maintenance,107913216,9249432,65536,117228184,4096,26346,176,107913216,720896,107192320,8431,76840,11,138,6127,10,10,138,8073,8431,0,,0
checkpoint,26,mutate,107913216,9249432,65536,117228184,4096,26346,96,107913216,393216,107520000,8511,76980,11,158,6207,10,10,158,8153,8511,0,,0
checkpoint,26,revert,107913216,9249432,65536,117228184,4096,26346,147,107913216,602112,107311104,8431,76840,11,138,6127,10,10,138,8073,8431,0,,0
checkpoint,26,after_maintenance,107913216,9249432,65536,117228184,4096,26346,147,107913216,602112,107311104,8431,76840,11,138,6127,10,10,138,8073,8431,0,,0
checkpoint,27,mutate,107913216,9348312,65536,117327064,4096,26346,134,107913216,548864,107364352,8511,76980,11,158,6207,10,10,158,8153,8511,0,,0
checkpoint,27,revert,107913216,9348312,65536,117327064,4096,26346,176,107913216,720896,107192320,8431,76840,11,138,6127,10,10,138,8073,8431,0,,0
checkpoint,27,after_maintenance,107913216,9348312,65536,117327064,4096,26346,176,107913216,720896,107192320,8431,76840,11,138,6127,10,10,138,8073,8431,0,,0
checkpoint,28,mutate,107913216,9348312,65536,117327064,4096,26346,97,107913216,397312,107515904,8511,76980,11,158,6207,10,10,158,8153,8511,0,,0
checkpoint,28,revert,107913216,9348312,65536,117327064,4096,26346,144,107913216,589824,107323392,8431,76840,11,138,6127,10,10,138,8073,8431,0,,0
checkpoint,28,after_maintenance,107913216,9348312,65536,117327064,4096,26346,144,107913216,589824,107323392,8431,76840,11,138,6127,10,10,138,8073,8431,0,,0
checkpoint,29,mutate,107913216,9348312,65536,117327064,4096,26346,96,107913216,393216,107520000,8511,76980,11,158,6207,10,10,158,8153,8511,0,,0
checkpoint,29,revert,107913216,9348312,65536,117327064,4096,26346,146,107913216,598016,107315200,8431,76840,11,138,6127,10,10,138,8073,8431,0,,0
checkpoint,29,after_maintenance,107913216,9348312,65536,117327064,4096,26346,146,107913216,598016,107315200,8431,76840,11,138,6127,10,10,138,8073,8431,0,,0
checkpoint,30,mutate,107913216,9348312,65536,117327064,4096,26346,62,107913216,253952,107659264,8511,76980,11,158,6207,10,10,158,8153,8511,0,,0
checkpoint,30,revert,107913216,9348312,65536,117327064,4096,26346,119,107913216,487424,107425792,8431,76840,11,138,6127,10,10,138,8073,8431,0,,0
checkpoint,30,after_maintenance,107913216,0,65536,107978752,4096,26346,119,107913216,487424,107425792,8431,76840,11,138,6127,10,10,138,8073,8431,0,,0
checkpoint,31,mutate,107913216,6315992,65536,114294744,4096,26346,28,107913216,114688,107798528,8511,76980,11,158,6207,10,10,158,8153,8511,0,,0
checkpoint,31,revert,107913216,9101112,65536,117079864,4096,26346,69,107913216,282624,107630592,8431,76840,11,138,6127,10,10,138,8073,8431,0,,0
checkpoint,31,after_maintenance,107913216,9101112,65536,117079864,4096,26346,69,107913216,282624,107630592,8431,76840,11,138,6127,10,10,138,8073,8431,0,,0
checkpoint,32,mutate,108122112,9463672,65536,117651320,4096,26397,113,108122112,462848,107659264,8511,76980,11,158,6207,10,10,158,8153,8511,0,,0
checkpoint,32,revert,108122112,9463672,65536,117651320,4096,26397,161,108122112,659456,107462656,8431,76840,11,138,6127,10,10,138,8073,8431,0,,0
checkpoint,32,after_maintenance,108122112,9463672,65536,117651320,4096,26397,161,108122112,659456,107462656,8431,76840,11,138,6127,10,10,138,8073,8431,0,,0
checkpoint,33,mutate,108122112,9463672,65536,117651320,4096,26397,70,108122112,286720,107835392,8511,76980,11,158,6207,10,10,158,8153,8511,0,,0
checkpoint,33,revert,108122112,9463672,65536,117651320,4096,26397,116,108122112,475136,107646976,8431,76840,11,138,6127,10,10,138,8073,8431,0,,0
checkpoint,33,after_maintenance,108122112,9463672,65536,117651320,4096,26397,116,108122112,475136,107646976,8431,76840,11,138,6127,10,10,138,8073,8431,0,,0
checkpoint,34,mutate,108122112,9463672,65536,117651320,4096,26397,34,108122112,139264,107982848,8511,76980,11,158,6207,10,10,158,8153,8511,0,,0
checkpoint,34,revert,108122112,9463672,65536,117651320,4096,26397,79,108122112,323584,107798528,8431,76840,11,138,6127,10,10,138,8073,8431,0,,0
checkpoint,34,after_maintenance,108122112,9463672,65536,117651320,4096,26397,79,108122112,323584,107798528,8431,76840,11,138,6127,10,10,138,8073,8431,0,,0
checkpoint,35,mutate,108318720,9463672,65536,117847928,4096,26445,167,108318720,684032,107634688,8511,76980,11,158,6207,10,10,158,8153,8511,0,,0
checkpoint,35,revert,108318720,9463672,65536,117847928,4096,26445,214,108318720,876544,107442176,8431,76840,11,138,6127,10,10,138,8073,8431,0,,0
checkpoint,35,after_maintenance,108318720,9463672,65536,117847928,4096,26445,214,108318720,876544,107442176,8431,76840,11,138,6127,10,10,138,8073,8431,0,,0
checkpoint,36,mutate,108318720,9463672,65536,117847928,4096,26445,133,108318720,544768,107773952,8511,76980,11,158,6207,10,10,158,8153,8511,0,,0
checkpoint,36,revert,108318720,9463672,65536,117847928,4096,26445,182,108318720,745472,107573248,8431,76840,11,138,6127,10,10,138,8073,8431,0,,0
checkpoint,36,after_maintenance,108318720,9463672,65536,117847928,4096,26445,182,108318720,745472,107573248,8431,76840,11,138,6127,10,10,138,8073,8431,0,,0
checkpoint,37,mutate,108318720,9463672,65536,117847928,4096,26445,142,108318720,581632,107737088,8511,76980,11,158,6207,10,10,158,8153,8511,0,,0
checkpoint,37,revert,108318720,9463672,65536,117847928,4096,26445,188,108318720,770048,107548672,8431,76840,11,138,6127,10,10,138,8073,8431,0,,0
checkpoint,37,after_maintenance,108318720,9463672,65536,117847928,4096,26445,188,108318720,770048,107548672,8431,76840,11,138,6127,10,10,138,8073,8431,0,,0
checkpoint,38,mutate,108318720,9463672,65536,117847928,4096,26445,96,108318720,393216,107925504,8511,76980,11,158,6207,10,10,158,8153,8511,0,,0
checkpoint,38,revert,108318720,9463672,65536,117847928,4096,26445,147,108318720,602112,107716608,8431,76840,11,138,6127,10,10,138,8073,8431,0,,0
checkpoint,38,after_maintenance,108318720,9463672,65536,117847928,4096,26445,147,108318720,602112,107716608,8431,76840,11,138,6127,10,10,138,8073,8431,0,,0
checkpoint,39,mutate,108318720,9463672,65536,117847928,4096,26445,59,108318720,241664,108077056,8511,76980,11,158,6207,10,10,158,8153,8511,0,,0
checkpoint,39,revert,108318720,9463672,65536,117847928,4096,26445,107,108318720,438272,107880448,8431,76840,11,138,6127,10,10,138,8073,8431,0,,0
checkpoint,39,after_maintenance,108318720,9463672,65536,117847928,4096,26445,107,108318720,438272,107880448,8431,76840,11,138,6127,10,10,138,8073,8431,0,,0
checkpoint,40,mutate,108417024,9463672,65536,117946232,4096,26469,114,108417024,466944,107950080,8511,76980,11,158,6207,10,10,158,8153,8511,0,,0
checkpoint,40,revert,108417024,9463672,65536,117946232,4096,26469,165,108417024,675840,107741184,8431,76840,11,138,6127,10,10,138,8073,8431,0,,0
checkpoint,40,after_maintenance,108417024,0,65536,108482560,4096,26469,165,108417024,675840,107741184,8431,76840,11,138,6127,10,10,138,8073,8431,0,,0
checkpoint,41,mutate,108417024,6332472,65536,114815032,4096,26469,84,108417024,344064,108072960,8511,76980,11,158,6207,10,10,158,8153,8511,0,,0
checkpoint,41,revert,108417024,9101112,65536,117583672,4096,26469,122,108417024,499712,107917312,8431,76840,11,138,6127,10,10,138,8073,8431,0,,0
checkpoint,41,after_maintenance,108417024,9101112,65536,117583672,4096,26469,122,108417024,499712,107917312,8431,76840,11,138,6127,10,10,138,8073,8431,0,,0
checkpoint,42,mutate,108417024,9257672,65536,117740232,4096,26469,35,108417024,143360,108273664,8511,76980,11,158,6207,10,10,158,8153,8511,0,,0
checkpoint,42,revert,108417024,9257672,65536,117740232,4096,26469,80,108417024,327680,108089344,8431,76840,11,138,6127,10,10,138,8073,8431,0,,0
checkpoint,42,after_maintenance,108417024,9257672,65536,117740232,4096,26469,80,108417024,327680,108089344,8431,76840,11,138,6127,10,10,138,8073,8431,0,,0
checkpoint,43,mutate,108531712,9381272,65536,117978520,4096,26497,113,108531712,462848,108068864,8511,76980,11,158,6207,10,10,158,8153,8511,0,,0
checkpoint,43,revert,108531712,9381272,65536,117978520,4096,26497,150,108531712,614400,107917312,8431,76840,11,138,6127,10,10,138,8073,8431,0,,0
checkpoint,43,after_maintenance,108531712,9381272,65536,117978520,4096,26497,150,108531712,614400,107917312,8431,76840,11,138,6127,10,10,138,8073,8431,0,,0
checkpoint,44,mutate,108531712,9381272,65536,117978520,4096,26497,69,108531712,282624,108249088,8511,76980,11,158,6207,10,10,158,8153,8511,0,,0
checkpoint,44,revert,108531712,9381272,65536,117978520,4096,26497,114,108531712,466944,108064768,8431,76840,11,138,6127,10,10,138,8073,8431,0,,0
checkpoint,44,after_maintenance,108531712,9381272,65536,117978520,4096,26497,114,108531712,466944,108064768,8431,76840,11,138,6127,10,10,138,8073,8431,0,,0
checkpoint,45,mutate,108572672,9381272,65536,118019480,4096,26507,213,108572672,872448,107700224,8511,76980,11,158,6207,10,10,158,8153,8511,0,,0
checkpoint,45,revert,108572672,9381272,65536,118019480,4096,26507,251,108572672,1028096,107544576,8431,76840,11,138,6127,10,10,138,8073,8431,0,,0
checkpoint,45,after_maintenance,108572672,9381272,65536,118019480,4096,26507,251,108572672,1028096,107544576,8431,76840,11,138,6127,10,10,138,8073,8431,0,,0
checkpoint,46,mutate,108572672,9381272,65536,118019480,4096,26507,171,108572672,700416,107872256,8511,76980,11,158,6207,10,10,158,8153,8511,0,,0
checkpoint,46,revert,108830720,9381272,65536,118277528,4096,26570,493,108830720,2019328,106811392,8431,76840,11,138,6127,10,10,138,8073,8431,0,,0
checkpoint,46,after_maintenance,108830720,9381272,65536,118277528,4096,26570,493,108830720,2019328,106811392,8431,76840,11,138,6127,10,10,138,8073,8431,0,,0
checkpoint,47,mutate,108830720,9381272,65536,118277528,4096,26570,392,108830720,1605632,107225088,8511,76980,11,158,6207,10,10,158,8153,8511,0,,0
checkpoint,47,revert,108830720,9381272,65536,118277528,4096,26570,447,108830720,1830912,106999808,8431,76840,11,138,6127,10,10,138,8073,8431,0,,0
checkpoint,47,after_maintenance,108830720,9381272,65536,118277528,4096,26570,447,108830720,1830912,106999808,8431,76840,11,138,6127,10,10,138,8073,8431,0,,0
checkpoint,48,mutate,108830720,9381272,65536,118277528,4096,26570,455,108830720,1863680,106967040,8511,76980,11,158,6207,10,10,158,8153,8511,0,,0
checkpoint,48,revert,108830720,9381272,65536,118277528,4096,26570,516,108830720,2113536,106717184,8431,76840,11,138,6127,10,10,138,8073,8431,0,,0
checkpoint,48,after_maintenance,108830720,9381272,65536,118277528,4096,26570,516,108830720,2113536,106717184,8431,76840,11,138,6127,10,10,138,8073,8431,0,,0
checkpoint,49,mutate,108830720,9381272,65536,118277528,4096,26570,422,108830720,1728512,107102208,8511,76980,11,158,6207,10,10,158,8153,8511,0,,0
checkpoint,49,revert,108830720,9381272,65536,118277528,4096,26570,464,108830720,1900544,106930176,8431,76840,11,138,6127,10,10,138,8073,8431,0,,0
checkpoint,49,after_maintenance,108830720,9381272,65536,118277528,4096,26570,464,108830720,1900544,106930176,8431,76840,11,138,6127,10,10,138,8073,8431,0,,0
checkpoint,50,mutate,108830720,9381272,65536,118277528,4096,26570,376,108830720,1540096,107290624,8511,76980,11,158,6207,10,10,158,8153,8511,0,,0
checkpoint,50,revert,108830720,9381272,65536,118277528,4096,26570,424,108830720,1736704,107094016,8431,76840,11,138,6127,10,10,138,8073,8431,0,,0
checkpoint,50,after_maintenance,108830720,0,65536,108896256,4096,26570,424,108830720,1736704,107094016,8431,76840,11,138,6127,10,10,138,8073,8431,0,,0
checkpoint,51,mutate,108830720,6550832,65536,115447088,4096,26570,418,108830720,1712128,107118592,8511,76980,11,158,6207,10,10,158,8153,8511,0,,0
checkpoint,51,revert,108830720,9064032,65536,117960288,4096,26570,461,108830720,1888256,106942464,8431,76840,11,138,6127,10,10,138,8073,8431,0,,0
checkpoint,51,after_maintenance,108830720,9064032,65536,117960288,4096,26570,461,108830720,1888256,106942464,8431,76840,11,138,6127,10,10,138,8073,8431,0,,0
checkpoint,52,mutate,108830720,9257672,65536,118153928,4096,26570,379,108830720,1552384,107278336,8511,76980,11,158,6207,10,10,158,8153,8511,0,,0
checkpoint,52,revert,108830720,9257672,65536,118153928,4096,26570,422,108830720,1728512,107102208,8431,76840,11,138,6127,10,10,138,8073,8431,0,,0
checkpoint,52,after_maintenance,108830720,9257672,65536,118153928,4096,26570,422,108830720,1728512,107102208,8431,76840,11,138,6127,10,10,138,8073,8431,0,,0
checkpoint,53,mutate,108830720,9364792,65536,118261048,4096,26570,384,108830720,1572864,107257856,8511,76980,11,158,6207,10,10,158,8153,8511,0,,0
checkpoint,53,revert,108830720,9364792,65536,118261048,4096,26570,434,108830720,1777664,107053056,8431,76840,11,138,6127,10,10,138,8073,8431,0,,0
checkpoint,53,after_maintenance,108830720,9364792,65536,118261048,4096,26570,434,108830720,1777664,107053056,8431,76840,11,138,6127,10,10,138,8073,8431,0,,0
checkpoint,54,mutate,108830720,9364792,65536,118261048,4096,26570,344,108830720,1409024,107421696,8511,76980,11,158,6207,10,10,158,8153,8511,0,,0
checkpoint,54,revert,108830720,9364792,65536,118261048,4096,26570,399,108830720,1634304,107196416,8431,76840,11,138,6127,10,10,138,8073,8431,0,,0
checkpoint,54,after_maintenance,108830720,9364792,65536,118261048,4096,26570,399,108830720,1634304,107196416,8431,76840,11,138,6127,10,10,138,8073,8431,0,,0
checkpoint,55,mutate,108830720,9364792,65536,118261048,4096,26570,303,108830720,1241088,107589632,8511,76980,11,158,6207,10,10,158,8153,8511,0,,0
checkpoint,55,revert,108830720,9364792,65536,118261048,4096,26570,353,108830720,1445888,107384832,8431,76840,11,138,6127,10,10,138,8073,8431,0,,0
checkpoint,55,after_maintenance,108830720,9364792,65536,118261048,4096,26570,353,108830720,1445888,107384832,8431,76840,11,138,6127,10,10,138,8073,8431,0,,0
checkpoint,56,mutate,108830720,9364792,65536,118261048,4096,26570,399,108830720,1634304,107196416,8511,76980,11,158,6207,10,10,158,8153,8511,0,,0
checkpoint,56,revert,108830720,9364792,65536,118261048,4096,26570,441,108830720,1806336,107024384,8431,76840,11,138,6127,10,10,138,8073,8431,0,,0
checkpoint,56,after_maintenance,108830720,9364792,65536,118261048,4096,26570,441,108830720,1806336,107024384,8431,76840,11,138,6127,10,10,138,8073,8431,0,,0
checkpoint,57,mutate,108830720,9364792,65536,118261048,4096,26570,358,108830720,1466368,107364352,8511,76980,11,158,6207,10,10,158,8153,8511,0,,0
checkpoint,57,revert,108830720,9364792,65536,118261048,4096,26570,402,108830720,1646592,107184128,8431,76840,11,138,6127,10,10,138,8073,8431,0,,0
checkpoint,57,after_maintenance,108830720,9364792,65536,118261048,4096,26570,402,108830720,1646592,107184128,8431,76840,11,138,6127,10,10,138,8073,8431,0,,0
checkpoint,58,mutate,108830720,9364792,65536,118261048,4096,26570,319,108830720,1306624,107524096,8511,76980,11,158,6207,10,10,158,8153,8511,0,,0
checkpoint,58,revert,108830720,9364792,65536,118261048,4096,26570,370,108830720,1515520,107315200,8431,76840,11,138,6127,10,10,138,8073,8431,0,,0
checkpoint,58,after_maintenance,108830720,9364792,65536,118261048,4096,26570,370,108830720,1515520,107315200,8431,76840,11,138,6127,10,10,138,8073,8431,0,,0
checkpoint,59,mutate,108830720,9430712,65536,118326968,4096,26570,353,108830720,1445888,107384832,8511,76980,11,158,6207,10,10,158,8153,8511,0,,0
checkpoint,59,revert,108830720,9430712,65536,118326968,4096,26570,400,108830720,1638400,107192320,8431,76840,11,138,6127,10,10,138,8073,8431,0,,0
checkpoint,59,after_maintenance,108830720,9430712,65536,118326968,4096,26570,400,108830720,1638400,107192320,8431,76840,11,138,6127,10,10,138,8073,8431,0,,0
checkpoint,60,mutate,108830720,9430712,65536,118326968,4096,26570,322,108830720,1318912,107511808,8511,76980,11,158,6207,10,10,158,8153,8511,0,,0
checkpoint,60,revert,108830720,9430712,65536,118326968,4096,26570,358,108830720,1466368,107364352,8431,76840,11,138,6127,10,10,138,8073,8431,0,,0
checkpoint,60,after_maintenance,108830720,0,65536,108896256,4096,26570,358,108830720,1466368,107364352,8431,76840,11,138,6127,10,10,138,8073,8431,0,,0
checkpoint,61,mutate,108830720,6489032,65536,115385288,4096,26570,323,108830720,1323008,107507712,8511,76980,11,158,6207,10,10,158,8153,8511,0,,0
checkpoint,61,revert,108830720,9084632,65536,117980888,4096,26570,369,108830720,1511424,107319296,8431,76840,11,138,6127,10,10,138,8073,8431,0,,0
checkpoint,61,after_maintenance,108830720,9084632,65536,117980888,4096,26570,369,108830720,1511424,107319296,8431,76840,11,138,6127,10,10,138,8073,8431,0,,0
checkpoint,62,mutate,108830720,9232952,65536,118129208,4096,26570,284,108830720,1163264,107667456,8511,76980,11,158,6207,10,10,158,8153,8511,0,,0
checkpoint,62,revert,108830720,9232952,65536,118129208,4096,26570,336,108830720,1376256,107454464,8431,76840,11,138,6127,10,10,138,8073,8431,0,,0
checkpoint,62,after_maintenance,108830720,9232952,65536,118129208,4096,26570,336,108830720,1376256,107454464,8431,76840,11,138,6127,10,10,138,8073,8431,0,,0
checkpoint,63,mutate,108830720,9232952,65536,118129208,4096,26570,244,108830720,999424,107831296,8511,76980,11,158,6207,10,10,158,8153,8511,0,,0
checkpoint,63,revert,108830720,9232952,65536,118129208,4096,26570,288,108830720,1179648,107651072,8431,76840,11,138,6127,10,10,138,8073,8431,0,,0
checkpoint,63,after_maintenance,108830720,9232952,65536,118129208,4096,26570,288,108830720,1179648,107651072,8431,76840,11,138,6127,10,10,138,8073,8431,0,,0
checkpoint,64,mutate,108830720,9459552,65536,118355808,4096,26570,278,108830720,1138688,107692032,8511,76980,11,158,6207,10,10,158,8153,8511,0,,0
checkpoint,64,revert,108830720,9459552,65536,118355808,4096,26570,337,108830720,1380352,107450368,8431,76840,11,138,6127,10,10,138,8073,8431,0,,0
checkpoint,64,after_maintenance,108830720,9459552,65536,118355808,4096,26570,337,108830720,1380352,107450368,8431,76840,11,138,6127,10,10,138,8073,8431,0,,0
checkpoint,65,mutate,108830720,9459552,65536,118355808,4096,26570,239,108830720,978944,107851776,8511,76980,11,158,6207,10,10,158,8153,8511,0,,0
checkpoint,65,revert,108830720,9459552,65536,118355808,4096,26570,286,108830720,1171456,107659264,8431,76840,11,138,6127,10,10,138,8073,8431,0,,0
checkpoint,65,after_maintenance,108830720,9459552,65536,118355808,4096,26570,286,108830720,1171456,107659264,8431,76840,11,138,6127,10,10,138,8073,8431,0,,0
checkpoint,66,mutate,108830720,9459552,65536,118355808,4096,26570,200,108830720,819200,108011520,8511,76980,11,158,6207,10,10,158,8153,8511,0,,0
checkpoint,66,revert,108830720,9459552,65536,118355808,4096,26570,253,108830720,1036288,107794432,8431,76840,11,138,6127,10,10,138,8073,8431,0,,0
checkpoint,66,after_maintenance,108830720,9459552,65536,118355808,4096,26570,253,108830720,1036288,107794432,8431,76840,11,138,6127,10,10,138,8073,8431,0,,0
checkpoint,67,mutate,108830720,9459552,65536,118355808,4096,26570,289,108830720,1183744,107646976,8511,76980,11,158,6207,10,10,158,8153,8511,0,,0
checkpoint,67,revert,108830720,9459552,65536,118355808,4096,26570,338,108830720,1384448,107446272,8431,76840,11,138,6127,10,10,138,8073,8431,0,,0
checkpoint,67,after_maintenance,108830720,9459552,65536,118355808,4096,26570,338,108830720,1384448,107446272,8431,76840,11,138,6127,10,10,138,8073,8431,0,,0
checkpoint,68,mutate,108830720,9459552,65536,118355808,4096,26570,253,108830720,1036288,107794432,8511,76980,11,158,6207,10,10,158,8153,8511,0,,0
checkpoint,68,revert,108830720,9459552,65536,118355808,4096,26570,306,108830720,1253376,107577344,8431,76840,11,138,6127,10,10,138,8073,8431,0,,0
checkpoint,68,after_maintenance,108830720,9459552,65536,118355808,4096,26570,306,108830720,1253376,107577344,8431,76840,11,138,6127,10,10,138,8073,8431,0,,0
checkpoint,69,mutate,108830720,9459552,65536,118355808,4096,26570,260,108830720,1064960,107765760,8511,76980,11,158,6207,10,10,158,8153,8511,0,,0
checkpoint,69,revert,108830720,9459552,65536,118355808,4096,26570,299,108830720,1224704,107606016,8431,76840,11,138,6127,10,10,138,8073,8431,0,,0
checkpoint,69,after_maintenance,108830720,9459552,65536,118355808,4096,26570,299,108830720,1224704,107606016,8431,76840,11,138,6127,10,10,138,8073,8431,0,,0
checkpoint,70,mutate,108830720,9459552,65536,118355808,4096,26570,218,108830720,892928,107937792,8511,76980,11,158,6207,10,10,158,8153,8511,0,,0
checkpoint,70,revert,108830720,9459552,65536,118355808,4096,26570,262,108830720,1073152,107757568,8431,76840,11,138,6127,10,10,138,8073,8431,0,,0
checkpoint,70,after_maintenance,108830720,0,65536,108896256,4096,26570,262,108830720,1073152,107757568,8431,76840,11,138,6127,10,10,138,8073,8431,0,,0
checkpoint,71,mutate,108830720,9179392,65536,118075648,4096,26570,181,108830720,741376,108089344,8511,76980,11,158,6207,10,10,158,8153,8511,0,,0
checkpoint,71,revert,108830720,9179392,65536,118075648,4096,26570,232,108830720,950272,107880448,8431,76840,11,138,6127,10,10,138,8073,8431,0,,0
checkpoint,71,after_maintenance,108830720,9179392,65536,118075648,4096,26570,232,108830720,950272,107880448,8431,76840,11,138,6127,10,10,138,8073,8431,0,,0
checkpoint,72,mutate,108830720,9463672,65536,118359928,4096,26570,214,108830720,876544,107954176,8511,76980,11,158,6207,10,10,158,8153,8511,0,,0
checkpoint,72,revert,108830720,9463672,65536,118359928,4096,26570,266,108830720,1089536,107741184,8431,76840,11,138,6127,10,10,138,8073,8431,0,,0
checkpoint,72,after_maintenance,108830720,9463672,65536,118359928,4096,26570,266,108830720,1089536,107741184,8431,76840,11,138,6127,10,10,138,8073,8431,0,,0
checkpoint,73,mutate,108830720,9463672,65536,118359928,4096,26570,183,108830720,749568,108081152,8511,76980,11,158,6207,10,10,158,8153,8511,0,,0
checkpoint,73,revert,108830720,9463672,65536,118359928,4096,26570,227,108830720,929792,107900928,8431,76840,11,138,6127,10,10,138,8073,8431,0,,0
checkpoint,73,after_maintenance,108830720,9463672,65536,118359928,4096,26570,227,108830720,929792,107900928,8431,76840,11,138,6127,10,10,138,8073,8431,0,,0
checkpoint,74,mutate,108830720,9463672,65536,118359928,4096,26570,137,108830720,561152,108269568,8511,76980,11,158,6207,10,10,158,8153,8511,0,,0
checkpoint,74,revert,108830720,9463672,65536,118359928,4096,26570,188,108830720,770048,108060672,8431,76840,11,138,6127,10,10,138,8073,8431,0,,0
checkpoint,74,after_maintenance,108830720,9463672,65536,118359928,4096,26570,188,108830720,770048,108060672,8431,76840,11,138,6127,10,10,138,8073,8431,0,,0
checkpoint,75,mutate,108830720,9463672,65536,118359928,4096,26570,182,108830720,745472,108085248,8511,76980,11,158,6207,10,10,158,8153,8511,0,,0
checkpoint,75,revert,108830720,9463672,65536,118359928,4096,26570,227,108830720,929792,107900928,8431,76840,11,138,6127,10,10,138,8073,8431,0,,0
checkpoint,75,after_maintenance,108830720,9463672,65536,118359928,4096,26570,227,108830720,929792,107900928,8431,76840,11,138,6127,10,10,138,8073,8431,0,,0
checkpoint,76,mutate,108830720,9463672,65536,118359928,4096,26570,146,108830720,598016,108232704,8511,76980,11,158,6207,10,10,158,8153,8511,0,,0
checkpoint,76,revert,108830720,9463672,65536,118359928,4096,26570,185,108830720,757760,108072960,8431,76840,11,138,6127,10,10,138,8073,8431,0,,0
checkpoint,76,after_maintenance,108830720,9463672,65536,118359928,4096,26570,185,108830720,757760,108072960,8431,76840,11,138,6127,10,10,138,8073,8431,0,,0
checkpoint,77,mutate,108830720,9463672,65536,118359928,4096,26570,205,108830720,839680,107991040,8511,76980,11,158,6207,10,10,158,8153,8511,0,,0
checkpoint,77,revert,108830720,9463672,65536,118359928,4096,26570,239,108830720,978944,107851776,8431,76840,11,138,6127,10,10,138,8073,8431,0,,0
checkpoint,77,after_maintenance,108830720,9463672,65536,118359928,4096,26570,239,108830720,978944,107851776,8431,76840,11,138,6127,10,10,138,8073,8431,0,,0
checkpoint,78,mutate,108830720,9463672,65536,118359928,4096,26570,157,108830720,643072,108187648,8511,76980,11,158,6207,10,10,158,8153,8511,0,,0
checkpoint,78,revert,108830720,9463672,65536,118359928,4096,26570,201,108830720,823296,108007424,8431,76840,11,138,6127,10,10,138,8073,8431,0,,0
checkpoint,78,after_maintenance,108830720,9463672,65536,118359928,4096,26570,201,108830720,823296,108007424,8431,76840,11,138,6127,10,10,138,8073,8431,0,,0
checkpoint,79,mutate,108830720,9463672,65536,118359928,4096,26570,122,108830720,499712,108331008,8511,76980,11,158,6207,10,10,158,8153,8511,0,,0
checkpoint,79,revert,108830720,9463672,65536,118359928,4096,26570,163,108830720,667648,108163072,8431,76840,11,138,6127,10,10,138,8073,8431,0,,0
checkpoint,79,after_maintenance,108830720,9463672,65536,118359928,4096,26570,163,108830720,667648,108163072,8431,76840,11,138,6127,10,10,138,8073,8431,0,,0
checkpoint,80,mutate,108830720,9467792,65536,118364048,4096,26570,154,108830720,630784,108199936,8511,76980,11,158,6207,10,10,158,8153,8511,0,,0
checkpoint,80,revert,108830720,9467792,65536,118364048,4096,26570,205,108830720,839680,107991040,8431,76840,11,138,6127,10,10,138,8073,8431,0,,0
checkpoint,80,after_maintenance,108830720,0,65536,108896256,4096,26570,205,108830720,839680,107991040,8431,76840,11,138,6127,10,10,138,8073,8431,0,,0
checkpoint,81,mutate,108830720,6328352,65536,115224608,4096,26570,120,108830720,491520,108339200,8511,76980,11,158,6207,10,10,158,8153,8511,0,,0
checkpoint,81,revert,108830720,9101112,65536,117997368,4096,26570,160,108830720,655360,108175360,8431,76840,11,138,6127,10,10,138,8073,8431,0,,0
checkpoint,81,after_maintenance,108830720,9101112,65536,117997368,4096,26570,160,108830720,655360,108175360,8431,76840,11,138,6127,10,10,138,8073,8431,0,,0
checkpoint,82,mutate,108830720,9282392,65536,118178648,4096,26570,80,108830720,327680,108503040,8511,76980,11,158,6207,10,10,158,8153,8511,0,,0
checkpoint,82,revert,108830720,9282392,65536,118178648,4096,26570,126,108830720,516096,108314624,8431,76840,11,138,6127,10,10,138,8073,8431,0,,0
checkpoint,82,after_maintenance,108830720,9282392,65536,118178648,4096,26570,126,108830720,516096,108314624,8431,76840,11,138,6127,10,10,138,8073,8431,0,,0
checkpoint,83,mutate,108830720,9438952,65536,118335208,4096,26570,115,108830720,471040,108359680,8511,76980,11,158,6207,10,10,158,8153,8511,0,,0
checkpoint,83,revert,108830720,9438952,65536,118335208,4096,26570,154,108830720,630784,108199936,8431,76840,11,138,6127,10,10,138,8073,8431,0,,0
checkpoint,83,after_maintenance,108830720,9438952,65536,118335208,4096,26570,154,108830720,630784,108199936,8431,76840,11,138,6127,10,10,138,8073,8431,0,,0
checkpoint,84,mutate,108830720,9438952,65536,118335208,4096,26570,77,108830720,315392,108515328,8511,76980,11,158,6207,10,10,158,8153,8511,0,,0
checkpoint,84,revert,108830720,9438952,65536,118335208,4096,26570,128,108830720,524288,108306432,8431,76840,11,138,6127,10,10,138,8073,8431,0,,0
checkpoint,84,after_maintenance,108830720,9438952,65536,118335208,4096,26570,128,108830720,524288,108306432,8431,76840,11,138,6127,10,10,138,8073,8431,0,,0
checkpoint,85,mutate,108830720,9438952,65536,118335208,4096,26570,82,108830720,335872,108494848,8511,76980,11,158,6207,10,10,158,8153,8511,0,,0
checkpoint,85,revert,108830720,9438952,65536,118335208,4096,26570,124,108830720,507904,108322816,8431,76840,11,138,6127,10,10,138,8073,8431,0,,0
checkpoint,85,after_maintenance,108830720,9438952,65536,118335208,4096,26570,124,108830720,507904,108322816,8431,76840,11,138,6127,10,10,138,8073,8431,0,,0
checkpoint,86,mutate,108830720,9438952,65536,118335208,4096,26570,45,108830720,184320,108646400,8511,76980,11,158,6207,10,10,158,8153,8511,0,,0
checkpoint,86,revert,108830720,9438952,65536,118335208,4096,26570,87,108830720,356352,108474368,8431,76840,11,138,6127,10,10,138,8073,8431,0,,0
checkpoint,86,after_maintenance,108830720,9438952,65536,118335208,4096,26570,87,108830720,356352,108474368,8431,76840,11,138,6127,10,10,138,8073,8431,0,,0
checkpoint,87,mutate,108830720,9438952,65536,118335208,4096,26570,2,108830720,8192,108822528,8511,76980,11,158,6207,10,10,158,8153,8511,0,,0
checkpoint,87,revert,108830720,9438952,65536,118335208,4096,26570,41,108830720,167936,108662784,8431,76840,11,138,6127,10,10,138,8073,8431,0,,0
checkpoint,87,after_maintenance,108830720,9438952,65536,118335208,4096,26570,41,108830720,167936,108662784,8431,76840,11,138,6127,10,10,138,8073,8431,0,,0
checkpoint,88,mutate,109125632,9438952,65536,118630120,4096,26642,183,109125632,749568,108376064,8511,76980,11,158,6207,10,10,158,8153,8511,0,,0
checkpoint,88,revert,109125632,9438952,65536,118630120,4096,26642,236,109125632,966656,108158976,8431,76840,11,138,6127,10,10,138,8073,8431,0,,0
checkpoint,88,after_maintenance,109125632,9438952,65536,118630120,4096,26642,236,109125632,966656,108158976,8431,76840,11,138,6127,10,10,138,8073,8431,0,,0
checkpoint,89,mutate,109125632,9438952,65536,118630120,4096,26642,140,109125632,573440,108552192,8511,76980,11,158,6207,10,10,158,8153,8511,0,,0
checkpoint,89,revert,109367296,9438952,65536,118871784,4096,26701,285,109367296,1167360,108199936,8431,76840,11,138,6127,10,10,138,8073,8431,0,,0
checkpoint,89,after_maintenance,109367296,9438952,65536,118871784,4096,26701,285,109367296,1167360,108199936,8431,76840,11,138,6127,10,10,138,8073,8431,0,,0
checkpoint,90,mutate,109367296,9438952,65536,118871784,4096,26701,197,109367296,806912,108560384,8511,76980,11,158,6207,10,10,158,8153,8511,0,,0
checkpoint,90,revert,109367296,9438952,65536,118871784,4096,26701,243,109367296,995328,108371968,8431,76840,11,138,6127,10,10,138,8073,8431,0,,0
checkpoint,90,after_maintenance,109367296,0,65536,109432832,4096,26701,243,109367296,995328,108371968,8431,76840,11,138,6127,10,10,138,8073,8431,0,,0
checkpoint,91,mutate,109367296,9430712,65536,118863544,4096,26701,231,109367296,946176,108421120,8511,76980,11,158,6207,10,10,158,8153,8511,0,,0
checkpoint,91,revert,109367296,9430712,65536,118863544,4096,26701,278,109367296,1138688,108228608,8431,76840,11,138,6127,10,10,138,8073,8431,0,,0
checkpoint,91,after_maintenance,109367296,9430712,65536,118863544,4096,26701,278,109367296,1138688,108228608,8431,76840,11,138,6127,10,10,138,8073,8431,0,,0
checkpoint,92,mutate,109367296,9430712,65536,118863544,4096,26701,195,109367296,798720,108568576,8511,76980,11,158,6207,10,10,158,8153,8511,0,,0
checkpoint,92,revert,109367296,9430712,65536,118863544,4096,26701,241,109367296,987136,108380160,8431,76840,11,138,6127,10,10,138,8073,8431,0,,0
checkpoint,92,after_maintenance,109367296,9430712,65536,118863544,4096,26701,241,109367296,987136,108380160,8431,76840,11,138,6127,10,10,138,8073,8431,0,,0
checkpoint,93,mutate,109367296,9430712,65536,118863544,4096,26701,193,109367296,790528,108576768,8511,76980,11,158,6207,10,10,158,8153,8511,0,,0
checkpoint,93,revert,109367296,9430712,65536,118863544,4096,26701,243,109367296,995328,108371968,8431,76840,11,138,6127,10,10,138,8073,8431,0,,0
checkpoint,93,after_maintenance,109367296,9430712,65536,118863544,4096,26701,243,109367296,995328,108371968,8431,76840,11,138,6127,10,10,138,8073,8431,0,,0
checkpoint,94,mutate,109367296,9430712,65536,118863544,4096,26701,164,109367296,671744,108695552,8511,76980,11,158,6207,10,10,158,8153,8511,0,,0
checkpoint,94,revert,109367296,9430712,65536,118863544,4096,26701,209,109367296,856064,108511232,8431,76840,11,138,6127,10,10,138,8073,8431,0,,0
checkpoint,94,after_maintenance,109367296,9430712,65536,118863544,4096,26701,209,109367296,856064,108511232,8431,76840,11,138,6127,10,10,138,8073,8431,0,,0
checkpoint,95,mutate,109367296,9430712,65536,118863544,4096,26701,124,109367296,507904,108859392,8511,76980,11,158,6207,10,10,158,8153,8511,0,,0
checkpoint,95,revert,109367296,9430712,65536,118863544,4096,26701,165,109367296,675840,108691456,8431,76840,11,138,6127,10,10,138,8073,8431,0,,0
checkpoint,95,after_maintenance,109367296,9430712,65536,118863544,4096,26701,165,109367296,675840,108691456,8431,76840,11,138,6127,10,10,138,8073,8431,0,,0
checkpoint,96,mutate,109367296,9537832,65536,118970664,4096,26701,162,109367296,663552,108703744,8511,76980,11,158,6207,10,10,158,8153,8511,0,,0
checkpoint,96,revert,109367296,9537832,65536,118970664,4096,26701,214,109367296,876544,108490752,8431,76840,11,138,6127,10,10,138,8073,8431,0,,0
checkpoint,96,after_maintenance,109367296,9537832,65536,118970664,4096,26701,214,109367296,876544,108490752,8431,76840,11,138,6127,10,10,138,8073,8431,0,,0
checkpoint,97,mutate,109367296,9537832,65536,118970664,4096,26701,123,109367296,503808,108863488,8511,76980,11,158,6207,10,10,158,8153,8511,0,,0
checkpoint,97,revert,109367296,9537832,65536,118970664,4096,26701,166,109367296,679936,108687360,8431,76840,11,138,6127,10,10,138,8073,8431,0,,0
checkpoint,97,after_maintenance,109367296,9537832,65536,118970664,4096,26701,166,109367296,679936,108687360,8431,76840,11,138,6127,10,10,138,8073,8431,0,,0
checkpoint,98,mutate,109367296,9537832,65536,118970664,4096,26701,83,109367296,339968,109027328,8511,76980,11,158,6207,10,10,158,8153,8511,0,,0
checkpoint,98,revert,109367296,9537832,65536,118970664,4096,26701,129,109367296,528384,108838912,8431,76840,11,138,6127,10,10,138,8073,8431,0,,0
checkpoint,98,after_maintenance,109367296,9537832,65536,118970664,4096,26701,129,109367296,528384,108838912,8431,76840,11,138,6127,10,10,138,8073,8431,0,,0
checkpoint,99,mutate,109367296,9537832,65536,118970664,4096,26701,170,109367296,696320,108670976,8511,76980,11,158,6207,10,10,158,8153,8511,0,,0
checkpoint,99,revert,109367296,9537832,65536,118970664,4096,26701,222,109367296,909312,108457984,8431,76840,11,138,6127,10,10,138,8073,8431,0,,0
checkpoint,99,after_maintenance,109367296,9537832,65536,118970664,4096,26701,222,109367296,909312,108457984,8431,76840,11,138,6127,10,10,138,8073,8431,0,,0
checkpoint,100,mutate,109367296,9537832,65536,118970664,4096,26701,134,109367296,548864,108818432,8511,76980,11,158,6207,10,10,158,8153,8511,0,,0
checkpoint,100,revert,109367296,9537832,65536,118970664,4096,26701,179,109367296,733184,108634112,8431,76840,11,138,6127,10,10,138,8073,8431,0,,0
checkpoint,100,after_maintenance,109367296,0,65536,109432832,4096,26701,179,109367296,733184,108634112,8431,76840,11,138,6127,10,10,138,8073,8431,0,,0
vacuum,0,cold,104656896,22066752,65536,126789184,4096,25932,0,106217472,0,106217472,8431,76840,11,138,6127,10,10,138,8073,8431,0,,0
vacuum,1,mutate,106815488,22066752,65536,128947776,4096,26082,0,106831872,0,106831872,8511,76980,11,158,6207,10,10,158,8153,8511,0,,0
vacuum,1,revert,106831872,22066752,65536,128964160,4096,26082,56,106831872,229376,106602496,8431,76840,11,138,6127,10,10,138,8073,8431,0,,0
vacuum,1,after_maintenance,106831872,22066752,65536,128964160,4096,26082,56,106831872,229376,106602496,8431,76840,11,138,6127,10,10,138,8073,8431,0,,0
vacuum,2,mutate,106962944,22066752,65536,129095232,4096,26119,0,106983424,0,106983424,8511,76980,11,158,6207,10,10,158,8153,8511,0,,0
vacuum,2,revert,106983424,22066752,65536,129115712,4096,26119,51,106983424,208896,106774528,8431,76840,11,138,6127,10,10,138,8073,8431,0,,0
vacuum,2,after_maintenance,106983424,22066752,65536,129115712,4096,26119,51,106983424,208896,106774528,8431,76840,11,138,6127,10,10,138,8073,8431,0,,0
vacuum,3,mutate,107409408,22066752,65536,129541696,4096,26223,92,107409408,376832,107032576,8511,76980,11,158,6207,10,10,158,8153,8511,0,,0
vacuum,3,revert,107409408,22066752,65536,129541696,4096,26223,129,107409408,528384,106881024,8431,76840,11,138,6127,10,10,138,8073,8431,0,,0
vacuum,3,after_maintenance,107409408,22066752,65536,129541696,4096,26223,129,107409408,528384,106881024,8431,76840,11,138,6127,10,10,138,8073,8431,0,,0
vacuum,4,mutate,107409408,22066752,65536,129541696,4096,26223,48,107409408,196608,107212800,8511,76980,11,158,6207,10,10,158,8153,8511,0,,0
vacuum,4,revert,107589632,22066752,65536,129721920,4096,26267,172,107589632,704512,106885120,8431,76840,11,138,6127,10,10,138,8073,8431,0,,0
vacuum,4,after_maintenance,107589632,22066752,65536,129721920,4096,26267,172,107589632,704512,106885120,8431,76840,11,138,6127,10,10,138,8073,8431,0,,0
vacuum,5,mutate,107589632,22066752,65536,129721920,4096,26267,92,107589632,376832,107212800,8511,76980,11,158,6207,10,10,158,8153,8511,0,,0
vacuum,5,revert,107589632,22066752,65536,129721920,4096,26267,139,107589632,569344,107020288,8431,76840,11,138,6127,10,10,138,8073,8431,0,,0
vacuum,5,after_maintenance,107589632,22066752,65536,129721920,4096,26267,139,107589632,569344,107020288,8431,76840,11,138,6127,10,10,138,8073,8431,0,,0
vacuum,6,mutate,107876352,22066752,65536,130008640,4096,26337,149,107876352,610304,107266048,8511,76980,11,158,6207,10,10,158,8153,8511,0,,0
vacuum,6,revert,107876352,22066752,65536,130008640,4096,26337,190,107876352,778240,107098112,8431,76840,11,138,6127,10,10,138,8073,8431,0,,0
vacuum,6,after_maintenance,107876352,22066752,65536,130008640,4096,26337,190,107876352,778240,107098112,8431,76840,11,138,6127,10,10,138,8073,8431,0,,0
vacuum,7,mutate,107876352,22066752,65536,130008640,4096,26337,107,107876352,438272,107438080,8511,76980,11,158,6207,10,10,158,8153,8511,0,,0
vacuum,7,revert,107876352,22066752,65536,130008640,4096,26337,150,107876352,614400,107261952,8431,76840,11,138,6127,10,10,138,8073,8431,0,,0
vacuum,7,after_maintenance,107876352,22066752,65536,130008640,4096,26337,150,107876352,614400,107261952,8431,76840,11,138,6127,10,10,138,8073,8431,0,,0
vacuum,8,mutate,107876352,22066752,65536,130008640,4096,26337,214,107876352,876544,106999808,8511,76980,11,158,6207,10,10,158,8153,8511,0,,0
vacuum,8,revert,107876352,22066752,65536,130008640,4096,26337,261,107876352,1069056,106807296,8431,76840,11,138,6127,10,10,138,8073,8431,0,,0
vacuum,8,after_maintenance,107876352,22066752,65536,130008640,4096,26337,261,107876352,1069056,106807296,8431,76840,11,138,6127,10,10,138,8073,8431,0,,0
vacuum,9,mutate,107876352,22066752,65536,130008640,4096,26337,170,107876352,696320,107180032,8511,76980,11,158,6207,10,10,158,8153,8511,0,,0
vacuum,9,revert,107876352,22066752,65536,130008640,4096,26337,217,107876352,888832,106987520,8431,76840,11,138,6127,10,10,138,8073,8431,0,,0
vacuum,9,after_maintenance,107876352,22066752,65536,130008640,4096,26337,217,107876352,888832,106987520,8431,76840,11,138,6127,10,10,138,8073,8431,0,,0
vacuum,10,mutate,107876352,22066752,65536,130008640,4096,26337,141,107876352,577536,107298816,8511,76980,11,158,6207,10,10,158,8153,8511,0,,0
vacuum,10,revert,107876352,22066752,65536,130008640,4096,26337,186,107876352,761856,107114496,8431,76840,11,138,6127,10,10,138,8073,8431,0,,0
vacuum,10,after_maintenance,94355456,0,196608,94552064,4096,23036,0,94355456,0,94355456,8431,76840,11,138,6127,10,10,138,8073,8431,0,,0
vacuum,11,mutate,95731712,8919832,196608,104848152,4096,23372,81,95731712,331776,95399936,8511,76980,11,158,6207,10,10,158,8153,8511,0,,0
vacuum,11,revert,95731712,8919832,196608,104848152,4096,23372,125,95731712,512000,95219712,8431,76840,11,138,6127,10,10,138,8073,8431,0,,0
vacuum,11,after_maintenance,95731712,8919832,196608,104848152,4096,23372,125,95731712,512000,95219712,8431,76840,11,138,6127,10,10,138,8073,8431,0,,0
vacuum,12,mutate,95731712,8919832,196608,104848152,4096,23372,43,95731712,176128,95555584,8511,76980,11,158,6207,10,10,158,8153,8511,0,,0
vacuum,12,revert,95731712,8919832,196608,104848152,4096,23372,90,95731712,368640,95363072,8431,76840,11,138,6127,10,10,138,8073,8431,0,,0
vacuum,12,after_maintenance,95731712,8919832,196608,104848152,4096,23372,90,95731712,368640,95363072,8431,76840,11,138,6127,10,10,138,8073,8431,0,,0
vacuum,13,mutate,95924224,9183512,196608,105304344,4096,23419,133,95924224,544768,95379456,8511,76980,11,158,6207,10,10,158,8153,8511,0,,0
vacuum,13,revert,95924224,9183512,196608,105304344,4096,23419,180,95924224,737280,95186944,8431,76840,11,138,6127,10,10,138,8073,8431,0,,0
vacuum,13,after_maintenance,95924224,9183512,196608,105304344,4096,23419,180,95924224,737280,95186944,8431,76840,11,138,6127,10,10,138,8073,8431,0,,0
vacuum,14,mutate,95924224,9183512,196608,105304344,4096,23419,106,95924224,434176,95490048,8511,76980,11,158,6207,10,10,158,8153,8511,0,,0
vacuum,14,revert,96198656,9183512,196608,105578776,4096,23486,277,96198656,1134592,95064064,8431,76840,11,138,6127,10,10,138,8073,8431,0,,0
vacuum,14,after_maintenance,96198656,9183512,196608,105578776,4096,23486,277,96198656,1134592,95064064,8431,76840,11,138,6127,10,10,138,8073,8431,0,,0
vacuum,15,mutate,96198656,9183512,196608,105578776,4096,23486,188,96198656,770048,95428608,8511,76980,11,158,6207,10,10,158,8153,8511,0,,0
vacuum,15,revert,96198656,9183512,196608,105578776,4096,23486,236,96198656,966656,95232000,8431,76840,11,138,6127,10,10,138,8073,8431,0,,0
vacuum,15,after_maintenance,96198656,9183512,196608,105578776,4096,23486,236,96198656,966656,95232000,8431,76840,11,138,6127,10,10,138,8073,8431,0,,0
vacuum,16,mutate,96198656,9183512,196608,105578776,4096,23486,260,96198656,1064960,95133696,8511,76980,11,158,6207,10,10,158,8153,8511,0,,0
vacuum,16,revert,96198656,9183512,196608,105578776,4096,23486,300,96198656,1228800,94969856,8431,76840,11,138,6127,10,10,138,8073,8431,0,,0
vacuum,16,after_maintenance,96198656,9183512,196608,105578776,4096,23486,300,96198656,1228800,94969856,8431,76840,11,138,6127,10,10,138,8073,8431,0,,0
vacuum,17,mutate,96198656,9183512,196608,105578776,4096,23486,217,96198656,888832,95309824,8511,76980,11,158,6207,10,10,158,8153,8511,0,,0
vacuum,17,revert,96198656,9183512,196608,105578776,4096,23486,250,96198656,1024000,95174656,8431,76840,11,138,6127,10,10,138,8073,8431,0,,0
vacuum,17,after_maintenance,96198656,9183512,196608,105578776,4096,23486,250,96198656,1024000,95174656,8431,76840,11,138,6127,10,10,138,8073,8431,0,,0
vacuum,18,mutate,96198656,9183512,196608,105578776,4096,23486,182,96198656,745472,95453184,8511,76980,11,158,6207,10,10,158,8153,8511,0,,0
vacuum,18,revert,96198656,9183512,196608,105578776,4096,23486,217,96198656,888832,95309824,8431,76840,11,138,6127,10,10,138,8073,8431,0,,0
vacuum,18,after_maintenance,96198656,9183512,196608,105578776,4096,23486,217,96198656,888832,95309824,8431,76840,11,138,6127,10,10,138,8073,8431,0,,0
vacuum,19,mutate,96198656,9183512,196608,105578776,4096,23486,216,96198656,884736,95313920,8511,76980,11,158,6207,10,10,158,8153,8511,0,,0
vacuum,19,revert,96198656,9183512,196608,105578776,4096,23486,253,96198656,1036288,95162368,8431,76840,11,138,6127,10,10,138,8073,8431,0,,0
vacuum,19,after_maintenance,96198656,9183512,196608,105578776,4096,23486,253,96198656,1036288,95162368,8431,76840,11,138,6127,10,10,138,8073,8431,0,,0
vacuum,20,mutate,96198656,9183512,196608,105578776,4096,23486,179,96198656,733184,95465472,8511,76980,11,158,6207,10,10,158,8153,8511,0,,0
vacuum,20,revert,96198656,9183512,196608,105578776,4096,23486,211,96198656,864256,95334400,8431,76840,11,138,6127,10,10,138,8073,8431,0,,0
vacuum,20,after_maintenance,94310400,0,196608,94507008,4096,23025,0,94310400,0,94310400,8431,76840,11,138,6127,10,10,138,8073,8431,0,,0
vacuum,21,mutate,95653888,8878632,196608,104729128,4096,23353,44,95653888,180224,95473664,8511,76980,11,158,6207,10,10,158,8153,8511,0,,0
vacuum,21,revert,95653888,8878632,196608,104729128,4096,23353,87,95653888,356352,95297536,8431,76840,11,138,6127,10,10,138,8073,8431,0,,0
vacuum,21,after_maintenance,95653888,8878632,196608,104729128,4096,23353,87,95653888,356352,95297536,8431,76840,11,138,6127,10,10,138,8073,8431,0,,0
vacuum,22,mutate,95653888,8878632,196608,104729128,4096,23353,5,95653888,20480,95633408,8511,76980,11,158,6207,10,10,158,8153,8511,0,,0
vacuum,22,revert,95653888,8878632,196608,104729128,4096,23353,51,95653888,208896,95444992,8431,76840,11,138,6127,10,10,138,8073,8431,0,,0
vacuum,22,after_maintenance,95653888,8878632,196608,104729128,4096,23353,51,95653888,208896,95444992,8431,76840,11,138,6127,10,10,138,8073,8431,0,,0
vacuum,23,mutate,95797248,8878632,196608,104872488,4096,23394,0,95821824,0,95821824,8511,76980,11,158,6207,10,10,158,8153,8511,0,,0
vacuum,23,revert,95821824,8878632,196608,104897064,4096,23394,46,95821824,188416,95633408,8431,76840,11,138,6127,10,10,138,8073,8431,0,,0
vacuum,23,after_maintenance,95821824,8878632,196608,104897064,4096,23394,46,95821824,188416,95633408,8431,76840,11,138,6127,10,10,138,8073,8431,0,,0
vacuum,24,mutate,96071680,8878632,196608,105146920,4096,23455,166,96071680,679936,95391744,8511,76980,11,158,6207,10,10,158,8153,8511,0,,0
vacuum,24,revert,96071680,8878632,196608,105146920,4096,23455,205,96071680,839680,95232000,8431,76840,11,138,6127,10,10,138,8073,8431,0,,0
vacuum,24,after_maintenance,96071680,8878632,196608,105146920,4096,23455,205,96071680,839680,95232000,8431,76840,11,138,6127,10,10,138,8073,8431,0,,0
vacuum,25,mutate,96071680,8878632,196608,105146920,4096,23455,117,96071680,479232,95592448,8511,76980,11,158,6207,10,10,158,8153,8511,0,,0
vacuum,25,revert,96071680,8878632,196608,105146920,4096,23455,165,96071680,675840,95395840,8431,76840,11,138,6127,10,10,138,8073,8431,0,,0
vacuum,25,after_maintenance,96071680,8878632,196608,105146920,4096,23455,165,96071680,675840,95395840,8431,76840,11,138,6127,10,10,138,8073,8431,0,,0
vacuum,26,mutate,96071680,8878632,196608,105146920,4096,23455,85,96071680,348160,95723520,8511,76980,11,158,6207,10,10,158,8153,8511,0,,0
vacuum,26,revert,96071680,8878632,196608,105146920,4096,23455,125,96071680,512000,95559680,8431,76840,11,138,6127,10,10,138,8073,8431,0,,0
vacuum,26,after_maintenance,96071680,8878632,196608,105146920,4096,23455,125,96071680,512000,95559680,8431,76840,11,138,6127,10,10,138,8073,8431,0,,0
vacuum,27,mutate,96071680,8890992,196608,105159280,4096,23455,121,96071680,495616,95576064,8511,76980,11,158,6207,10,10,158,8153,8511,0,,0
vacuum,27,revert,96071680,8890992,196608,105159280,4096,23455,154,96071680,630784,95440896,8431,76840,11,138,6127,10,10,138,8073,8431,0,,0
vacuum,27,after_maintenance,96071680,8890992,196608,105159280,4096,23455,154,96071680,630784,95440896,8431,76840,11,138,6127,10,10,138,8073,8431,0,,0
vacuum,28,mutate,96071680,8890992,196608,105159280,4096,23455,88,96071680,360448,95711232,8511,76980,11,158,6207,10,10,158,8153,8511,0,,0
vacuum,28,revert,96071680,8890992,196608,105159280,4096,23455,123,96071680,503808,95567872,8431,76840,11,138,6127,10,10,138,8073,8431,0,,0
vacuum,28,after_maintenance,96071680,8890992,196608,105159280,4096,23455,123,96071680,503808,95567872,8431,76840,11,138,6127,10,10,138,8073,8431,0,,0
vacuum,29,mutate,96071680,8890992,196608,105159280,4096,23455,90,96071680,368640,95703040,8511,76980,11,158,6207,10,10,158,8153,8511,0,,0
vacuum,29,revert,96071680,8890992,196608,105159280,4096,23455,127,96071680,520192,95551488,8431,76840,11,138,6127,10,10,138,8073,8431,0,,0
vacuum,29,after_maintenance,96071680,8890992,196608,105159280,4096,23455,127,96071680,520192,95551488,8431,76840,11,138,6127,10,10,138,8073,8431,0,,0
vacuum,30,mutate,96071680,8890992,196608,105159280,4096,23455,53,96071680,217088,95854592,8511,76980,11,158,6207,10,10,158,8153,8511,0,,0
vacuum,30,revert,96071680,8890992,196608,105159280,4096,23455,85,96071680,348160,95723520,8431,76840,11,138,6127,10,10,138,8073,8431,0,,0
vacuum,30,after_maintenance,94699520,0,196608,94896128,4096,23120,0,94699520,0,94699520,8431,76840,11,138,6127,10,10,138,8073,8431,0,,0
vacuum,31,mutate,95940608,8697352,196608,104834568,4096,23451,0,96055296,0,96055296,8511,76980,11,158,6207,10,10,158,8153,8511,0,,0
vacuum,31,revert,96055296,8697352,196608,104949256,4096,23451,43,96055296,176128,95879168,8431,76840,11,138,6127,10,10,138,8073,8431,0,,0
vacuum,31,after_maintenance,96055296,8697352,196608,104949256,4096,23451,43,96055296,176128,95879168,8431,76840,11,138,6127,10,10,138,8073,8431,0,,0
vacuum,32,mutate,96358400,9002232,196608,105557240,4096,23525,113,96358400,462848,95895552,8511,76980,11,158,6207,10,10,158,8153,8511,0,,0
vacuum,32,revert,96358400,9002232,196608,105557240,4096,23525,159,96358400,651264,95707136,8431,76840,11,138,6127,10,10,138,8073,8431,0,,0
vacuum,32,after_maintenance,96358400,9002232,196608,105557240,4096,23525,159,96358400,651264,95707136,8431,76840,11,138,6127,10,10,138,8073,8431,0,,0
vacuum,33,mutate,96358400,9002232,196608,105557240,4096,23525,67,96358400,274432,96083968,8511,76980,11,158,6207,10,10,158,8153,8511,0,,0
vacuum,33,revert,96358400,9002232,196608,105557240,4096,23525,113,96358400,462848,95895552,8431,76840,11,138,6127,10,10,138,8073,8431,0,,0
vacuum,33,after_maintenance,96358400,9002232,196608,105557240,4096,23525,113,96358400,462848,95895552,8431,76840,11,138,6127,10,10,138,8073,8431,0,,0
vacuum,34,mutate,96358400,9002232,196608,105557240,4096,23525,40,96358400,163840,96194560,8511,76980,11,158,6207,10,10,158,8153,8511,0,,0
vacuum,34,revert,96358400,9002232,196608,105557240,4096,23525,79,96358400,323584,96034816,8431,76840,11,138,6127,10,10,138,8073,8431,0,,0
vacuum,34,after_maintenance,96358400,9002232,196608,105557240,4096,23525,79,96358400,323584,96034816,8431,76840,11,138,6127,10,10,138,8073,8431,0,,0
vacuum,35,mutate,96534528,9002232,196608,105733368,4096,23568,167,96534528,684032,95850496,8511,76980,11,158,6207,10,10,158,8153,8511,0,,0
vacuum,35,revert,96534528,9002232,196608,105733368,4096,23568,215,96534528,880640,95653888,8431,76840,11,138,6127,10,10,138,8073,8431,0,,0
vacuum,35,after_maintenance,96534528,9002232,196608,105733368,4096,23568,215,96534528,880640,95653888,8431,76840,11,138,6127,10,10,138,8073,8431,0,,0
vacuum,36,mutate,96534528,9002232,196608,105733368,4096,23568,135,96534528,552960,95981568,8511,76980,11,158,6207,10,10,158,8153,8511,0,,0
vacuum,36,revert,96534528,9002232,196608,105733368,4096,23568,175,96534528,716800,95817728,8431,76840,11,138,6127,10,10,138,8073,8431,0,,0
vacuum,36,after_maintenance,96534528,9002232,196608,105733368,4096,23568,175,96534528,716800,95817728,8431,76840,11,138,6127,10,10,138,8073,8431,0,,0
vacuum,37,mutate,96534528,9002232,196608,105733368,4096,23568,139,96534528,569344,95965184,8511,76980,11,158,6207,10,10,158,8153,8511,0,,0
vacuum,37,revert,96534528,9002232,196608,105733368,4096,23568,171,96534528,700416,95834112,8431,76840,11,138,6127,10,10,138,8073,8431,0,,0
vacuum,37,after_maintenance,96534528,9002232,196608,105733368,4096,23568,171,96534528,700416,95834112,8431,76840,11,138,6127,10,10,138,8073,8431,0,,0
vacuum,38,mutate,96534528,9002232,196608,105733368,4096,23568,103,96534528,421888,96112640,8511,76980,11,158,6207,10,10,158,8153,8511,0,,0
vacuum,38,revert,96534528,9002232,196608,105733368,4096,23568,140,96534528,573440,95961088,8431,76840,11,138,6127,10,10,138,8073,8431,0,,0
vacuum,38,after_maintenance,96534528,9002232,196608,105733368,4096,23568,140,96534528,573440,95961088,8431,76840,11,138,6127,10,10,138,8073,8431,0,,0
vacuum,39,mutate,96534528,9002232,196608,105733368,4096,23568,59,96534528,241664,96292864,8511,76980,11,158,6207,10,10,158,8153,8511,0,,0
vacuum,39,revert,96534528,9002232,196608,105733368,4096,23568,95,96534528,389120,96145408,8431,76840,11,138,6127,10,10,138,8073,8431,0,,0
vacuum,39,after_maintenance,96534528,9002232,196608,105733368,4096,23568,95,96534528,389120,96145408,8431,76840,11,138,6127,10,10,138,8073,8431,0,,0
vacuum,40,mutate,96583680,9002232,196608,105782520,4096,23580,114,96583680,466944,96116736,8511,76980,11,158,6207,10,10,158,8153,8511,0,,0
vacuum,40,revert,96583680,9002232,196608,105782520,4096,23580,145,96583680,593920,95989760,8431,76840,11,138,6127,10,10,138,8073,8431,0,,0
vacuum,40,after_maintenance,94961664,0,196608,95158272,4096,23184,0,94961664,0,94961664,8431,76840,11,138,6127,10,10,138,8073,8431,0,,0
vacuum,41,mutate,96202752,8713832,196608,105113192,4096,23514,0,96313344,0,96313344,8511,76980,11,158,6207,10,10,158,8153,8511,0,,0
vacuum,41,revert,96313344,8713832,196608,105223784,4096,23514,43,96313344,176128,96137216,8431,76840,11,138,6127,10,10,138,8073,8431,0,,0
vacuum,41,after_maintenance,96313344,8713832,196608,105223784,4096,23514,43,96313344,176128,96137216,8431,76840,11,138,6127,10,10,138,8073,8431,0,,0
vacuum,42,mutate,96452608,8738552,196608,105387768,4096,23552,0,96468992,0,96468992,8511,76980,11,158,6207,10,10,158,8153,8511,0,,0
vacuum,42,revert,96468992,8738552,196608,105404152,4096,23552,43,96468992,176128,96292864,8431,76840,11,138,6127,10,10,138,8073,8431,0,,0
vacuum,42,after_maintenance,96468992,8738552,196608,105404152,4096,23552,43,96468992,176128,96292864,8431,76840,11,138,6127,10,10,138,8073,8431,0,,0
vacuum,43,mutate,96808960,8948672,196608,105954240,4096,23635,114,96808960,466944,96342016,8511,76980,11,158,6207,10,10,158,8153,8511,0,,0
vacuum,43,revert,96808960,8948672,196608,105954240,4096,23635,162,96808960,663552,96145408,8431,76840,11,138,6127,10,10,138,8073,8431,0,,0
vacuum,43,after_maintenance,96808960,8948672,196608,105954240,4096,23635,162,96808960,663552,96145408,8431,76840,11,138,6127,10,10,138,8073,8431,0,,0
vacuum,44,mutate,96808960,8948672,196608,105954240,4096,23635,87,96808960,356352,96452608,8511,76980,11,158,6207,10,10,158,8153,8511,0,,0
vacuum,44,revert,96808960,8948672,196608,105954240,4096,23635,126,96808960,516096,96292864,8431,76840,11,138,6127,10,10,138,8073,8431,0,,0
vacuum,44,after_maintenance,96808960,8948672,196608,105954240,4096,23635,126,96808960,516096,96292864,8431,76840,11,138,6127,10,10,138,8073,8431,0,,0
vacuum,45,mutate,96841728,8948672,196608,105987008,4096,23643,215,96841728,880640,95961088,8511,76980,11,158,6207,10,10,158,8153,8511,0,,0
vacuum,45,revert,96841728,8948672,196608,105987008,4096,23643,263,96841728,1077248,95764480,8431,76840,11,138,6127,10,10,138,8073,8431,0,,0
vacuum,45,after_maintenance,96841728,8948672,196608,105987008,4096,23643,263,96841728,1077248,95764480,8431,76840,11,138,6127,10,10,138,8073,8431,0,,0
vacuum,46,mutate,96841728,8948672,196608,105987008,4096,23643,186,96841728,761856,96079872,8511,76980,11,158,6207,10,10,158,8153,8511,0,,0
vacuum,46,revert,97005568,8948672,196608,106150848,4096,23683,465,97005568,1904640,95100928,8431,76840,11,138,6127,10,10,138,8073,8431,0,,0
vacuum,46,after_maintenance,97005568,8948672,196608,106150848,4096,23683,465,97005568,1904640,95100928,8431,76840,11,138,6127,10,10,138,8073,8431,0,,0
vacuum,47,mutate,97005568,8948672,196608,106150848,4096,23683,381,97005568,1560576,95444992,8511,76980,11,158,6207,10,10,158,8153,8511,0,,0
vacuum,47,revert,97005568,8948672,196608,106150848,4096,23683,414,97005568,1695744,95309824,8431,76840,11,138,6127,10,10,138,8073,8431,0,,0
vacuum,47,after_maintenance,97005568,8948672,196608,106150848,4096,23683,414,97005568,1695744,95309824,8431,76840,11,138,6127,10,10,138,8073,8431,0,,0
vacuum,48,mutate,97005568,9129952,196608,106332128,4096,23683,461,97005568,1888256,95117312,8511,76980,11,158,6207,10,10,158,8153,8511,0,,0
vacuum,48,revert,97005568,9129952,196608,106332128,4096,23683,496,97005568,2031616,94973952,8431,76840,11,138,6127,10,10,138,8073,8431,0,,0
vacuum,48,after_maintenance,97005568,9129952,196608,106332128,4096,23683,496,97005568,2031616,94973952,8431,76840,11,138,6127,10,10,138,8073,8431,0,,0
vacuum,49,mutate,97005568,9129952,196608,106332128,4096,23683,416,97005568,1703936,95301632,8511,76980,11,158,6207,10,10,158,8153,8511,0,,0
vacuum,49,revert,97005568,9129952,196608,106332128,4096,23683,451,97005568,1847296,95158272,8431,76840,11,138,6127,10,10,138,8073,8431,0,,0
vacuum,49,after_maintenance,97005568,9129952,196608,106332128,4096,23683,451,97005568,1847296,95158272,8431,76840,11,138,6127,10,10,138,8073,8431,0,,0
vacuum,50,mutate,97005568,9129952,196608,106332128,4096,23683,377,97005568,1544192,95461376,8511,76980,11,158,6207,10,10,158,8153,8511,0,,0
vacuum,50,revert,97005568,9129952,196608,106332128,4096,23683,410,97005568,1679360,95326208,8431,76840,11,138,6127,10,10,138,8073,8431,0,,0
vacuum,50,after_maintenance,94310400,0,196608,94507008,4096,23025,0,94310400,0,94310400,8431,76840,11,138,6127,10,10,138,8073,8431,0,,0
vacuum,51,mutate,95682560,8944552,196608,104823720,4096,23360,85,95682560,348160,95334400,8511,76980,11,158,6207,10,10,158,8153,8511,0,,0
vacuum,51,revert,95682560,8944552,196608,104823720,4096,23360,128,95682560,524288,95158272,8431,76840,11,138,6127,10,10,138,8073,8431,0,,0
vacuum,51,after_maintenance,95682560,8944552,196608,104823720,4096,23360,128,95682560,524288,95158272,8431,76840,11,138,6127,10,10,138,8073,8431,0,,0
vacuum,52,mutate,95682560,8944552,196608,104823720,4096,23360,47,95682560,192512,95490048,8511,76980,11,158,6207,10,10,158,8153,8511,0,,0
vacuum,52,revert,95682560,8944552,196608,104823720,4096,23360,90,95682560,368640,95313920,8431,76840,11,138,6127,10,10,138,8073,8431,0,,0
vacuum,52,after_maintenance,95682560,8944552,196608,104823720,4096,23360,90,95682560,368640,95313920,8431,76840,11,138,6127,10,10,138,8073,8431,0,,0
vacuum,53,mutate,95797248,8956912,196608,104950768,4096,23388,74,95797248,303104,95494144,8511,76980,11,158,6207,10,10,158,8153,8511,0,,0
vacuum,53,revert,95797248,8956912,196608,104950768,4096,23388,122,95797248,499712,95297536,8431,76840,11,138,6127,10,10,138,8073,8431,0,,0
vacuum,53,after_maintenance,95797248,8956912,196608,104950768,4096,23388,122,95797248,499712,95297536,8431,76840,11,138,6127,10,10,138,8073,8431,0,,0
vacuum,54,mutate,95797248,8956912,196608,104950768,4096,23388,47,95797248,192512,95604736,8511,76980,11,158,6207,10,10,158,8153,8511,0,,0
vacuum,54,revert,95797248,8956912,196608,104950768,4096,23388,86,95797248,352256,95444992,8431,76840,11,138,6127,10,10,138,8073,8431,0,,0
vacuum,54,after_maintenance,95797248,8956912,196608,104950768,4096,23388,86,95797248,352256,95444992,8431,76840,11,138,6127,10,10,138,8073,8431,0,,0
vacuum,55,mutate,95801344,8956912,196608,104954864,4096,23393,0,95817728,0,95817728,8511,76980,11,158,6207,10,10,158,8153,8511,0,,0
vacuum,55,revert,95817728,8956912,196608,104971248,4096,23393,48,95817728,196608,95621120,8431,76840,11,138,6127,10,10,138,8073,8431,0,,0
vacuum,55,after_maintenance,95817728,8956912,196608,104971248,4096,23393,48,95817728,196608,95621120,8431,76840,11,138,6127,10,10,138,8073,8431,0,,0
vacuum,56,mutate,96079872,8956912,196608,105233392,4096,23457,167,96079872,684032,95395840,8511,76980,11,158,6207,10,10,158,8153,8511,0,,0
vacuum,56,revert,96079872,8956912,196608,105233392,4096,23457,207,96079872,847872,95232000,8431,76840,11,138,6127,10,10,138,8073,8431,0,,0
vacuum,56,after_maintenance,96079872,8956912,196608,105233392,4096,23457,207,96079872,847872,95232000,8431,76840,11,138,6127,10,10,138,8073,8431,0,,0
vacuum,57,mutate,96079872,8956912,196608,105233392,4096,23457,123,96079872,503808,95576064,8511,76980,11,158,6207,10,10,158,8153,8511,0,,0
vacuum,57,revert,96079872,8956912,196608,105233392,4096,23457,156,96079872,638976,95440896,8431,76840,11,138,6127,10,10,138,8073,8431,0,,0
vacuum,57,after_maintenance,96079872,8956912,196608,105233392,4096,23457,156,96079872,638976,95440896,8431,76840,11,138,6127,10,10,138,8073,8431,0,,0
vacuum,58,mutate,96079872,8956912,196608,105233392,4096,23457,91,96079872,372736,95707136,8511,76980,11,158,6207,10,10,158,8153,8511,0,,0
vacuum,58,revert,96079872,8956912,196608,105233392,4096,23457,126,96079872,516096,95563776,8431,76840,11,138,6127,10,10,138,8073,8431,0,,0
vacuum,58,after_maintenance,96079872,8956912,196608,105233392,4096,23457,126,96079872,516096,95563776,8431,76840,11,138,6127,10,10,138,8073,8431,0,,0
vacuum,59,mutate,96079872,8956912,196608,105233392,4096,23457,125,96079872,512000,95567872,8511,76980,11,158,6207,10,10,158,8153,8511,0,,0
vacuum,59,revert,96079872,8956912,196608,105233392,4096,23457,162,96079872,663552,95416320,8431,76840,11,138,6127,10,10,138,8073,8431,0,,0
vacuum,59,after_maintenance,96079872,8956912,196608,105233392,4096,23457,162,96079872,663552,95416320,8431,76840,11,138,6127,10,10,138,8073,8431,0,,0
vacuum,60,mutate,96079872,8956912,196608,105233392,4096,23457,88,96079872,360448,95719424,8511,76980,11,158,6207,10,10,158,8153,8511,0,,0
vacuum,60,revert,96079872,8956912,196608,105233392,4096,23457,121,96079872,495616,95584256,8431,76840,11,138,6127,10,10,138,8073,8431,0,,0
vacuum,60,after_maintenance,94568448,0,196608,94765056,4096,23088,0,94568448,0,94568448,8431,76840,11,138,6127,10,10,138,8073,8431,0,,0
vacuum,61,mutate,95907840,8878632,196608,104983080,4096,23415,45,95907840,184320,95723520,8511,76980,11,158,6207,10,10,158,8153,8511,0,,0
vacuum,61,revert,95907840,8878632,196608,104983080,4096,23415,88,95907840,360448,95547392,8431,76840,11,138,6127,10,10,138,8073,8431,0,,0
vacuum,61,after_maintenance,95907840,8878632,196608,104983080,4096,23415,88,95907840,360448,95547392,8431,76840,11,138,6127,10,10,138,8073,8431,0,,0
vacuum,62,mutate,95907840,8878632,196608,104983080,4096,23415,7,95907840,28672,95879168,8511,76980,11,158,6207,10,10,158,8153,8511,0,,0
vacuum,62,revert,95907840,8878632,196608,104983080,4096,23415,50,95907840,204800,95703040,8431,76840,11,138,6127,10,10,138,8073,8431,0,,0
vacuum,62,after_maintenance,95907840,8878632,196608,104983080,4096,23415,50,95907840,204800,95703040,8431,76840,11,138,6127,10,10,138,8073,8431,0,,0
vacuum,63,mutate,96059392,8878632,196608,105134632,4096,23456,0,96075776,0,96075776,8511,76980,11,158,6207,10,10,158,8153,8511,0,,0
vacuum,63,revert,96075776,8878632,196608,105151016,4096,23456,48,96075776,196608,95879168,8431,76840,11,138,6127,10,10,138,8073,8431,0,,0
vacuum,63,after_maintenance,96075776,8878632,196608,105151016,4096,23456,48,96075776,196608,95879168,8431,76840,11,138,6127,10,10,138,8073,8431,0,,0
vacuum,64,mutate,96333824,9010472,196608,105540904,4096,23519,114,96333824,466944,95866880,8511,76980,11,158,6207,10,10,158,8153,8511,0,,0
vacuum,64,revert,96333824,9010472,196608,105540904,4096,23519,153,96333824,626688,95707136,8431,76840,11,138,6127,10,10,138,8073,8431,0,,0
vacuum,64,after_maintenance,96333824,9010472,196608,105540904,4096,23519,153,96333824,626688,95707136,8431,76840,11,138,6127,10,10,138,8073,8431,0,,0
vacuum,65,mutate,96333824,9010472,196608,105540904,4096,23519,62,96333824,253952,96079872,8511,76980,11,158,6207,10,10,158,8153,8511,0,,0
vacuum,65,revert,96333824,9010472,196608,105540904,4096,23519,110,96333824,450560,95883264,8431,76840,11,138,6127,10,10,138,8073,8431,0,,0
vacuum,65,after_maintenance,96333824,9010472,196608,105540904,4096,23519,110,96333824,450560,95883264,8431,76840,11,138,6127,10,10,138,8073,8431,0,,0
vacuum,66,mutate,96333824,9010472,196608,105540904,4096,23519,33,96333824,135168,96198656,8511,76980,11,158,6207,10,10,158,8153,8511,0,,0
vacuum,66,revert,96333824,9010472,196608,105540904,4096,23519,73,96333824,299008,96034816,8431,76840,11,138,6127,10,10,138,8073,8431,0,,0
vacuum,66,after_maintenance,96333824,9010472,196608,105540904,4096,23519,73,96333824,299008,96034816,8431,76840,11,138,6127,10,10,138,8073,8431,0,,0
vacuum,67,mutate,96522240,9010472,196608,105729320,4096,23565,168,96522240,688128,95834112,8511,76980,11,158,6207,10,10,158,8153,8511,0,,0
vacuum,67,revert,96522240,9010472,196608,105729320,4096,23565,201,96522240,823296,95698944,8431,76840,11,138,6127,10,10,138,8073,8431,0,,0
vacuum,67,after_maintenance,96522240,9010472,196608,105729320,4096,23565,201,96522240,823296,95698944,8431,76840,11,138,6127,10,10,138,8073,8431,0,,0
vacuum,68,mutate,96522240,9010472,196608,105729320,4096,23565,136,96522240,557056,95965184,8511,76980,11,158,6207,10,10,158,8153,8511,0,,0
vacuum,68,revert,96522240,9010472,196608,105729320,4096,23565,171,96522240,700416,95821824,8431,76840,11,138,6127,10,10,138,8073,8431,0,,0
vacuum,68,after_maintenance,96522240,9010472,196608,105729320,4096,23565,171,96522240,700416,95821824,8431,76840,11,138,6127,10,10,138,8073,8431,0,,0
vacuum,69,mutate,96522240,9010472,196608,105729320,4096,23565,137,96522240,561152,95961088,8511,76980,11,158,6207,10,10,158,8153,8511,0,,0
vacuum,69,revert,96522240,9010472,196608,105729320,4096,23565,174,96522240,712704,95809536,8431,76840,11,138,6127,10,10,138,8073,8431,0,,0
vacuum,69,after_maintenance,96522240,9010472,196608,105729320,4096,23565,174,96522240,712704,95809536,8431,76840,11,138,6127,10,10,138,8073,8431,0,,0
vacuum,70,mutate,96522240,9010472,196608,105729320,4096,23565,100,96522240,409600,96112640,8511,76980,11,158,6207,10,10,158,8153,8511,0,,0
vacuum,70,revert,96522240,9010472,196608,105729320,4096,23565,133,96522240,544768,95977472,8431,76840,11,138,6127,10,10,138,8073,8431,0,,0
vacuum,70,after_maintenance,94957568,0,196608,95154176,4096,23183,0,94957568,0,94957568,8431,76840,11,138,6127,10,10,138,8073,8431,0,,0
vacuum,71,mutate,96198656,8713832,196608,105109096,4096,23513,0,96309248,0,96309248,8511,76980,11,158,6207,10,10,158,8153,8511,0,,0
vacuum,71,revert,96309248,8713832,196608,105219688,4096,23513,43,96309248,176128,96133120,8431,76840,11,138,6127,10,10,138,8073,8431,0,,0
vacuum,71,after_maintenance,96309248,8713832,196608,105219688,4096,23513,43,96309248,176128,96133120,8431,76840,11,138,6127,10,10,138,8073,8431,0,,0
vacuum,72,mutate,96608256,8993992,196608,105798856,4096,23586,114,96608256,466944,96141312,8511,76980,11,158,6207,10,10,158,8153,8511,0,,0
vacuum,72,revert,96608256,8993992,196608,105798856,4096,23586,157,96608256,643072,95965184,8431,76840,11,138,6127,10,10,138,8073,8431,0,,0
vacuum,72,after_maintenance,96608256,8993992,196608,105798856,4096,23586,157,96608256,643072,95965184,8431,76840,11,138,6127,10,10,138,8073,8431,0,,0
vacuum,73,mutate,96608256,8993992,196608,105798856,4096,23586,66,96608256,270336,96337920,8511,76980,11,158,6207,10,10,158,8153,8511,0,,0
vacuum,73,revert,96608256,8993992,196608,105798856,4096,23586,114,96608256,466944,96141312,8431,76840,11,138,6127,10,10,138,8073,8431,0,,0
vacuum,73,after_maintenance,96608256,8993992,196608,105798856,4096,23586,114,96608256,466944,96141312,8431,76840,11,138,6127,10,10,138,8073,8431,0,,0
vacuum,74,mutate,96608256,8993992,196608,105798856,4096,23586,39,96608256,159744,96448512,8511,76980,11,158,6207,10,10,158,8153,8511,0,,0
vacuum,74,revert,96608256,8993992,196608,105798856,4096,23586,78,96608256,319488,96288768,8431,76840,11,138,6127,10,10,138,8073,8431,0,,0
vacuum,74,after_maintenance,96608256,8993992,196608,105798856,4096,23586,78,96608256,319488,96288768,8431,76840,11,138,6127,10,10,138,8073,8431,0,,0
vacuum,75,mutate,96804864,8993992,196608,105995464,4096,23634,114,96804864,466944,96337920,8511,76980,11,158,6207,10,10,158,8153,8511,0,,0
vacuum,75,revert,96804864,8993992,196608,105995464,4096,23634,162,96804864,663552,96141312,8431,76840,11,138,6127,10,10,138,8073,8431,0,,0
vacuum,75,after_maintenance,96804864,8993992,196608,105995464,4096,23634,162,96804864,663552,96141312,8431,76840,11,138,6127,10,10,138,8073,8431,0,,0
vacuum,76,mutate,96804864,8993992,196608,105995464,4096,23634,85,96804864,348160,96456704,8511,76980,11,158,6207,10,10,158,8153,8511,0,,0
vacuum,76,revert,96804864,8993992,196608,105995464,4096,23634,125,96804864,512000,96292864,8431,76840,11,138,6127,10,10,138,8073,8431,0,,0
vacuum,76,after_maintenance,96804864,8993992,196608,105995464,4096,23634,125,96804864,512000,96292864,8431,76840,11,138,6127,10,10,138,8073,8431,0,,0
vacuum,77,mutate,96813056,9261792,196608,106271456,4096,23636,143,96813056,585728,96227328,8511,76980,11,158,6207,10,10,158,8153,8511,0,,0
vacuum,77,revert,96813056,9261792,196608,106271456,4096,23636,175,96813056,716800,96096256,8431,76840,11,138,6127,10,10,138,8073,8431,0,,0
vacuum,77,after_maintenance,96813056,9261792,196608,106271456,4096,23636,175,96813056,716800,96096256,8431,76840,11,138,6127,10,10,138,8073,8431,0,,0
vacuum,78,mutate,96813056,9261792,196608,106271456,4096,23636,110,96813056,450560,96362496,8511,76980,11,158,6207,10,10,158,8153,8511,0,,0
vacuum,78,revert,96813056,9261792,196608,106271456,4096,23636,145,96813056,593920,96219136,8431,76840,11,138,6127,10,10,138,8073,8431,0,,0
vacuum,78,after_maintenance,96813056,9261792,196608,106271456,4096,23636,145,96813056,593920,96219136,8431,76840,11,138,6127,10,10,138,8073,8431,0,,0
vacuum,79,mutate,96813056,9261792,196608,106271456,4096,23636,65,96813056,266240,96546816,8511,76980,11,158,6207,10,10,158,8153,8511,0,,0
vacuum,79,revert,96813056,9261792,196608,106271456,4096,23636,102,96813056,417792,96395264,8431,76840,11,138,6127,10,10,138,8073,8431,0,,0
vacuum,79,after_maintenance,96813056,9261792,196608,106271456,4096,23636,102,96813056,417792,96395264,8431,76840,11,138,6127,10,10,138,8073,8431,0,,0
vacuum,80,mutate,96841728,9261792,196608,106300128,4096,23643,114,96841728,466944,96374784,8511,76980,11,158,6207,10,10,158,8153,8511,0,,0
vacuum,80,revert,96841728,9261792,196608,106300128,4096,23643,147,96841728,602112,96239616,8431,76840,11,138,6127,10,10,138,8073,8431,0,,0
vacuum,80,after_maintenance,95223808,0,196608,95420416,4096,23248,0,95223808,0,95223808,8431,76840,11,138,6127,10,10,138,8073,8431,0,,0
vacuum,81,mutate,96460800,8701472,196608,105358880,4096,23577,0,96571392,0,96571392,8511,76980,11,158,6207,10,10,158,8153,8511,0,,0
vacuum,81,revert,96571392,8701472,196608,105469472,4096,23577,43,96571392,176128,96395264,8431,76840,11,138,6127,10,10,138,8073,8431,0,,0
vacuum,81,after_maintenance,96571392,8701472,196608,105469472,4096,23577,43,96571392,176128,96395264,8431,76840,11,138,6127,10,10,138,8073,8431,0,,0
vacuum,82,mutate,96710656,8738552,196608,105645816,4096,23615,0,96727040,0,96727040,8511,76980,11,158,6207,10,10,158,8153,8511,0,,0
vacuum,82,revert,96727040,8738552,196608,105662200,4096,23615,43,96727040,176128,96550912,8431,76840,11,138,6127,10,10,138,8073,8431,0,,0
vacuum,82,after_maintenance,96727040,8738552,196608,105662200,4096,23615,43,96727040,176128,96550912,8431,76840,11,138,6127,10,10,138,8073,8431,0,,0
vacuum,83,mutate,97067008,8961032,196608,106224648,4096,23698,114,97067008,466944,96600064,8511,76980,11,158,6207,10,10,158,8153,8511,0,,0
vacuum,83,revert,97067008,8961032,196608,106224648,4096,23698,162,97067008,663552,96403456,8431,76840,11,138,6127,10,10,138,8073,8431,0,,0
vacuum,83,after_maintenance,97067008,8961032,196608,106224648,4096,23698,162,97067008,663552,96403456,8431,76840,11,138,6127,10,10,138,8073,8431,0,,0
vacuum,84,mutate,97067008,8961032,196608,106224648,4096,23698,87,97067008,356352,96710656,8511,76980,11,158,6207,10,10,158,8153,8511,0,,0
vacuum,84,revert,97067008,8961032,196608,106224648,4096,23698,126,97067008,516096,96550912,8431,76840,11,138,6127,10,10,138,8073,8431,0,,0
vacuum,84,after_maintenance,97067008,8961032,196608,106224648,4096,23698,126,97067008,516096,96550912,8431,76840,11,138,6127,10,10,138,8073,8431,0,,0
vacuum,85,mutate,97067008,8961032,196608,106224648,4096,23698,82,97067008,335872,96731136,8511,76980,11,158,6207,10,10,158,8153,8511,0,,0
vacuum,85,revert,97067008,8961032,196608,106224648,4096,23698,130,97067008,532480,96534528,8431,76840,11,138,6127,10,10,138,8073,8431,0,,0
vacuum,85,after_maintenance,97067008,8961032,196608,106224648,4096,23698,130,97067008,532480,96534528,8431,76840,11,138,6127,10,10,138,8073,8431,0,,0
vacuum,86,mutate,97067008,8961032,196608,106224648,4096,23698,53,97067008,217088,96849920,8511,76980,11,158,6207,10,10,158,8153,8511,0,,0
vacuum,86,revert,97067008,8961032,196608,106224648,4096,23698,93,97067008,380928,96686080,8431,76840,11,138,6127,10,10,138,8073,8431,0,,0
vacuum,86,after_maintenance,97067008,8961032,196608,106224648,4096,23698,93,97067008,380928,96686080,8431,76840,11,138,6127,10,10,138,8073,8431,0,,0
vacuum,87,mutate,97067008,8961032,196608,106224648,4096,23698,9,97067008,36864,97030144,8511,76980,11,158,6207,10,10,158,8153,8511,0,,0
vacuum,87,revert,97067008,8961032,196608,106224648,4096,23698,42,97067008,172032,96894976,8431,76840,11,138,6127,10,10,138,8073,8431,0,,0
vacuum,87,after_maintenance,97067008,8961032,196608,106224648,4096,23698,42,97067008,172032,96894976,8431,76840,11,138,6127,10,10,138,8073,8431,0,,0
vacuum,88,mutate,97308672,8961032,196608,106466312,4096,23757,183,97308672,749568,96559104,8511,76980,11,158,6207,10,10,158,8153,8511,0,,0
vacuum,88,revert,97308672,8961032,196608,106466312,4096,23757,218,97308672,892928,96415744,8431,76840,11,138,6127,10,10,138,8073,8431,0,,0
vacuum,88,after_maintenance,97308672,8961032,196608,106466312,4096,23757,218,97308672,892928,96415744,8431,76840,11,138,6127,10,10,138,8073,8431,0,,0
vacuum,89,mutate,97308672,8961032,196608,106466312,4096,23757,138,97308672,565248,96743424,8511,76980,11,158,6207,10,10,158,8153,8511,0,,0
vacuum,89,revert,97615872,8961032,196608,106773512,4096,23832,285,97615872,1167360,96448512,8431,76840,11,138,6127,10,10,138,8073,8431,0,,0
vacuum,89,after_maintenance,97615872,8961032,196608,106773512,4096,23832,285,97615872,1167360,96448512,8431,76840,11,138,6127,10,10,138,8073,8431,0,,0
vacuum,90,mutate,97615872,8961032,196608,106773512,4096,23832,211,97615872,864256,96751616,8511,76980,11,158,6207,10,10,158,8153,8511,0,,0
vacuum,90,revert,97615872,8961032,196608,106773512,4096,23832,244,97615872,999424,96616448,8431,76840,11,138,6127,10,10,138,8073,8431,0,,0
vacuum,90,after_maintenance,95600640,0,196608,95797248,4096,23340,0,95600640,0,95600640,8431,76840,11,138,6127,10,10,138,8073,8431,0,,0
vacuum,91,mutate,96972800,8932192,196608,106101600,4096,23675,85,96972800,348160,96624640,8511,76980,11,158,6207,10,10,158,8153,8511,0,,0
vacuum,91,revert,96972800,8932192,196608,106101600,4096,23675,128,96972800,524288,96448512,8431,76840,11,138,6127,10,10,138,8073,8431,0,,0
vacuum,91,after_maintenance,96972800,8932192,196608,106101600,4096,23675,128,96972800,524288,96448512,8431,76840,11,138,6127,10,10,138,8073,8431,0,,0
vacuum,92,mutate,96972800,8932192,196608,106101600,4096,23675,47,96972800,192512,96780288,8511,76980,11,158,6207,10,10,158,8153,8511,0,,0
vacuum,92,revert,96972800,8932192,196608,106101600,4096,23675,90,96972800,368640,96604160,8431,76840,11,138,6127,10,10,138,8073,8431,0,,0
vacuum,92,after_maintenance,96972800,8932192,196608,106101600,4096,23675,90,96972800,368640,96604160,8431,76840,11,138,6127,10,10,138,8073,8431,0,,0
vacuum,93,mutate,97087488,8932192,196608,106216288,4096,23703,74,97087488,303104,96784384,8511,76980,11,158,6207,10,10,158,8153,8511,0,,0
vacuum,93,revert,97087488,8932192,196608,106216288,4096,23703,122,97087488,499712,96587776,8431,76840,11,138,6127,10,10,138,8073,8431,0,,0
vacuum,93,after_maintenance,97087488,8932192,196608,106216288,4096,23703,122,97087488,499712,96587776,8431,76840,11,138,6127,10,10,138,8073,8431,0,,0
vacuum,94,mutate,97087488,8932192,196608,106216288,4096,23703,47,97087488,192512,96894976,8511,76980,11,158,6207,10,10,158,8153,8511,0,,0
vacuum,94,revert,97087488,8932192,196608,106216288,4096,23703,86,97087488,352256,96735232,8431,76840,11,138,6127,10,10,138,8073,8431,0,,0
vacuum,94,after_maintenance,97087488,8932192,196608,106216288,4096,23703,86,97087488,352256,96735232,8431,76840,11,138,6127,10,10,138,8073,8431,0,,0
vacuum,95,mutate,97091584,8932192,196608,106220384,4096,23708,0,97107968,0,97107968,8511,76980,11,158,6207,10,10,158,8153,8511,0,,0
vacuum,95,revert,97107968,8932192,196608,106236768,4096,23708,48,97107968,196608,96911360,8431,76840,11,138,6127,10,10,138,8073,8431,0,,0
vacuum,95,after_maintenance,97107968,8932192,196608,106236768,4096,23708,48,97107968,196608,96911360,8431,76840,11,138,6127,10,10,138,8073,8431,0,,0
vacuum,96,mutate,97370112,9010472,196608,106577192,4096,23772,114,97370112,466944,96903168,8511,76980,11,158,6207,10,10,158,8153,8511,0,,0
vacuum,96,revert,97370112,9010472,196608,106577192,4096,23772,154,97370112,630784,96739328,8431,76840,11,138,6127,10,10,138,8073,8431,0,,0
vacuum,96,after_maintenance,97370112,9010472,196608,106577192,4096,23772,154,97370112,630784,96739328,8431,76840,11,138,6127,10,10,138,8073,8431,0,,0
vacuum,97,mutate,97370112,9010472,196608,106577192,4096,23772,70,97370112,286720,97083392,8511,76980,11,158,6207,10,10,158,8153,8511,0,,0
vacuum,97,revert,97370112,9010472,196608,106577192,4096,23772,103,97370112,421888,96948224,8431,76840,11,138,6127,10,10,138,8073,8431,0,,0
vacuum,97,after_maintenance,97370112,9010472,196608,106577192,4096,23772,103,97370112,421888,96948224,8431,76840,11,138,6127,10,10,138,8073,8431,0,,0
vacuum,98,mutate,97370112,9010472,196608,106577192,4096,23772,38,97370112,155648,97214464,8511,76980,11,158,6207,10,10,158,8153,8511,0,,0
vacuum,98,revert,97370112,9010472,196608,106577192,4096,23772,73,97370112,299008,97071104,8431,76840,11,138,6127,10,10,138,8073,8431,0,,0
vacuum,98,after_maintenance,97370112,9010472,196608,106577192,4096,23772,73,97370112,299008,97071104,8431,76840,11,138,6127,10,10,138,8073,8431,0,,0
vacuum,99,mutate,97546240,9010472,196608,106753320,4096,23815,168,97546240,688128,96858112,8511,76980,11,158,6207,10,10,158,8153,8511,0,,0
vacuum,99,revert,97546240,9010472,196608,106753320,4096,23815,205,97546240,839680,96706560,8431,76840,11,138,6127,10,10,138,8073,8431,0,,0
vacuum,99,after_maintenance,97546240,9010472,196608,106753320,4096,23815,205,97546240,839680,96706560,8431,76840,11,138,6127,10,10,138,8073,8431,0,,0
vacuum,100,mutate,97546240,9010472,196608,106753320,4096,23815,131,97546240,536576,97009664,8511,76980,11,158,6207,10,10,158,8153,8511,0,,0
vacuum,100,revert,97546240,9010472,196608,106753320,4096,23815,164,97546240,671744,96874496,8431,76840,11,138,6127,10,10,138,8073,8431,0,,0
vacuum,100,after_maintenance,95858688,0,196608,96055296,4096,23403,0,95858688,0,95858688,8431,76840,11,138,6127,10,10,138,8073,8431,0,,0
incremental,0,cold,104787968,23323352,65536,128176856,4096,25964,0,106348544,0,106348544,8431,76840,11,138,6127,10,10,138,8073,8431,0,,0
incremental,1,mutate,106946560,23323352,65536,130335448,4096,26114,0,106962944,0,106962944,8511,76980,11,158,6207,10,10,158,8153,8511,0,,0
incremental,1,revert,106962944,23323352,65536,130351832,4096,26114,56,106962944,229376,106733568,8431,76840,11,138,6127,10,10,138,8073,8431,0,,0
incremental,1,after_maintenance,106962944,23323352,65536,130351832,4096,26114,56,106962944,229376,106733568,8431,76840,11,138,6127,10,10,138,8073,8431,0,,0
incremental,2,mutate,107094016,23323352,65536,130482904,4096,26151,0,107114496,0,107114496,8511,76980,11,158,6207,10,10,158,8153,8511,0,,0
incremental,2,revert,107114496,23323352,65536,130503384,4096,26151,51,107114496,208896,106905600,8431,76840,11,138,6127,10,10,138,8073,8431,0,,0
incremental,2,after_maintenance,107114496,23323352,65536,130503384,4096,26151,51,107114496,208896,106905600,8431,76840,11,138,6127,10,10,138,8073,8431,0,,0
incremental,3,mutate,107544576,23323352,65536,130933464,4096,26256,92,107544576,376832,107167744,8511,76980,11,158,6207,10,10,158,8153,8511,0,,0
incremental,3,revert,107544576,23323352,65536,130933464,4096,26256,129,107544576,528384,107016192,8431,76840,11,138,6127,10,10,138,8073,8431,0,,0
incremental,3,after_maintenance,107544576,23323352,65536,130933464,4096,26256,129,107544576,528384,107016192,8431,76840,11,138,6127,10,10,138,8073,8431,0,,0
incremental,4,mutate,107544576,23323352,65536,130933464,4096,26256,48,107544576,196608,107347968,8511,76980,11,158,6207,10,10,158,8153,8511,0,,0
incremental,4,revert,107765760,23323352,65536,131154648,4096,26310,184,107765760,753664,107012096,8431,76840,11,138,6127,10,10,138,8073,8431,0,,0
incremental,4,after_maintenance,107765760,23323352,65536,131154648,4096,26310,184,107765760,753664,107012096,8431,76840,11,138,6127,10,10,138,8073,8431,0,,0
incremental,5,mutate,107765760,23323352,65536,131154648,4096,26310,104,107765760,425984,107339776,8511,76980,11,158,6207,10,10,158,8153,8511,0,,0
incremental,5,revert,107765760,23323352,65536,131154648,4096,26310,151,107765760,618496,107147264,8431,76840,11,138,6127,10,10,138,8073,8431,0,,0
incremental,5,after_maintenance,107765760,23323352,65536,131154648,4096,26310,151,107765760,618496,107147264,8431,76840,11,138,6127,10,10,138,8073,8431,0,,0
incremental,6,mutate,108015616,23323352,65536,131404504,4096,26371,155,108015616,634880,107380736,8511,76980,11,158,6207,10,10,158,8153,8511,0,,0
incremental,6,revert,108015616,23323352,65536,131404504,4096,26371,196,108015616,802816,107212800,8431,76840,11,138,6127,10,10,138,8073,8431,0,,0
incremental,6,after_maintenance,108015616,23323352,65536,131404504,4096,26371,196,108015616,802816,107212800,8431,76840,11,138,6127,10,10,138,8073,8431,0,,0
incremental,7,mutate,108015616,23323352,65536,131404504,4096,26371,113,108015616,462848,107552768,8511,76980,11,158,6207,10,10,158,8153,8511,0,,0
incremental,7,revert,108015616,23323352,65536,131404504,4096,26371,151,108015616,618496,107397120,8431,76840,11,138,6127,10,10,138,8073,8431,0,,0
incremental,7,after_maintenance,108015616,23323352,65536,131404504,4096,26371,151,108015616,618496,107397120,8431,76840,11,138,6127,10,10,138,8073,8431,0,,0
incremental,8,mutate,108015616,23323352,65536,131404504,4096,26371,217,108015616,888832,107126784,8511,76980,11,158,6207,10,10,158,8153,8511,0,,0
incremental,8,revert,108015616,23323352,65536,131404504,4096,26371,264,108015616,1081344,106934272,8431,76840,11,138,6127,10,10,138,8073,8431,0,,0
incremental,8,after_maintenance,108015616,23323352,65536,131404504,4096,26371,264,108015616,1081344,106934272,8431,76840,11,138,6127,10,10,138,8073,8431,0,,0
incremental,9,mutate,108015616,23323352,65536,131404504,4096,26371,173,108015616,708608,107307008,8511,76980,11,158,6207,10,10,158,8153,8511,0,,0
incremental,9,revert,108015616,23323352,65536,131404504,4096,26371,218,108015616,892928,107122688,8431,76840,11,138,6127,10,10,138,8073,8431,0,,0
incremental,9,after_maintenance,108015616,23323352,65536,131404504,4096,26371,218,108015616,892928,107122688,8431,76840,11,138,6127,10,10,138,8073,8431,0,,0
incremental,10,mutate,108015616,23323352,65536,131404504,4096,26371,142,108015616,581632,107433984,8511,76980,11,158,6207,10,10,158,8153,8511,0,,0
incremental,10,revert,108015616,23323352,65536,131404504,4096,26371,187,108015616,765952,107249664,8431,76840,11,138,6127,10,10,138,8073,8431,0,,0
incremental,10,after_maintenance,107491328,0,65536,107556864,4096,26243,59,107491328,241664,107249664,8431,76840,11,138,6127,10,10,138,8073,8431,0,,0
incremental,11,mutate,107765760,9492512,65536,117323808,4096,26310,110,107765760,450560,107315200,8511,76980,11,158,6207,10,10,158,8153,8511,0,,0
incremental,11,revert,107765760,9492512,65536,117323808,4096,26310,164,107765760,671744,107094016,8431,76840,11,138,6127,10,10,138,8073,8431,0,,0
incremental,11,after_maintenance,107765760,9492512,65536,117323808,4096,26310,164,107765760,671744,107094016,8431,76840,11,138,6127,10,10,138,8073,8431,0,,0
incremental,12,mutate,107765760,9492512,65536,117323808,4096,26310,66,107765760,270336,107495424,8511,76980,11,158,6207,10,10,158,8153,8511,0,,0
incremental,12,revert,107765760,9492512,65536,117323808,4096,26310,126,107765760,516096,107249664,8431,76840,11,138,6127,10,10,138,8073,8431,0,,0
incremental,12,after_maintenance,107765760,9492512,65536,117323808,4096,26310,126,107765760,516096,107249664,8431,76840,11,138,6127,10,10,138,8073,8431,0,,0
incremental,13,mutate,107810816,9492512,65536,117368864,4096,26321,134,107810816,548864,107261952,8511,76980,11,158,6207,10,10,158,8153,8511,0,,0
incremental,13,revert,107810816,9492512,65536,117368864,4096,26321,177,107810816,724992,107085824,8431,76840,11,138,6127,10,10,138,8073,8431,0,,0
incremental,13,after_maintenance,107810816,9492512,65536,117368864,4096,26321,177,107810816,724992,107085824,8431,76840,11,138,6127,10,10,138,8073,8431,0,,0
incremental,14,mutate,107810816,9492512,65536,117368864,4096,26321,90,107810816,368640,107442176,8511,76980,11,158,6207,10,10,158,8153,8511,0,,0
incremental,14,revert,108048384,9492512,65536,117606432,4096,26379,269,108048384,1101824,106946560,8431,76840,11,138,6127,10,10,138,8073,8431,0,,0
incremental,14,after_maintenance,108048384,9492512,65536,117606432,4096,26379,269,108048384,1101824,106946560,8431,76840,11,138,6127,10,10,138,8073,8431,0,,0
incremental,15,mutate,108048384,9492512,65536,117606432,4096,26379,181,108048384,741376,107307008,8511,76980,11,158,6207,10,10,158,8153,8511,0,,0
incremental,15,revert,108048384,9492512,65536,117606432,4096,26379,224,108048384,917504,107130880,8431,76840,11,138,6127,10,10,138,8073,8431,0,,0
incremental,15,after_maintenance,108048384,9492512,65536,117606432,4096,26379,224,108048384,917504,107130880,8431,76840,11,138,6127,10,10,138,8073,8431,0,,0
incremental,16,mutate,108048384,9492512,65536,117606432,4096,26379,249,108048384,1019904,107028480,8511,76980,11,158,6207,10,10,158,8153,8511,0,,0
incremental,16,revert,108048384,9492512,65536,117606432,4096,26379,285,108048384,1167360,106881024,8431,76840,11,138,6127,10,10,138,8073,8431,0,,0
incremental,16,after_maintenance,108048384,9492512,65536,117606432,4096,26379,285,108048384,1167360,106881024,8431,76840,11,138,6127,10,10,138,8073,8431,0,,0
incremental,17,mutate,108048384,9492512,65536,117606432,4096,26379,193,108048384,790528,107257856,8511,76980,11,158,6207,10,10,158,8153,8511,0,,0
incremental,17,revert,108048384,9492512,65536,117606432,4096,26379,241,108048384,987136,107061248,8431,76840,11,138,6127,10,10,138,8073,8431,0,,0
incremental,17,after_maintenance,108048384,9492512,65536,117606432,4096,26379,241,108048384,987136,107061248,8431,76840,11,138,6127,10,10,138,8073,8431,0,,0
incremental,18,mutate,108048384,9492512,65536,117606432,4096,26379,153,108048384,626688,107421696,8511,76980,11,158,6207,10,10,158,8153,8511,0,,0
incremental,18,revert,108048384,9492512,65536,117606432,4096,26379,206,108048384,843776,107204608,8431,76840,11,138,6127,10,10,138,8073,8431,0,,0
incremental,18,after_maintenance,108048384,9492512,65536,117606432,4096,26379,206,108048384,843776,107204608,8431,76840,11,138,6127,10,10,138,8073,8431,0,,0
incremental,19,mutate,108048384,9492512,65536,117606432,4096,26379,199,108048384,815104,107233280,8511,76980,11,158,6207,10,10,158,8153,8511,0,,0
incremental,19,revert,108048384,9492512,65536,117606432,4096,26379,241,108048384,987136,107061248,8431,76840,11,138,6127,10,10,138,8073,8431,0,,0
incremental,19,after_maintenance,108048384,9492512,65536,117606432,4096,26379,241,108048384,987136,107061248,8431,76840,11,138,6127,10,10,138,8073,8431,0,,0
incremental,20,mutate,108048384,9492512,65536,117606432,4096,26379,159,108048384,651264,107397120,8511,76980,11,158,6207,10,10,158,8153,8511,0,,0
incremental,20,revert,108048384,9492512,65536,117606432,4096,26379,205,108048384,839680,107208704,8431,76840,11,138,6127,10,10,138,8073,8431,0,,0
incremental,20,after_maintenance,107524096,0,65536,107589632,4096,26251,77,107524096,315392,107208704,8431,76840,11,138,6127,10,10,138,8073,8431,0,,0
incremental,21,mutate,107671552,9430712,65536,117167800,4096,26287,73,107671552,299008,107372544,8511,76980,11,158,6207,10,10,158,8153,8511,0,,0
incremental,21,revert,107671552,9430712,65536,117167800,4096,26287,117,107671552,479232,107192320,8431,76840,11,138,6127,10,10,138,8073,8431,0,,0
incremental,21,after_maintenance,107671552,9430712,65536,117167800,4096,26287,117,107671552,479232,107192320,8431,76840,11,138,6127,10,10,138,8073,8431,0,,0
incremental,22,mutate,107671552,9430712,65536,117167800,4096,26287,31,107671552,126976,107544576,8511,76980,11,158,6207,10,10,158,8153,8511,0,,0
incremental,22,revert,107671552,9430712,65536,117167800,4096,26287,79,107671552,323584,107347968,8431,76840,11,138,6127,10,10,138,8073,8431,0,,0
incremental,22,after_maintenance,107671552,9430712,65536,117167800,4096,26287,79,107671552,323584,107347968,8431,76840,11,138,6127,10,10,138,8073,8431,0,,0
incremental,23,mutate,107712512,9430712,65536,117208760,4096,26303,0,107737088,0,107737088,8511,76980,11,158,6207,10,10,158,8153,8511,0,,0
incremental,23,revert,107737088,9430712,65536,117233336,4096,26303,48,107737088,196608,107540480,8431,76840,11,138,6127,10,10,138,8073,8431,0,,0
incremental,23,after_maintenance,107737088,9430712,65536,117233336,4096,26303,48,107737088,196608,107540480,8431,76840,11,138,6127,10,10,138,8073,8431,0,,0
incremental,24,mutate,108003328,9430712,65536,117499576,4096,26368,166,108003328,679936,107323392,8511,76980,11,158,6207,10,10,158,8153,8511,0,,0
incremental,24,revert,108003328,9430712,65536,117499576,4096,26368,214,108003328,876544,107126784,8431,76840,11,138,6127,10,10,138,8073,8431,0,,0
incremental,24,after_maintenance,108003328,9430712,65536,117499576,4096,26368,214,108003328,876544,107126784,8431,76840,11,138,6127,10,10,138,8073,8431,0,,0
incremental,25,mutate,108003328,9430712,65536,117499576,4096,26368,126,108003328,516096,107487232,8511,76980,11,158,6207,10,10,158,8153,8511,0,,0
incremental,25,revert,108003328,9430712,65536,117499576,4096,26368,165,108003328,675840,107327488,8431,76840,11,138,6127,10,10,138,8073,8431,0,,0
incremental,25,after_maintenance,108003328,9430712,65536,117499576,4096,26368,165,108003328,675840,107327488,8431,76840,11,138,6127,10,10,138,8073,8431,0,,0
incremental,26,mutate,108003328,9430712,65536,117499576,4096,26368,85,108003328,348160,107655168,8511,76980,11,158,6207,10,10,158,8153,8511,0,,0
incremental,26,revert,108003328,9430712,65536,117499576,4096,26368,136,108003328,557056,107446272,8431,76840,11,138,6127,10,10,138,8073,8431,0,,0
incremental,26,after_maintenance,108003328,9430712,65536,117499576,4096,26368,136,108003328,557056,107446272,8431,76840,11,138,6127,10,10,138,8073,8431,0,,0
incremental,27,mutate,108003328,9496632,65536,117565496,4096,26368,123,108003328,503808,107499520,8511,76980,11,158,6207,10,10,158,8153,8511,0,,0
incremental,27,revert,108003328,9496632,65536,117565496,4096,26368,165,108003328,675840,107327488,8431,76840,11,138,6127,10,10,138,8073,8431,0,,0
incremental,27,after_maintenance,108003328,9496632,65536,117565496,4096,26368,165,108003328,675840,107327488,8431,76840,11,138,6127,10,10,138,8073,8431,0,,0
incremental,28,mutate,108003328,9496632,65536,117565496,4096,26368,86,108003328,352256,107651072,8511,76980,11,158,6207,10,10,158,8153,8511,0,,0
incremental,28,revert,108003328,9496632,65536,117565496,4096,26368,133,108003328,544768,107458560,8431,76840,11,138,6127,10,10,138,8073,8431,0,,0
incremental,28,after_maintenance,108003328,9496632,65536,117565496,4096,26368,133,108003328,544768,107458560,8431,76840,11,138,6127,10,10,138,8073,8431,0,,0
incremental,29,mutate,108003328,9496632,65536,117565496,4096,26368,85,108003328,348160,107655168,8511,76980,11,158,6207,10,10,158,8153,8511,0,,0
incremental,29,revert,108003328,9496632,65536,117565496,4096,26368,135,108003328,552960,107450368,8431,76840,11,138,6127,10,10,138,8073,8431,0,,0
incremental,29,after_maintenance,108003328,9496632,65536,117565496,4096,26368,135,108003328,552960,107450368,8431,76840,11,138,6127,10,10,138,8073,8431,0,,0
incremental,30,mutate,108003328,9496632,65536,117565496,4096,26368,51,108003328,208896,107794432,8511,76980,11,158,6207,10,10,158,8153,8511,0,,0
incremental,30,revert,108003328,9496632,65536,117565496,4096,26368,108,108003328,442368,107560960,8431,76840,11,138,6127,10,10,138,8073,8431,0,,0
incremental,30,after_maintenance,107560960,0,65536,107626496,4096,26260,0,107560960,0,107560960,8431,76840,11,138,6127,10,10,138,8073,8431,0,,0
incremental,31,mutate,107909120,9241192,65536,117215848,4096,26351,0,107933696,0,107933696,8511,76980,11,158,6207,10,10,158,8153,8511,0,,0
incremental,31,revert,107933696,9270032,65536,117269264,4096,26351,41,107933696,167936,107765760,8431,76840,11,138,6127,10,10,138,8073,8431,0,,0
incremental,31,after_maintenance,107933696,9270032,65536,117269264,4096,26351,41,107933696,167936,107765760,8431,76840,11,138,6127,10,10,138,8073,8431,0,,0
incremental,32,mutate,108257280,9579032,65536,117901848,4096,26430,113,108257280,462848,107794432,8511,76980,11,158,6207,10,10,158,8153,8511,0,,0
incremental,32,revert,108257280,9579032,65536,117901848,4096,26430,161,108257280,659456,107597824,8431,76840,11,138,6127,10,10,138,8073,8431,0,,0
incremental,32,after_maintenance,108257280,9579032,65536,117901848,4096,26430,161,108257280,659456,107597824,8431,76840,11,138,6127,10,10,138,8073,8431,0,,0
incremental,33,mutate,108257280,9579032,65536,117901848,4096,26430,70,108257280,286720,107970560,8511,76980,11,158,6207,10,10,158,8153,8511,0,,0
incremental,33,revert,108257280,9579032,65536,117901848,4096,26430,116,108257280,475136,107782144,8431,76840,11,138,6127,10,10,138,8073,8431,0,,0
incremental,33,after_maintenance,108257280,9579032,65536,117901848,4096,26430,116,108257280,475136,107782144,8431,76840,11,138,6127,10,10,138,8073,8431,0,,0
incremental,34,mutate,108257280,9579032,65536,117901848,4096,26430,34,108257280,139264,108118016,8511,76980,11,158,6207,10,10,158,8153,8511,0,,0
incremental,34,revert,108257280,9579032,65536,117901848,4096,26430,79,108257280,323584,107933696,8431,76840,11,138,6127,10,10,138,8073,8431,0,,0
incremental,34,after_maintenance,108257280,9579032,65536,117901848,4096,26430,79,108257280,323584,107933696,8431,76840,11,138,6127,10,10,138,8073,8431,0,,0
incremental,35,mutate,108453888,9579032,65536,118098456,4096,26478,167,108453888,684032,107769856,8511,76980,11,158,6207,10,10,158,8153,8511,0,,0
incremental,35,revert,108453888,9579032,65536,118098456,4096,26478,214,108453888,876544,107577344,8431,76840,11,138,6127,10,10,138,8073,8431,0,,0
incremental,35,after_maintenance,108453888,9579032,65536,118098456,4096,26478,214,108453888,876544,107577344,8431,76840,11,138,6127,10,10,138,8073,8431,0,,0
incremental,36,mutate,108453888,9579032,65536,118098456,4096,26478,133,108453888,544768,107909120,8511,76980,11,158,6207,10,10,158,8153,8511,0,,0
incremental,36,revert,108453888,9579032,65536,118098456,4096,26478,182,108453888,745472,107708416,8431,76840,11,138,6127,10,10,138,8073,8431,0,,0
incremental,36,after_maintenance,108453888,9579032,65536,118098456,4096,26478,182,108453888,745472,107708416,8431,76840,11,138,6127,10,10,138,8073,8431,0,,0
incremental,37,mutate,108453888,9579032,65536,118098456,4096,26478,142,108453888,581632,107872256,8511,76980,11,158,6207,10,10,158,8153,8511,0,,0
incremental,37,revert,108453888,9579032,65536,118098456,4096,26478,188,108453888,770048,107683840,8431,76840,11,138,6127,10,10,138,8073,8431,0,,0
incremental,37,after_maintenance,108453888,9579032,65536,118098456,4096,26478,188,108453888,770048,107683840,8431,76840,11,138,6127,10,10,138,8073,8431,0,,0
incremental,38,mutate,108453888,9579032,65536,118098456,4096,26478,96,108453888,393216,108060672,8511,76980,11,158,6207,10,10,158,8153,8511,0,,0
incremental,38,revert,108453888,9579032,65536,118098456,4096,26478,147,108453888,602112,107851776,8431,76840,11,138,6127,10,10,138,8073,8431,0,,0
incremental,38,after_maintenance,108453888,9579032,65536,118098456,4096,26478,147,108453888,602112,107851776,8431,76840,11,138,6127,10,10,138,8073,8431,0,,0
incremental,39,mutate,108453888,9579032,65536,118098456,4096,26478,59,108453888,241664,108212224,8511,76980,11,158,6207,10,10,158,8153,8511,0,,0
incremental,39,revert,108453888,9579032,65536,118098456,4096,26478,107,108453888,438272,108015616,8431,76840,11,138,6127,10,10,138,8073,8431,0,,0
incremental,39,after_maintenance,108453888,9579032,65536,118098456,4096,26478,107,108453888,438272,108015616,8431,76840,11,138,6127,10,10,138,8073,8431,0,,0
incremental,40,mutate,108552192,9579032,65536,118196760,4096,26502,114,108552192,466944,108085248,8511,76980,11,158,6207,10,10,158,8153,8511,0,,0
incremental,40,revert,108552192,9579032,65536,118196760,4096,26502,165,108552192,675840,107876352,8431,76840,11,138,6127,10,10,138,8073,8431,0,,0
incremental,40,after_maintenance,108027904,0,65536,108093440,4096,26374,37,108027904,151552,107876352,8431,76840,11,138,6127,10,10,138,8073,8431,0,,0
incremental,41,mutate,108187648,9278272,65536,117531456,4096,26418,0,108208128,0,108208128,8511,76980,11,158,6207,10,10,158,8153,8511,0,,0
incremental,41,revert,108208128,9278272,65536,117551936,4096,26418,38,108208128,155648,108052480,8431,76840,11,138,6127,10,10,138,8073,8431,0,,0
incremental,41,after_maintenance,108208128,9278272,65536,117551936,4096,26418,38,108208128,155648,108052480,8431,76840,11,138,6127,10,10,138,8073,8431,0,,0
incremental,42,mutate,108392448,9307112,65536,117765096,4096,26467,0,108408832,0,108408832,8511,76980,11,158,6207,10,10,158,8153,8511,0,,0
incremental,42,revert,108408832,9307112,65536,117781480,4096,26467,45,108408832,184320,108224512,8431,76840,11,138,6127,10,10,138,8073,8431,0,,0
incremental,42,after_maintenance,108408832,9307112,65536,117781480,4096,26467,45,108408832,184320,108224512,8431,76840,11,138,6127,10,10,138,8073,8431,0,,0
incremental,43,mutate,108666880,9513112,65536,118245528,4096,26530,113,108666880,462848,108204032,8511,76980,11,158,6207,10,10,158,8153,8511,0,,0
incremental,43,revert,108666880,9513112,65536,118245528,4096,26530,150,108666880,614400,108052480,8431,76840,11,138,6127,10,10,138,8073,8431,0,,0
incremental,43,after_maintenance,108666880,9513112,65536,118245528,4096,26530,150,108666880,614400,108052480,8431,76840,11,138,6127,10,10,138,8073,8431,0,,0
incremental,44,mutate,108666880,9513112,65536,118245528,4096,26530,69,108666880,282624,108384256,8511,76980,11,158,6207,10,10,158,8153,8511,0,,0
incremental,44,revert,108666880,9513112,65536,118245528,4096,26530,114,108666880,466944,108199936,8431,76840,11,138,6127,10,10,138,8073,8431,0,,0
incremental,44,after_maintenance,108666880,9513112,65536,118245528,4096,26530,114,108666880,466944,108199936,8431,76840,11,138,6127,10,10,138,8073,8431,0,,0
incremental,45,mutate,108707840,9513112,65536,118286488,4096,26540,213,108707840,872448,107835392,8511,76980,11,158,6207,10,10,158,8153,8511,0,,0
incremental,45,revert,108707840,9513112,65536,118286488,4096,26540,251,108707840,1028096,107679744,8431,76840,11,138,6127,10,10,138,8073,8431,0,,0
incremental,45,after_maintenance,108707840,9513112,65536,118286488,4096,26540,251,108707840,1028096,107679744,8431,76840,11,138,6127,10,10,138,8073,8431,0,,0
incremental,46,mutate,108707840,9513112,65536,118286488,4096,26540,171,108707840,700416,108007424,8511,76980,11,158,6207,10,10,158,8153,8511,0,,0
incremental,46,revert,108965888,9513112,65536,118544536,4096,26603,493,108965888,2019328,106946560,8431,76840,11,138,6127,10,10,138,8073,8431,0,,0
incremental,46,after_maintenance,108965888,9513112,65536,118544536,4096,26603,493,108965888,2019328,106946560,8431,76840,11,138,6127,10,10,138,8073,8431,0,,0
incremental,47,mutate,108965888,9513112,65536,118544536,4096,26603,392,108965888,1605632,107360256,8511,76980,11,158,6207,10,10,158,8153,8511,0,,0
incremental,47,revert,108965888,9513112,65536,118544536,4096,26603,447,108965888,1830912,107134976,8431,76840,11,138,6127,10,10,138,8073,8431,0,,0
incremental,47,after_maintenance,108965888,9513112,65536,118544536,4096,26603,447,108965888,1830912,107134976,8431,76840,11,138,6127,10,10,138,8073,8431,0,,0
incremental,48,mutate,108965888,9513112,65536,118544536,4096,26603,455,108965888,1863680,107102208,8511,76980,11,158,6207,10,10,158,8153,8511,0,,0
incremental,48,revert,108965888,9513112,65536,118544536,4096,26603,516,108965888,2113536,106852352,8431,76840,11,138,6127,10,10,138,8073,8431,0,,0
incremental,48,after_maintenance,108965888,9513112,65536,118544536,4096,26603,516,108965888,2113536,106852352,8431,76840,11,138,6127,10,10,138,8073,8431,0,,0
incremental,49,mutate,108965888,9513112,65536,118544536,4096,26603,422,108965888,1728512,107237376,8511,76980,11,158,6207,10,10,158,8153,8511,0,,0
incremental,49,revert,108965888,9513112,65536,118544536,4096,26603,464,108965888,1900544,107065344,8431,76840,11,138,6127,10,10,138,8073,8431,0,,0
incremental,49,after_maintenance,108965888,9513112,65536,118544536,4096,26603,464,108965888,1900544,107065344,8431,76840,11,138,6127,10,10,138,8073,8431,0,,0
incremental,50,mutate,108965888,9513112,65536,118544536,4096,26603,376,108965888,1540096,107425792,8511,76980,11,158,6207,10,10,158,8153,8511,0,,0
incremental,50,revert,108965888,9513112,65536,118544536,4096,26603,424,108965888,1736704,107229184,8431,76840,11,138,6127,10,10,138,8073,8431,0,,0
incremental,50,after_maintenance,108441600,0,65536,108507136,4096,26475,296,108441600,1212416,107229184,8431,76840,11,138,6127,10,10,138,8073,8431,0,,0
incremental,51,mutate,108441600,9546072,65536,118053208,4096,26475,290,108441600,1187840,107253760,8511,76980,11,158,6207,10,10,158,8153,8511,0,,0
incremental,51,revert,108441600,9546072,65536,118053208,4096,26475,333,108441600,1363968,107077632,8431,76840,11,138,6127,10,10,138,8073,8431,0,,0
incremental,51,after_maintenance,108441600,9546072,65536,118053208,4096,26475,333,108441600,1363968,107077632,8431,76840,11,138,6127,10,10,138,8073,8431,0,,0
incremental,52,mutate,108441600,9546072,65536,118053208,4096,26475,251,108441600,1028096,107413504,8511,76980,11,158,6207,10,10,158,8153,8511,0,,0
incremental,52,revert,108441600,9546072,65536,118053208,4096,26475,294,108441600,1204224,107237376,8431,76840,11,138,6127,10,10,138,8073,8431,0,,0
incremental,52,after_maintenance,108441600,9546072,65536,118053208,4096,26475,294,108441600,1204224,107237376,8431,76840,11,138,6127,10,10,138,8073,8431,0,,0
incremental,53,mutate,108441600,9546072,65536,118053208,4096,26475,256,108441600,1048576,107393024,8511,76980,11,158,6207,10,10,158,8153,8511,0,,0
incremental,53,revert,108441600,9546072,65536,118053208,4096,26475,306,108441600,1253376,107188224,8431,76840,11,138,6127,10,10,138,8073,8431,0,,0
incremental,53,after_maintenance,108441600,9546072,65536,118053208,4096,26475,306,108441600,1253376,107188224,8431,76840,11,138,6127,10,10,138,8073,8431,0,,0
incremental,54,mutate,108441600,9546072,65536,118053208,4096,26475,216,108441600,884736,107556864,8511,76980,11,158,6207,10,10,158,8153,8511,0,,0
incremental,54,revert,108441600,9546072,65536,118053208,4096,26475,271,108441600,1110016,107331584,8431,76840,11,138,6127,10,10,138,8073,8431,0,,0
incremental,54,after_maintenance,108441600,9546072,65536,118053208,4096,26475,271,108441600,1110016,107331584,8431,76840,11,138,6127,10,10,138,8073,8431,0,,0
incremental,55,mutate,108441600,9546072,65536,118053208,4096,26475,175,108441600,716800,107724800,8511,76980,11,158,6207,10,10,158,8153,8511,0,,0
incremental,55,revert,108441600,9546072,65536,118053208,4096,26475,225,108441600,921600,107520000,8431,76840,11,138,6127,10,10,138,8073,8431,0,,0
incremental,55,after_maintenance,108441600,9546072,65536,118053208,4096,26475,225,108441600,921600,107520000,8431,76840,11,138,6127,10,10,138,8073,8431,0,,0
incremental,56,mutate,108441600,9546072,65536,118053208,4096,26475,271,108441600,1110016,107331584,8511,76980,11,158,6207,10,10,158,8153,8511,0,,0
incremental,56,revert,108441600,9546072,65536,118053208,4096,26475,313,108441600,1282048,107159552,8431,76840,11,138,6127,10,10,138,8073,8431,0,,0
incremental,56,after_maintenance,108441600,9546072,65536,118053208,4096,26475,313,108441600,1282048,107159552,8431,76840,11,138,6127,10,10,138,8073,8431,0,,0
incremental,57,mutate,108441600,9546072,65536,118053208,4096,26475,230,108441600,942080,107499520,8511,76980,11,158,6207,10,10,158,8153,8511,0,,0
incremental,57,revert,108441600,9546072,65536,118053208,4096,26475,274,108441600,1122304,107319296,8431,76840,11,138,6127,10,10,138,8073,8431,0,,0
incremental,57,after_maintenance,108441600,9546072,65536,118053208,4096,26475,274,108441600,1122304,107319296,8431,76840,11,138,6127,10,10,138,8073,8431,0,,0
incremental,58,mutate,108441600,9546072,65536,118053208,4096,26475,191,108441600,782336,107659264,8511,76980,11,158,6207,10,10,158,8153,8511,0,,0
incremental,58,revert,108441600,9546072,65536,118053208,4096,26475,242,108441600,991232,107450368,8431,76840,11,138,6127,10,10,138,8073,8431,0,,0
incremental,58,after_maintenance,108441600,9546072,65536,118053208,4096,26475,242,108441600,991232,107450368,8431,76840,11,138,6127,10,10,138,8073,8431,0,,0
incremental,59,mutate,108441600,9595512,65536,118102648,4096,26475,225,108441600,921600,107520000,8511,76980,11,158,6207,10,10,158,8153,8511,0,,0
incremental,59,revert,108441600,9595512,65536,118102648,4096,26475,272,108441600,1114112,107327488,8431,76840,11,138,6127,10,10,138,8073,8431,0,,0
incremental,59,after_maintenance,108441600,9595512,65536,118102648,4096,26475,272,108441600,1114112,107327488,8431,76840,11,138,6127,10,10,138,8073,8431,0,,0
incremental,60,mutate,108441600,9595512,65536,118102648,4096,26475,194,108441600,794624,107646976,8511,76980,11,158,6207,10,10,158,8153,8511,0,,0
incremental,60,revert,108441600,9595512,65536,118102648,4096,26475,230,108441600,942080,107499520,8431,76840,11,138,6127,10,10,138,8073,8431,0,,0
incremental,60,after_maintenance,107917312,0,65536,107982848,4096,26347,102,107917312,417792,107499520,8431,76840,11,138,6127,10,10,138,8073,8431,0,,0
incremental,61,mutate,107941888,9517232,65536,117524656,4096,26353,73,107941888,299008,107642880,8511,76980,11,158,6207,10,10,158,8153,8511,0,,0
incremental,61,revert,107941888,9517232,65536,117524656,4096,26353,119,107941888,487424,107454464,8431,76840,11,138,6127,10,10,138,8073,8431,0,,0
incremental,61,after_maintenance,107941888,9517232,65536,117524656,4096,26353,119,107941888,487424,107454464,8431,76840,11,138,6127,10,10,138,8073,8431,0,,0
incremental,62,mutate,107941888,9517232,65536,117524656,4096,26353,34,107941888,139264,107802624,8511,76980,11,158,6207,10,10,158,8153,8511,0,,0
incremental,62,revert,107941888,9517232,65536,117524656,4096,26353,86,107941888,352256,107589632,8431,76840,11,138,6127,10,10,138,8073,8431,0,,0
incremental,62,after_maintenance,107941888,9517232,65536,117524656,4096,26353,86,107941888,352256,107589632,8431,76840,11,138,6127,10,10,138,8073,8431,0,,0
incremental,63,mutate,107950080,9517232,65536,117532848,4096,26359,0,107966464,0,107966464,8511,76980,11,158,6207,10,10,158,8153,8511,0,,0
incremental,63,revert,107966464,9517232,65536,117549232,4096,26359,44,107966464,180224,107786240,8431,76840,11,138,6127,10,10,138,8073,8431,0,,0
incremental,63,after_maintenance,107966464,9517232,65536,117549232,4096,26359,44,107966464,180224,107786240,8431,76840,11,138,6127,10,10,138,8073,8431,0,,0
incremental,64,mutate,108294144,9517232,65536,117876912,4096,26439,114,108294144,466944,107827200,8511,76980,11,158,6207,10,10,158,8153,8511,0,,0
incremental,64,revert,108294144,9517232,65536,117876912,4096,26439,173,108294144,708608,107585536,8431,76840,11,138,6127,10,10,138,8073,8431,0,,0
incremental,64,after_maintenance,108294144,9517232,65536,117876912,4096,26439,173,108294144,708608,107585536,8431,76840,11,138,6127,10,10,138,8073,8431,0,,0
incremental,65,mutate,108294144,9517232,65536,117876912,4096,26439,75,108294144,307200,107986944,8511,76980,11,158,6207,10,10,158,8153,8511,0,,0
incremental,65,revert,108294144,9517232,65536,117876912,4096,26439,122,108294144,499712,107794432,8431,76840,11,138,6127,10,10,138,8073,8431,0,,0
incremental,65,after_maintenance,108294144,9517232,65536,117876912,4096,26439,122,108294144,499712,107794432,8431,76840,11,138,6127,10,10,138,8073,8431,0,,0
incremental,66,mutate,108294144,9517232,65536,117876912,4096,26439,36,108294144,147456,108146688,8511,76980,11,158,6207,10,10,158,8153,8511,0,,0
incremental,66,revert,108294144,9517232,65536,117876912,4096,26439,89,108294144,364544,107929600,8431,76840,11,138,6127,10,10,138,8073,8431,0,,0
incremental,66,after_maintenance,108294144,9517232,65536,117876912,4096,26439,89,108294144,364544,107929600,8431,76840,11,138,6127,10,10,138,8073,8431,0,,0
incremental,67,mutate,108466176,9517232,65536,118048944,4096,26481,167,108466176,684032,107782144,8511,76980,11,158,6207,10,10,158,8153,8511,0,,0
incremental,67,revert,108466176,9517232,65536,118048944,4096,26481,216,108466176,884736,107581440,8431,76840,11,138,6127,10,10,138,8073,8431,0,,0
incremental,67,after_maintenance,108466176,9517232,65536,118048944,4096,26481,216,108466176,884736,107581440,8431,76840,11,138,6127,10,10,138,8073,8431,0,,0
incremental,68,mutate,108466176,9517232,65536,118048944,4096,26481,131,108466176,536576,107929600,8511,76980,11,158,6207,10,10,158,8153,8511,0,,0
incremental,68,revert,108466176,9517232,65536,118048944,4096,26481,184,108466176,753664,107712512,8431,76840,11,138,6127,10,10,138,8073,8431,0,,0
incremental,68,after_maintenance,108466176,9517232,65536,118048944,4096,26481,184,108466176,753664,107712512,8431,76840,11,138,6127,10,10,138,8073,8431,0,,0
incremental,69,mutate,108466176,9546072,65536,118077784,4096,26481,138,108466176,565248,107900928,8511,76980,11,158,6207,10,10,158,8153,8511,0,,0
incremental,69,revert,108466176,9546072,65536,118077784,4096,26481,177,108466176,724992,107741184,8431,76840,11,138,6127,10,10,138,8073,8431,0,,0
incremental,69,after_maintenance,108466176,9546072,65536,118077784,4096,26481,177,108466176,724992,107741184,8431,76840,11,138,6127,10,10,138,8073,8431,0,,0
incremental,70,mutate,108466176,9546072,65536,118077784,4096,26481,96,108466176,393216,108072960,8511,76980,11,158,6207,10,10,158,8153,8511,0,,0
incremental,70,revert,108466176,9546072,65536,118077784,4096,26481,140,108466176,573440,107892736,8431,76840,11,138,6127,10,10,138,8073,8431,0,,0
incremental,70,after_maintenance,107941888,0,65536,108007424,4096,26353,12,107941888,49152,107892736,8431,76840,11,138,6127,10,10,138,8073,8431,0,,0
incremental,71,mutate,108204032,9249432,65536,117519000,4096,26422,0,108224512,0,108224512,8511,76980,11,158,6207,10,10,158,8153,8511,0,,0
incremental,71,revert,108224512,9249432,65536,117539480,4096,26422,51,108224512,208896,108015616,8431,76840,11,138,6127,10,10,138,8073,8431,0,,0
incremental,71,after_maintenance,108224512,9249432,65536,117539480,4096,26422,51,108224512,208896,108015616,8431,76840,11,138,6127,10,10,138,8073,8431,0,,0
incremental,72,mutate,108556288,9249432,65536,117871256,4096,26503,114,108556288,466944,108089344,8511,76980,11,158,6207,10,10,158,8153,8511,0,,0
incremental,72,revert,108556288,9294752,65536,117916576,4096,26503,166,108556288,679936,107876352,8431,76840,11,138,6127,10,10,138,8073,8431,0,,0
incremental,72,after_maintenance,108556288,9294752,65536,117916576,4096,26503,166,108556288,679936,107876352,8431,76840,11,138,6127,10,10,138,8073,8431,0,,0
incremental,73,mutate,108556288,9307112,65536,117928936,4096,26503,83,108556288,339968,108216320,8511,76980,11,158,6207,10,10,158,8153,8511,0,,0
incremental,73,revert,108556288,9307112,65536,117928936,4096,26503,127,108556288,520192,108036096,8431,76840,11,138,6127,10,10,138,8073,8431,0,,0
incremental,73,after_maintenance,108556288,9307112,65536,117928936,4096,26503,127,108556288,520192,108036096,8431,76840,11,138,6127,10,10,138,8073,8431,0,,0
incremental,74,mutate,108556288,9356552,65536,117978376,4096,26503,37,108556288,151552,108404736,8511,76980,11,158,6207,10,10,158,8153,8511,0,,0
incremental,74,revert,108556288,9356552,65536,117978376,4096,26503,88,108556288,360448,108195840,8431,76840,11,138,6127,10,10,138,8073,8431,0,,0
incremental,74,after_maintenance,108556288,9356552,65536,117978376,4096,26503,88,108556288,360448,108195840,8431,76840,11,138,6127,10,10,138,8073,8431,0,,0
incremental,75,mutate,108683264,9488392,65536,118237192,4096,26534,113,108683264,462848,108220416,8511,76980,11,158,6207,10,10,158,8153,8511,0,,0
incremental,75,revert,108683264,9488392,65536,118237192,4096,26534,158,108683264,647168,108036096,8431,76840,11,138,6127,10,10,138,8073,8431,0,,0
incremental,75,after_maintenance,108683264,9488392,65536,118237192,4096,26534,158,108683264,647168,108036096,8431,76840,11,138,6127,10,10,138,8073,8431,0,,0
incremental,76,mutate,108683264,9488392,65536,118237192,4096,26534,77,108683264,315392,108367872,8511,76980,11,158,6207,10,10,158,8153,8511,0,,0
incremental,76,revert,108683264,9488392,65536,118237192,4096,26534,116,108683264,475136,108208128,8431,76840,11,138,6127,10,10,138,8073,8431,0,,0
incremental,76,after_maintenance,108683264,9488392,65536,118237192,4096,26534,116,108683264,475136,108208128,8431,76840,11,138,6127,10,10,138,8073,8431,0,,0
incremental,77,mutate,108711936,9488392,65536,118265864,4096,26541,143,108711936,585728,108126208,8511,76980,11,158,6207,10,10,158,8153,8511,0,,0
incremental,77,revert,108711936,9488392,65536,118265864,4096,26541,177,108711936,724992,107986944,8431,76840,11,138,6127,10,10,138,8073,8431,0,,0
incremental,77,after_maintenance,108711936,9488392,65536,118265864,4096,26541,177,108711936,724992,107986944,8431,76840,11,138,6127,10,10,138,8073,8431,0,,0
incremental,78,mutate,108711936,9488392,65536,118265864,4096,26541,95,108711936,389120,108322816,8511,76980,11,158,6207,10,10,158,8153,8511,0,,0
incremental,78,revert,108711936,9488392,65536,118265864,4096,26541,139,108711936,569344,108142592,8431,76840,11,138,6127,10,10,138,8073,8431,0,,0
incremental,78,after_maintenance,108711936,9488392,65536,118265864,4096,26541,139,108711936,569344,108142592,8431,76840,11,138,6127,10,10,138,8073,8431,0,,0
incremental,79,mutate,108711936,9488392,65536,118265864,4096,26541,60,108711936,245760,108466176,8511,76980,11,158,6207,10,10,158,8153,8511,0,,0
incremental,79,revert,108711936,9488392,65536,118265864,4096,26541,101,108711936,413696,108298240,8431,76840,11,138,6127,10,10,138,8073,8431,0,,0
incremental,79,after_maintenance,108711936,9488392,65536,118265864,4096,26541,101,108711936,413696,108298240,8431,76840,11,138,6127,10,10,138,8073,8431,0,,0
incremental,80,mutate,108802048,9488392,65536,118355976,4096,26563,114,108802048,466944,108335104,8511,76980,11,158,6207,10,10,158,8153,8511,0,,0
incremental,80,revert,108802048,9488392,65536,118355976,4096,26563,165,108802048,675840,108126208,8431,76840,11,138,6127,10,10,138,8073,8431,0,,0
incremental,80,after_maintenance,108277760,0,65536,108343296,4096,26435,37,108277760,151552,108126208,8431,76840,11,138,6127,10,10,138,8073,8431,0,,0
incremental,81,mutate,108457984,9282392,65536,117805912,4096,26483,0,108474368,0,108474368,8511,76980,11,158,6207,10,10,158,8153,8511,0,,0
incremental,81,revert,108474368,9282392,65536,117822296,4096,26483,40,108474368,163840,108310528,8431,76840,11,138,6127,10,10,138,8073,8431,0,,0
incremental,81,after_maintenance,108474368,9282392,65536,117822296,4096,26483,40,108474368,163840,108310528,8431,76840,11,138,6127,10,10,138,8073,8431,0,,0
incremental,82,mutate,108621824,9327712,65536,118015072,4096,26523,0,108638208,0,108638208,8511,76980,11,158,6207,10,10,158,8153,8511,0,,0
incremental,82,revert,108638208,9327712,65536,118031456,4096,26523,46,108638208,188416,108449792,8431,76840,11,138,6127,10,10,138,8073,8431,0,,0
incremental,82,after_maintenance,108638208,9327712,65536,118031456,4096,26523,46,108638208,188416,108449792,8431,76840,11,138,6127,10,10,138,8073,8431,0,,0
incremental,83,mutate,108961792,9562552,65536,118589880,4096,26602,114,108961792,466944,108494848,8511,76980,11,158,6207,10,10,158,8153,8511,0,,0
incremental,83,revert,108961792,9562552,65536,118589880,4096,26602,153,108961792,626688,108335104,8431,76840,11,138,6127,10,10,138,8073,8431,0,,0
incremental,83,after_maintenance,108961792,9562552,65536,118589880,4096,26602,153,108961792,626688,108335104,8431,76840,11,138,6127,10,10,138,8073,8431,0,,0
incremental,84,mutate,108961792,9562552,65536,118589880,4096,26602,76,108961792,311296,108650496,8511,76980,11,158,6207,10,10,158,8153,8511,0,,0
incremental,84,revert,108961792,9562552,65536,118589880,4096,26602,127,108961792,520192,108441600,8431,76840,11,138,6127,10,10,138,8073,8431,0,,0
incremental,84,after_maintenance,108961792,9562552,65536,118589880,4096,26602,127,108961792,520192,108441600,8431,76840,11,138,6127,10,10,138,8073,8431,0,,0
incremental,85,mutate,108961792,9562552,65536,118589880,4096,26602,81,108961792,331776,108630016,8511,76980,11,158,6207,10,10,158,8153,8511,0,,0
incremental,85,revert,108961792,9562552,65536,118589880,4096,26602,123,108961792,503808,108457984,8431,76840,11,138,6127,10,10,138,8073,8431,0,,0
incremental,85,after_maintenance,108961792,9562552,65536,118589880,4096,26602,123,108961792,503808,108457984,8431,76840,11,138,6127,10,10,138,8073,8431,0,,0
incremental,86,mutate,108961792,9562552,65536,118589880,4096,26602,44,108961792,180224,108781568,8511,76980,11,158,6207,10,10,158,8153,8511,0,,0
incremental,86,revert,108961792,9562552,65536,118589880,4096,26602,86,108961792,352256,108609536,8431,76840,11,138,6127,10,10,138,8073,8431,0,,0
incremental,86,after_maintenance,108961792,9562552,65536,118589880,4096,26602,86,108961792,352256,108609536,8431,76840,11,138,6127,10,10,138,8073,8431,0,,0
incremental,87,mutate,108961792,9562552,65536,118589880,4096,26602,1,108961792,4096,108957696,8511,76980,11,158,6207,10,10,158,8153,8511,0,,0
incremental,87,revert,108961792,9562552,65536,118589880,4096,26602,40,108961792,163840,108797952,8431,76840,11,138,6127,10,10,138,8073,8431,0,,0
incremental,87,after_maintenance,108961792,9562552,65536,118589880,4096,26602,40,108961792,163840,108797952,8431,76840,11,138,6127,10,10,138,8073,8431,0,,0
incremental,88,mutate,109260800,9562552,65536,118888888,4096,26675,183,109260800,749568,108511232,8511,76980,11,158,6207,10,10,158,8153,8511,0,,0
incremental,88,revert,109260800,9562552,65536,118888888,4096,26675,236,109260800,966656,108294144,8431,76840,11,138,6127,10,10,138,8073,8431,0,,0
incremental,88,after_maintenance,109260800,9562552,65536,118888888,4096,26675,236,109260800,966656,108294144,8431,76840,11,138,6127,10,10,138,8073,8431,0,,0
incremental,89,mutate,109260800,9562552,65536,118888888,4096,26675,140,109260800,573440,108687360,8511,76980,11,158,6207,10,10,158,8153,8511,0,,0
incremental,89,revert,109502464,9562552,65536,119130552,4096,26734,285,109502464,1167360,108335104,8431,76840,11,138,6127,10,10,138,8073,8431,0,,0
incremental,89,after_maintenance,109502464,9562552,65536,119130552,4096,26734,285,109502464,1167360,108335104,8431,76840,11,138,6127,10,10,138,8073,8431,0,,0
incremental,90,mutate,109502464,9562552,65536,119130552,4096,26734,197,109502464,806912,108695552,8511,76980,11,158,6207,10,10,158,8153,8511,0,,0
incremental,90,revert,109502464,9562552,65536,119130552,4096,26734,243,109502464,995328,108507136,8431,76840,11,138,6127,10,10,138,8073,8431,0,,0
incremental,90,after_maintenance,108978176,0,65536,109043712,4096,26606,115,108978176,471040,108507136,8431,76840,11,138,6127,10,10,138,8073,8431,0,,0
incremental,91,mutate,109019136,9554312,65536,118638984,4096,26616,113,109019136,462848,108556288,8511,76980,11,158,6207,10,10,158,8153,8511,0,,0
incremental,91,revert,109019136,9554312,65536,118638984,4096,26616,160,109019136,655360,108363776,8431,76840,11,138,6127,10,10,138,8073,8431,0,,0
incremental,91,after_maintenance,109019136,9554312,65536,118638984,4096,26616,160,109019136,655360,108363776,8431,76840,11,138,6127,10,10,138,8073,8431,0,,0
incremental,92,mutate,109019136,9554312,65536,118638984,4096,26616,77,109019136,315392,108703744,8511,76980,11,158,6207,10,10,158,8153,8511,0,,0
incremental,92,revert,109019136,9554312,65536,118638984,4096,26616,123,109019136,503808,108515328,8431,76840,11,138,6127,10,10,138,8073,8431,0,,0
incremental,92,after_maintenance,109019136,9554312,65536,118638984,4096,26616,123,109019136,503808,108515328,8431,76840,11,138,6127,10,10,138,8073,8431,0,,0
incremental,93,mutate,109019136,9554312,65536,118638984,4096,26616,75,109019136,307200,108711936,8511,76980,11,158,6207,10,10,158,8153,8511,0,,0
incremental,93,revert,109019136,9554312,65536,118638984,4096,26616,125,109019136,512000,108507136,8431,76840,11,138,6127,10,10,138,8073,8431,0,,0
incremental,93,after_maintenance,109019136,9554312,65536,118638984,4096,26616,125,109019136,512000,108507136,8431,76840,11,138,6127,10,10,138,8073,8431,0,,0
incremental,94,mutate,109019136,9554312,65536,118638984,4096,26616,46,109019136,188416,108830720,8511,76980,11,158,6207,10,10,158,8153,8511,0,,0
incremental,94,revert,109019136,9554312,65536,118638984,4096,26616,91,109019136,372736,108646400,8431,76840,11,138,6127,10,10,138,8073,8431,0,,0
incremental,94,after_maintenance,109019136,9554312,65536,118638984,4096,26616,91,109019136,372736,108646400,8431,76840,11,138,6127,10,10,138,8073,8431,0,,0
incremental,95,mutate,109019136,9554312,65536,118638984,4096,26616,6,109019136,24576,108994560,8511,76980,11,158,6207,10,10,158,8153,8511,0,,0
incremental,95,revert,109019136,9554312,65536,118638984,4096,26616,47,109019136,192512,108826624,8431,76840,11,138,6127,10,10,138,8073,8431,0,,0
incremental,95,after_maintenance,109019136,9554312,65536,118638984,4096,26616,47,109019136,192512,108826624,8431,76840,11,138,6127,10,10,138,8073,8431,0,,0
incremental,96,mutate,109305856,9554312,65536,118925704,4096,26686,114,109305856,466944,108838912,8511,76980,11,158,6207,10,10,158,8153,8511,0,,0
incremental,96,revert,109305856,9554312,65536,118925704,4096,26686,166,109305856,679936,108625920,8431,76840,11,138,6127,10,10,138,8073,8431,0,,0
incremental,96,after_maintenance,109305856,9554312,65536,118925704,4096,26686,166,109305856,679936,108625920,8431,76840,11,138,6127,10,10,138,8073,8431,0,,0
incremental,97,mutate,109305856,9554312,65536,118925704,4096,26686,75,109305856,307200,108998656,8511,76980,11,158,6207,10,10,158,8153,8511,0,,0
incremental,97,revert,109305856,9554312,65536,118925704,4096,26686,118,109305856,483328,108822528,8431,76840,11,138,6127,10,10,138,8073,8431,0,,0
incremental,97,after_maintenance,109305856,9554312,65536,118925704,4096,26686,118,109305856,483328,108822528,8431,76840,11,138,6127,10,10,138,8073,8431,0,,0
incremental,98,mutate,109305856,9554312,65536,118925704,4096,26686,35,109305856,143360,109162496,8511,76980,11,158,6207,10,10,158,8153,8511,0,,0
incremental,98,revert,109305856,9554312,65536,118925704,4096,26686,81,109305856,331776,108974080,8431,76840,11,138,6127,10,10,138,8073,8431,0,,0
incremental,98,after_maintenance,109305856,9554312,65536,118925704,4096,26686,81,109305856,331776,108974080,8431,76840,11,138,6127,10,10,138,8073,8431,0,,0
incremental,99,mutate,109490176,9554312,65536,119110024,4096,26731,167,109490176,684032,108806144,8511,76980,11,158,6207,10,10,158,8153,8511,0,,0
incremental,99,revert,109490176,9554312,65536,119110024,4096,26731,219,109490176,897024,108593152,8431,76840,11,138,6127,10,10,138,8073,8431,0,,0
incremental,99,after_maintenance,109490176,9554312,65536,119110024,4096,26731,219,109490176,897024,108593152,8431,76840,11,138,6127,10,10,138,8073,8431,0,,0
incremental,100,mutate,109490176,9554312,65536,119110024,4096,26731,131,109490176,536576,108953600,8511,76980,11,158,6207,10,10,158,8153,8511,0,,0
incremental,100,revert,109490176,9554312,65536,119110024,4096,26731,176,109490176,720896,108769280,8431,76840,11,138,6127,10,10,138,8073,8431,0,,0
incremental,100,after_maintenance,108965888,0,65536,109031424,4096,26603,48,108965888,196608,108769280,8431,76840,11,138,6127,10,10,138,8073,8431,0,,0
