policy,cycle,phase,db_bytes,wal_bytes,shm_bytes,total_bytes,page_size,page_count,freelist_count,allocated_bytes,free_reusable_bytes,non_freelist_bytes,count_nodes,count_edges,count_metadata,count_flows,count_flow_memberships,count_communities,count_community_summaries,count_flow_snapshots,count_risk_index,count_nodes_fts_state,count_embeddings,mismatched_layers,dangling_flow_memberships
none,0,cold,104644608,22272752,65536,126982896,4096,25929,0,106205184,0,106205184,8430,76805,11,138,6195,10,10,138,8072,8430,0,,0
none,1,mutate,106602496,22272752,65536,128940784,4096,26067,0,106770432,0,106770432,8510,76945,11,138,6195,10,10,138,8152,8510,0,,687
none,1,revert,106770432,22272752,65536,129108720,4096,26067,48,106770432,196608,106573824,8430,76805,11,138,6195,10,10,138,8072,8430,0,flow_memberships;flow_snapshots;flows;node_community,687
none,1,after_maintenance,106770432,22272752,65536,129108720,4096,26067,48,106770432,196608,106573824,8430,76805,11,138,6195,10,10,138,8072,8430,0,flow_memberships;flow_snapshots;flows;node_community,687
none,2,mutate,106926080,22272752,65536,129264368,4096,26105,0,106926080,0,106926080,8510,76945,11,138,6195,10,10,138,8152,8510,0,,687
none,2,revert,106926080,22272752,65536,129264368,4096,26105,48,106926080,196608,106729472,8430,76805,11,138,6195,10,10,138,8072,8430,0,flow_memberships;flow_snapshots;flows;node_community,687
none,2,after_maintenance,106926080,22272752,65536,129264368,4096,26105,48,106926080,196608,106729472,8430,76805,11,138,6195,10,10,138,8072,8430,0,flow_memberships;flow_snapshots;flows;node_community,687
none,3,mutate,107327488,22272752,65536,129665776,4096,26203,82,107327488,335872,106991616,8510,76945,11,138,6195,10,10,138,8152,8510,0,,687
none,3,revert,107327488,22272752,65536,129665776,4096,26203,111,107327488,454656,106872832,8430,76805,11,138,6195,10,10,138,8072,8430,0,flow_memberships;flow_snapshots;flows;node_community,687
none,3,after_maintenance,107327488,22272752,65536,129665776,4096,26203,111,107327488,454656,106872832,8430,76805,11,138,6195,10,10,138,8072,8430,0,flow_memberships;flow_snapshots;flows;node_community,687
none,4,mutate,107327488,22272752,65536,129665776,4096,26203,34,107327488,139264,107188224,8510,76945,11,138,6195,10,10,138,8152,8510,0,,687
none,4,revert,107327488,22272752,65536,129665776,4096,26260,171,107560960,700416,106860544,8430,76805,11,138,6195,10,10,138,8072,8430,0,flow_memberships;flow_snapshots;flows;node_community,687
none,4,after_maintenance,107327488,22272752,65536,129665776,4096,26260,171,107560960,700416,106860544,8430,76805,11,138,6195,10,10,138,8072,8430,0,flow_memberships;flow_snapshots;flows;node_community,687
none,5,mutate,107560960,22272752,65536,129899248,4096,26260,95,107560960,389120,107171840,8510,76945,11,138,6195,10,10,138,8152,8510,0,,687
none,5,revert,107560960,22272752,65536,129899248,4096,26260,136,107560960,557056,107003904,8430,76805,11,138,6195,10,10,138,8072,8430,0,flow_memberships;flow_snapshots;flows;node_community,687
none,5,after_maintenance,107560960,22272752,65536,129899248,4096,26260,136,107560960,557056,107003904,8430,76805,11,138,6195,10,10,138,8072,8430,0,flow_memberships;flow_snapshots;flows;node_community,687
none,6,mutate,107864064,22272752,65536,130202352,4096,26334,156,107864064,638976,107225088,8510,76945,11,138,6195,10,10,138,8152,8510,0,,687
none,6,revert,107864064,22272752,65536,130202352,4096,26334,196,107864064,802816,107061248,8430,76805,11,138,6195,10,10,138,8072,8430,0,flow_memberships;flow_snapshots;flows;node_community,687
none,6,after_maintenance,107864064,22272752,65536,130202352,4096,26334,196,107864064,802816,107061248,8430,76805,11,138,6195,10,10,138,8072,8430,0,flow_memberships;flow_snapshots;flows;node_community,687
none,7,mutate,107864064,22272752,65536,130202352,4096,26334,122,107864064,499712,107364352,8510,76945,11,138,6195,10,10,138,8152,8510,0,,687
none,7,revert,107864064,22272752,65536,130202352,4096,26334,162,107864064,663552,107200512,8430,76805,11,138,6195,10,10,138,8072,8430,0,flow_memberships;flow_snapshots;flows;node_community,687
none,7,after_maintenance,107864064,22272752,65536,130202352,4096,26334,162,107864064,663552,107200512,8430,76805,11,138,6195,10,10,138,8072,8430,0,flow_memberships;flow_snapshots;flows;node_community,687
none,8,mutate,107864064,22272752,65536,130202352,4096,26334,230,107864064,942080,106921984,8510,76945,11,138,6195,10,10,138,8152,8510,0,,687
none,8,revert,107864064,22272752,65536,130202352,4096,26334,275,107864064,1126400,106737664,8430,76805,11,138,6195,10,10,138,8072,8430,0,flow_memberships;flow_snapshots;flows;node_community,687
none,8,after_maintenance,107864064,22272752,65536,130202352,4096,26334,275,107864064,1126400,106737664,8430,76805,11,138,6195,10,10,138,8072,8430,0,flow_memberships;flow_snapshots;flows;node_community,687
none,9,mutate,107864064,22272752,65536,130202352,4096,26334,190,107864064,778240,107085824,8510,76945,11,138,6195,10,10,138,8152,8510,0,,687
none,9,revert,107864064,22272752,65536,130202352,4096,26334,227,107864064,929792,106934272,8430,76805,11,138,6195,10,10,138,8072,8430,0,flow_memberships;flow_snapshots;flows;node_community,687
none,9,after_maintenance,107864064,22272752,65536,130202352,4096,26334,227,107864064,929792,106934272,8430,76805,11,138,6195,10,10,138,8072,8430,0,flow_memberships;flow_snapshots;flows;node_community,687
none,10,mutate,107864064,22272752,65536,130202352,4096,26334,155,107864064,634880,107229184,8510,76945,11,138,6195,10,10,138,8152,8510,0,,687
none,10,revert,107864064,22272752,65536,130202352,4096,26334,199,107864064,815104,107048960,8430,76805,11,138,6195,10,10,138,8072,8430,0,flow_memberships;flow_snapshots;flows;node_community,687
none,10,after_maintenance,107864064,22272752,65536,130202352,4096,26334,199,107864064,815104,107048960,8430,76805,11,138,6195,10,10,138,8072,8430,0,flow_memberships;flow_snapshots;flows;node_community,687
none,11,mutate,107864064,22272752,65536,130202352,4096,26334,186,107864064,761856,107102208,8510,76945,11,138,6195,10,10,138,8152,8510,0,,687
none,11,revert,107864064,22272752,65536,130202352,4096,26334,233,107864064,954368,106909696,8430,76805,11,138,6195,10,10,138,8072,8430,0,flow_memberships;flow_snapshots;flows;node_community,687
none,11,after_maintenance,107864064,22272752,65536,130202352,4096,26334,233,107864064,954368,106909696,8430,76805,11,138,6195,10,10,138,8072,8430,0,flow_memberships;flow_snapshots;flows;node_community,687
none,12,mutate,107864064,22272752,65536,130202352,4096,26334,140,107864064,573440,107290624,8510,76945,11,138,6195,10,10,138,8152,8510,0,,687
none,12,revert,107864064,22272752,65536,130202352,4096,26334,199,107864064,815104,107048960,8430,76805,11,138,6195,10,10,138,8072,8430,0,flow_memberships;flow_snapshots;flows;node_community,687
none,12,after_maintenance,107864064,22272752,65536,130202352,4096,26334,199,107864064,815104,107048960,8430,76805,11,138,6195,10,10,138,8072,8430,0,flow_memberships;flow_snapshots;flows;node_community,687
none,13,mutate,107864064,22272752,65536,130202352,4096,26334,197,107864064,806912,107057152,8510,76945,11,138,6195,10,10,138,8152,8510,0,,687
none,13,revert,107864064,22272752,65536,130202352,4096,26334,237,107864064,970752,106893312,8430,76805,11,138,6195,10,10,138,8072,8430,0,flow_memberships;flow_snapshots;flows;node_community,687
none,13,after_maintenance,107864064,22272752,65536,130202352,4096,26334,237,107864064,970752,106893312,8430,76805,11,138,6195,10,10,138,8072,8430,0,flow_memberships;flow_snapshots;flows;node_community,687
none,14,mutate,107864064,22272752,65536,130202352,4096,26334,153,107864064,626688,107237376,8510,76945,11,138,6195,10,10,138,8152,8510,0,,687
none,14,revert,107864064,22272752,65536,130202352,4096,26350,289,107929600,1183744,106745856,8430,76805,11,138,6195,10,10,138,8072,8430,0,flow_memberships;flow_snapshots;flows;node_community,687
none,14,after_maintenance,107864064,22272752,65536,130202352,4096,26350,289,107929600,1183744,106745856,8430,76805,11,138,6195,10,10,138,8072,8430,0,flow_memberships;flow_snapshots;flows;node_community,687
none,15,mutate,107929600,22272752,65536,130267888,4096,26350,209,107929600,856064,107073536,8510,76945,11,138,6195,10,10,138,8152,8510,0,,687
none,15,revert,107929600,22272752,65536,130267888,4096,26350,244,107929600,999424,106930176,8430,76805,11,138,6195,10,10,138,8072,8430,0,flow_memberships;flow_snapshots;flows;node_community,687
none,15,after_maintenance,107929600,22272752,65536,130267888,4096,26350,244,107929600,999424,106930176,8430,76805,11,138,6195,10,10,138,8072,8430,0,flow_memberships;flow_snapshots;flows;node_community,687
none,16,mutate,107929600,22272752,65536,130267888,4096,26350,270,107929600,1105920,106823680,8510,76945,11,138,6195,10,10,138,8152,8510,0,,687
none,16,revert,107929600,22272752,65536,130267888,4096,26350,305,107929600,1249280,106680320,8430,76805,11,138,6195,10,10,138,8072,8430,0,flow_memberships;flow_snapshots;flows;node_community,687
none,16,after_maintenance,107929600,22272752,65536,130267888,4096,26350,305,107929600,1249280,106680320,8430,76805,11,138,6195,10,10,138,8072,8430,0,flow_memberships;flow_snapshots;flows;node_community,687
none,17,mutate,107929600,22272752,65536,130267888,4096,26350,216,107929600,884736,107044864,8510,76945,11,138,6195,10,10,138,8152,8510,0,,687
none,17,revert,107929600,22272752,65536,130267888,4096,26350,261,107929600,1069056,106860544,8430,76805,11,138,6195,10,10,138,8072,8430,0,flow_memberships;flow_snapshots;flows;node_community,687
none,17,after_maintenance,107929600,22272752,65536,130267888,4096,26350,261,107929600,1069056,106860544,8430,76805,11,138,6195,10,10,138,8072,8430,0,flow_memberships;flow_snapshots;flows;node_community,687
none,18,mutate,107929600,22272752,65536,130267888,4096,26350,177,107929600,724992,107204608,8510,76945,11,138,6195,10,10,138,8152,8510,0,,687
none,18,revert,107929600,22272752,65536,130267888,4096,26350,224,107929600,917504,107012096,8430,76805,11,138,6195,10,10,138,8072,8430,0,flow_memberships;flow_snapshots;flows;node_community,687
none,18,after_maintenance,107929600,22272752,65536,130267888,4096,26350,224,107929600,917504,107012096,8430,76805,11,138,6195,10,10,138,8072,8430,0,flow_memberships;flow_snapshots;flows;node_community,687
none,19,mutate,107929600,22272752,65536,130267888,4096,26350,222,107929600,909312,107020288,8510,76945,11,138,6195,10,10,138,8152,8510,0,,687
none,19,revert,107929600,22272752,65536,130267888,4096,26350,258,107929600,1056768,106872832,8430,76805,11,138,6195,10,10,138,8072,8430,0,flow_memberships;flow_snapshots;flows;node_community,687
none,19,after_maintenance,107929600,22272752,65536,130267888,4096,26350,258,107929600,1056768,106872832,8430,76805,11,138,6195,10,10,138,8072,8430,0,flow_memberships;flow_snapshots;flows;node_community,687
none,20,mutate,107929600,22272752,65536,130267888,4096,26350,180,107929600,737280,107192320,8510,76945,11,138,6195,10,10,138,8152,8510,0,,687
none,20,revert,107929600,22272752,65536,130267888,4096,26350,223,107929600,913408,107016192,8430,76805,11,138,6195,10,10,138,8072,8430,0,flow_memberships;flow_snapshots;flows;node_community,687
none,20,after_maintenance,107929600,22272752,65536,130267888,4096,26350,223,107929600,913408,107016192,8430,76805,11,138,6195,10,10,138,8072,8430,0,flow_memberships;flow_snapshots;flows;node_community,687
none,21,mutate,107929600,22272752,65536,130267888,4096,26350,187,107929600,765952,107163648,8510,76945,11,138,6195,10,10,138,8152,8510,0,,687
none,21,revert,107929600,22272752,65536,130267888,4096,26350,225,107929600,921600,107008000,8430,76805,11,138,6195,10,10,138,8072,8430,0,flow_memberships;flow_snapshots;flows;node_community,687
none,21,after_maintenance,107929600,22272752,65536,130267888,4096,26350,225,107929600,921600,107008000,8430,76805,11,138,6195,10,10,138,8072,8430,0,flow_memberships;flow_snapshots;flows;node_community,687
none,22,mutate,107929600,22272752,65536,130267888,4096,26350,143,107929600,585728,107343872,8510,76945,11,138,6195,10,10,138,8152,8510,0,,687
none,22,revert,107929600,22272752,65536,130267888,4096,26350,188,107929600,770048,107159552,8430,76805,11,138,6195,10,10,138,8072,8430,0,flow_memberships;flow_snapshots;flows;node_community,687
none,22,after_maintenance,107929600,22272752,65536,130267888,4096,26350,188,107929600,770048,107159552,8430,76805,11,138,6195,10,10,138,8072,8430,0,flow_memberships;flow_snapshots;flows;node_community,687
none,23,mutate,107929600,22272752,65536,130267888,4096,26350,99,107929600,405504,107524096,8510,76945,11,138,6195,10,10,138,8152,8510,0,,687
none,23,revert,107929600,22272752,65536,130267888,4096,26350,142,107929600,581632,107347968,8430,76805,11,138,6195,10,10,138,8072,8430,0,flow_memberships;flow_snapshots;flows;node_community,687
none,23,after_maintenance,107929600,22272752,65536,130267888,4096,26350,142,107929600,581632,107347968,8430,76805,11,138,6195,10,10,138,8072,8430,0,flow_memberships;flow_snapshots;flows;node_community,687
none,24,mutate,107929600,22272752,65536,130267888,4096,26350,196,107929600,802816,107126784,8510,76945,11,138,6195,10,10,138,8152,8510,0,,687
none,24,revert,107929600,22272752,65536,130267888,4096,26350,242,107929600,991232,106938368,8430,76805,11,138,6195,10,10,138,8072,8430,0,flow_memberships;flow_snapshots;flows;node_community,687
none,24,after_maintenance,107929600,22272752,65536,130267888,4096,26350,242,107929600,991232,106938368,8430,76805,11,138,6195,10,10,138,8072,8430,0,flow_memberships;flow_snapshots;flows;node_community,687
none,25,mutate,107929600,22272752,65536,130267888,4096,26350,159,107929600,651264,107278336,8510,76945,11,138,6195,10,10,138,8152,8510,0,,687
none,25,revert,107929600,22272752,65536,130267888,4096,26350,197,107929600,806912,107122688,8430,76805,11,138,6195,10,10,138,8072,8430,0,flow_memberships;flow_snapshots;flows;node_community,687
none,25,after_maintenance,107929600,22272752,65536,130267888,4096,26350,197,107929600,806912,107122688,8430,76805,11,138,6195,10,10,138,8072,8430,0,flow_memberships;flow_snapshots;flows;node_community,687
none,26,mutate,107929600,22272752,65536,130267888,4096,26350,115,107929600,471040,107458560,8510,76945,11,138,6195,10,10,138,8152,8510,0,,687
none,26,revert,107929600,22272752,65536,130267888,4096,26350,166,107929600,679936,107249664,8430,76805,11,138,6195,10,10,138,8072,8430,0,flow_memberships;flow_snapshots;flows;node_community,687
none,26,after_maintenance,107929600,22272752,65536,130267888,4096,26350,166,107929600,679936,107249664,8430,76805,11,138,6195,10,10,138,8072,8430,0,flow_memberships;flow_snapshots;flows;node_community,687
none,27,mutate,107929600,22272752,65536,130267888,4096,26350,156,107929600,638976,107290624,8510,76945,11,138,6195,10,10,138,8152,8510,0,,687
none,27,revert,107929600,22272752,65536,130267888,4096,26350,198,107929600,811008,107118592,8430,76805,11,138,6195,10,10,138,8072,8430,0,flow_memberships;flow_snapshots;flows;node_community,687
none,27,after_maintenance,107929600,22272752,65536,130267888,4096,26350,198,107929600,811008,107118592,8430,76805,11,138,6195,10,10,138,8072,8430,0,flow_memberships;flow_snapshots;flows;node_community,687
none,28,mutate,107929600,22272752,65536,130267888,4096,26350,118,107929600,483328,107446272,8510,76945,11,138,6195,10,10,138,8152,8510,0,,687
none,28,revert,107929600,22272752,65536,130267888,4096,26350,163,107929600,667648,107261952,8430,76805,11,138,6195,10,10,138,8072,8430,0,flow_memberships;flow_snapshots;flows;node_community,687
none,28,after_maintenance,107929600,22272752,65536,130267888,4096,26350,163,107929600,667648,107261952,8430,76805,11,138,6195,10,10,138,8072,8430,0,flow_memberships;flow_snapshots;flows;node_community,687
none,29,mutate,107929600,22272752,65536,130267888,4096,26350,116,107929600,475136,107454464,8510,76945,11,138,6195,10,10,138,8152,8510,0,,687
none,29,revert,107929600,22272752,65536,130267888,4096,26350,165,107929600,675840,107253760,8430,76805,11,138,6195,10,10,138,8072,8430,0,flow_memberships;flow_snapshots;flows;node_community,687
none,29,after_maintenance,107929600,22272752,65536,130267888,4096,26350,165,107929600,675840,107253760,8430,76805,11,138,6195,10,10,138,8072,8430,0,flow_memberships;flow_snapshots;flows;node_community,687
none,30,mutate,107929600,22272752,65536,130267888,4096,26350,80,107929600,327680,107601920,8510,76945,11,138,6195,10,10,138,8152,8510,0,,687
none,30,revert,107929600,22272752,65536,130267888,4096,26350,137,107929600,561152,107368448,8430,76805,11,138,6195,10,10,138,8072,8430,0,flow_memberships;flow_snapshots;flows;node_community,687
none,30,after_maintenance,107929600,22272752,65536,130267888,4096,26350,137,107929600,561152,107368448,8430,76805,11,138,6195,10,10,138,8072,8430,0,flow_memberships;flow_snapshots;flows;node_community,687
none,31,mutate,107929600,22272752,65536,130267888,4096,26350,49,107929600,200704,107728896,8510,76945,11,138,6195,10,10,138,8152,8510,0,,687
none,31,revert,107929600,22272752,65536,130267888,4096,26350,86,107929600,352256,107577344,8430,76805,11,138,6195,10,10,138,8072,8430,0,flow_memberships;flow_snapshots;flows;node_community,687
none,31,after_maintenance,107929600,22272752,65536,130267888,4096,26350,86,107929600,352256,107577344,8430,76805,11,138,6195,10,10,138,8072,8430,0,flow_memberships;flow_snapshots;flows;node_community,687
none,32,mutate,108068864,22272752,65536,130407152,4096,26384,116,108068864,475136,107593728,8510,76945,11,138,6195,10,10,138,8152,8510,0,,687
none,32,revert,108068864,22272752,65536,130407152,4096,26384,162,108068864,663552,107405312,8430,76805,11,138,6195,10,10,138,8072,8430,0,flow_memberships;flow_snapshots;flows;node_community,687
none,32,after_maintenance,108068864,22272752,65536,130407152,4096,26384,162,108068864,663552,107405312,8430,76805,11,138,6195,10,10,138,8072,8430,0,flow_memberships;flow_snapshots;flows;node_community,687
none,33,mutate,108068864,22272752,65536,130407152,4096,26384,77,108068864,315392,107753472,8510,76945,11,138,6195,10,10,138,8152,8510,0,,687
none,33,revert,108068864,22272752,65536,130407152,4096,26384,115,108068864,471040,107597824,8430,76805,11,138,6195,10,10,138,8072,8430,0,flow_memberships;flow_snapshots;flows;node_community,687
none,33,after_maintenance,108068864,22272752,65536,130407152,4096,26384,115,108068864,471040,107597824,8430,76805,11,138,6195,10,10,138,8072,8430,0,flow_memberships;flow_snapshots;flows;node_community,687
none,34,mutate,108068864,22272752,65536,130407152,4096,26384,36,108068864,147456,107921408,8510,76945,11,138,6195,10,10,138,8152,8510,0,,687
none,34,revert,108068864,22272752,65536,130407152,4096,26384,80,108068864,327680,107741184,8430,76805,11,138,6195,10,10,138,8072,8430,0,flow_memberships;flow_snapshots;flows;node_community,687
none,34,after_maintenance,108068864,22272752,65536,130407152,4096,26384,80,108068864,327680,107741184,8430,76805,11,138,6195,10,10,138,8072,8430,0,flow_memberships;flow_snapshots;flows;node_community,687
none,35,mutate,108244992,22272752,65536,130583280,4096,26427,170,108244992,696320,107548672,8510,76945,11,138,6195,10,10,138,8152,8510,0,,687
none,35,revert,108244992,22272752,65536,130583280,4096,26427,211,108244992,864256,107380736,8430,76805,11,138,6195,10,10,138,8072,8430,0,flow_memberships;flow_snapshots;flows;node_community,687
none,35,after_maintenance,108244992,22272752,65536,130583280,4096,26427,211,108244992,864256,107380736,8430,76805,11,138,6195,10,10,138,8072,8430,0,flow_memberships;flow_snapshots;flows;node_community,687
none,36,mutate,108244992,22272752,65536,130583280,4096,26427,133,108244992,544768,107700224,8510,76945,11,138,6195,10,10,138,8152,8510,0,,687
none,36,revert,108244992,22272752,65536,130583280,4096,26427,177,108244992,724992,107520000,8430,76805,11,138,6195,10,10,138,8072,8430,0,flow_memberships;flow_snapshots;flows;node_community,687
none,36,after_maintenance,108244992,22272752,65536,130583280,4096,26427,177,108244992,724992,107520000,8430,76805,11,138,6195,10,10,138,8072,8430,0,flow_memberships;flow_snapshots;flows;node_community,687
none,37,mutate,108244992,22272752,65536,130583280,4096,26427,143,108244992,585728,107659264,8510,76945,11,138,6195,10,10,138,8152,8510,0,,687
none,37,revert,108244992,22272752,65536,130583280,4096,26427,184,108244992,753664,107491328,8430,76805,11,138,6195,10,10,138,8072,8430,0,flow_memberships;flow_snapshots;flows;node_community,687
none,37,after_maintenance,108244992,22272752,65536,130583280,4096,26427,184,108244992,753664,107491328,8430,76805,11,138,6195,10,10,138,8072,8430,0,flow_memberships;flow_snapshots;flows;node_community,687
none,38,mutate,108244992,22272752,65536,130583280,4096,26427,96,108244992,393216,107851776,8510,76945,11,138,6195,10,10,138,8152,8510,0,,687
none,38,revert,108244992,22272752,65536,130583280,4096,26427,142,108244992,581632,107663360,8430,76805,11,138,6195,10,10,138,8072,8430,0,flow_memberships;flow_snapshots;flows;node_community,687
none,38,after_maintenance,108244992,22272752,65536,130583280,4096,26427,142,108244992,581632,107663360,8430,76805,11,138,6195,10,10,138,8072,8430,0,flow_memberships;flow_snapshots;flows;node_community,687
none,39,mutate,108244992,22272752,65536,130583280,4096,26427,61,108244992,249856,107995136,8510,76945,11,138,6195,10,10,138,8152,8510,0,,687
none,39,revert,108244992,22272752,65536,130583280,4096,26427,101,108244992,413696,107831296,8430,76805,11,138,6195,10,10,138,8072,8430,0,flow_memberships;flow_snapshots;flows;node_community,687
none,39,after_maintenance,108244992,22272752,65536,130583280,4096,26427,101,108244992,413696,107831296,8430,76805,11,138,6195,10,10,138,8072,8430,0,flow_memberships;flow_snapshots;flows;node_community,687
none,40,mutate,108351488,22272752,65536,130689776,4096,26453,116,108351488,475136,107876352,8510,76945,11,138,6195,10,10,138,8152,8510,0,,687
none,40,revert,108351488,22272752,65536,130689776,4096,26453,165,108351488,675840,107675648,8430,76805,11,138,6195,10,10,138,8072,8430,0,flow_memberships;flow_snapshots;flows;node_community,687
none,40,after_maintenance,108351488,22272752,65536,130689776,4096,26453,165,108351488,675840,107675648,8430,76805,11,138,6195,10,10,138,8072,8430,0,flow_memberships;flow_snapshots;flows;node_community,687
none,41,mutate,108351488,22272752,65536,130689776,4096,26453,85,108351488,348160,108003328,8510,76945,11,138,6195,10,10,138,8152,8510,0,,687
none,41,revert,108351488,22272752,65536,130689776,4096,26453,118,108351488,483328,107868160,8430,76805,11,138,6195,10,10,138,8072,8430,0,flow_memberships;flow_snapshots;flows;node_community,687
none,41,after_maintenance,108351488,22272752,65536,130689776,4096,26453,118,108351488,483328,107868160,8430,76805,11,138,6195,10,10,138,8072,8430,0,flow_memberships;flow_snapshots;flows;node_community,687
none,42,mutate,108351488,22272752,65536,130689776,4096,26453,38,108351488,155648,108195840,8510,76945,11,138,6195,10,10,138,8152,8510,0,,687
none,42,revert,108351488,22272752,65536,130689776,4096,26453,81,108351488,331776,108019712,8430,76805,11,138,6195,10,10,138,8072,8430,0,flow_memberships;flow_snapshots;flows;node_community,687
none,42,after_maintenance,108351488,22272752,65536,130689776,4096,26453,81,108351488,331776,108019712,8430,76805,11,138,6195,10,10,138,8072,8430,0,flow_memberships;flow_snapshots;flows;node_community,687
none,43,mutate,108453888,22272752,65536,130792176,4096,26478,116,108453888,475136,107978752,8510,76945,11,138,6195,10,10,138,8152,8510,0,,687
none,43,revert,108453888,22272752,65536,130792176,4096,26478,146,108453888,598016,107855872,8430,76805,11,138,6195,10,10,138,8072,8430,0,flow_memberships;flow_snapshots;flows;node_community,687
none,43,after_maintenance,108453888,22272752,65536,130792176,4096,26478,146,108453888,598016,107855872,8430,76805,11,138,6195,10,10,138,8072,8430,0,flow_memberships;flow_snapshots;flows;node_community,687
none,44,mutate,108453888,22272752,65536,130792176,4096,26478,67,108453888,274432,108179456,8510,76945,11,138,6195,10,10,138,8152,8510,0,,687
none,44,revert,108453888,22272752,65536,130792176,4096,26478,110,108453888,450560,108003328,8430,76805,11,138,6195,10,10,138,8072,8430,0,flow_memberships;flow_snapshots;flows;node_community,687
none,44,after_maintenance,108453888,22272752,65536,130792176,4096,26478,110,108453888,450560,108003328,8430,76805,11,138,6195,10,10,138,8072,8430,0,flow_memberships;flow_snapshots;flows;node_community,687
none,45,mutate,108507136,22272752,65536,130845424,4096,26491,210,108507136,860160,107646976,8510,76945,11,138,6195,10,10,138,8152,8510,0,,687
none,45,revert,108507136,22272752,65536,130845424,4096,26491,244,108507136,999424,107507712,8430,76805,11,138,6195,10,10,138,8072,8430,0,flow_memberships;flow_snapshots;flows;node_community,687
none,45,after_maintenance,108507136,22272752,65536,130845424,4096,26491,244,108507136,999424,107507712,8430,76805,11,138,6195,10,10,138,8072,8430,0,flow_memberships;flow_snapshots;flows;node_community,687
none,46,mutate,108507136,22272752,65536,130845424,4096,26491,165,108507136,675840,107831296,8510,76945,11,138,6195,10,10,138,8152,8510,0,,687
none,46,revert,108507136,22272752,65536,130845424,4096,26543,462,108720128,1892352,106827776,8430,76805,11,138,6195,10,10,138,8072,8430,0,flow_memberships;flow_snapshots;flows;node_community,687
none,46,after_maintenance,108507136,22272752,65536,130845424,4096,26543,462,108720128,1892352,106827776,8430,76805,11,138,6195,10,10,138,8072,8430,0,flow_memberships;flow_snapshots;flows;node_community,687
none,47,mutate,108720128,22272752,65536,131058416,4096,26543,366,108720128,1499136,107220992,8510,76945,11,138,6195,10,10,138,8152,8510,0,,687
none,47,revert,108720128,22272752,65536,131058416,4096,26543,415,108720128,1699840,107020288,8430,76805,11,138,6195,10,10,138,8072,8430,0,flow_memberships;flow_snapshots;flows;node_community,687
none,47,after_maintenance,108720128,22272752,65536,131058416,4096,26543,415,108720128,1699840,107020288,8430,76805,11,138,6195,10,10,138,8072,8430,0,flow_memberships;flow_snapshots;flows;node_community,687
none,48,mutate,108720128,22272752,65536,131058416,4096,26543,449,108720128,1839104,106881024,8510,76945,11,138,6195,10,10,138,8152,8510,0,,687
none,48,revert,108720128,22272752,65536,131058416,4096,26543,501,108720128,2052096,106668032,8430,76805,11,138,6195,10,10,138,8072,8430,0,flow_memberships;flow_snapshots;flows;node_community,687
none,48,after_maintenance,108720128,22272752,65536,131058416,4096,26543,501,108720128,2052096,106668032,8430,76805,11,138,6195,10,10,138,8072,8430,0,flow_memberships;flow_snapshots;flows;node_community,687
none,49,mutate,108720128,22272752,65536,131058416,4096,26543,414,108720128,1695744,107024384,8510,76945,11,138,6195,10,10,138,8152,8510,0,,687
none,49,revert,108720128,22272752,65536,131058416,4096,26543,451,108720128,1847296,106872832,8430,76805,11,138,6195,10,10,138,8072,8430,0,flow_memberships;flow_snapshots;flows;node_community,687
none,49,after_maintenance,108720128,22272752,65536,131058416,4096,26543,451,108720128,1847296,106872832,8430,76805,11,138,6195,10,10,138,8072,8430,0,flow_memberships;flow_snapshots;flows;node_community,687
none,50,mutate,108720128,22272752,65536,131058416,4096,26543,368,108720128,1507328,107212800,8510,76945,11,138,6195,10,10,138,8152,8510,0,,687
none,50,revert,108720128,22272752,65536,131058416,4096,26543,412,108720128,1687552,107032576,8430,76805,11,138,6195,10,10,138,8072,8430,0,flow_memberships;flow_snapshots;flows;node_community,687
none,50,after_maintenance,108720128,22272752,65536,131058416,4096,26543,412,108720128,1687552,107032576,8430,76805,11,138,6195,10,10,138,8072,8430,0,flow_memberships;flow_snapshots;flows;node_community,687
none,51,mutate,108720128,22272752,65536,131058416,4096,26543,411,108720128,1683456,107036672,8510,76945,11,138,6195,10,10,138,8152,8510,0,,687
none,51,revert,108720128,22272752,65536,131058416,4096,26543,448,108720128,1835008,106885120,8430,76805,11,138,6195,10,10,138,8072,8430,0,flow_memberships;flow_snapshots;flows;node_community,687
none,51,after_maintenance,108720128,22272752,65536,131058416,4096,26543,448,108720128,1835008,106885120,8430,76805,11,138,6195,10,10,138,8072,8430,0,flow_memberships;flow_snapshots;flows;node_community,687
none,52,mutate,108720128,22272752,65536,131058416,4096,26543,371,108720128,1519616,107200512,8510,76945,11,138,6195,10,10,138,8152,8510,0,,687
none,52,revert,108720128,22272752,65536,131058416,4096,26543,411,108720128,1683456,107036672,8430,76805,11,138,6195,10,10,138,8072,8430,0,flow_memberships;flow_snapshots;flows;node_community,687
none,52,after_maintenance,108720128,22272752,65536,131058416,4096,26543,411,108720128,1683456,107036672,8430,76805,11,138,6195,10,10,138,8072,8430,0,flow_memberships;flow_snapshots;flows;node_community,687
none,53,mutate,108720128,22272752,65536,131058416,4096,26543,377,108720128,1544192,107175936,8510,76945,11,138,6195,10,10,138,8152,8510,0,,687
none,53,revert,108720128,22272752,65536,131058416,4096,26543,422,108720128,1728512,106991616,8430,76805,11,138,6195,10,10,138,8072,8430,0,flow_memberships;flow_snapshots;flows;node_community,687
none,53,after_maintenance,108720128,22272752,65536,131058416,4096,26543,422,108720128,1728512,106991616,8430,76805,11,138,6195,10,10,138,8072,8430,0,flow_memberships;flow_snapshots;flows;node_community,687
none,54,mutate,108720128,22272752,65536,131058416,4096,26543,334,108720128,1368064,107352064,8510,76945,11,138,6195,10,10,138,8152,8510,0,,687
none,54,revert,108720128,22272752,65536,131058416,4096,26543,387,108720128,1585152,107134976,8430,76805,11,138,6195,10,10,138,8072,8430,0,flow_memberships;flow_snapshots;flows;node_community,687
none,54,after_maintenance,108720128,22272752,65536,131058416,4096,26543,387,108720128,1585152,107134976,8430,76805,11,138,6195,10,10,138,8072,8430,0,flow_memberships;flow_snapshots;flows;node_community,687
none,55,mutate,108720128,22272752,65536,131058416,4096,26543,296,108720128,1212416,107507712,8510,76945,11,138,6195,10,10,138,8152,8510,0,,687
none,55,revert,108720128,22272752,65536,131058416,4096,26543,344,108720128,1409024,107311104,8430,76805,11,138,6195,10,10,138,8072,8430,0,flow_memberships;flow_snapshots;flows;node_community,687
none,55,after_maintenance,108720128,22272752,65536,131058416,4096,26543,344,108720128,1409024,107311104,8430,76805,11,138,6195,10,10,138,8072,8430,0,flow_memberships;flow_snapshots;flows;node_community,687
none,56,mutate,108720128,22272752,65536,131058416,4096,26543,389,108720128,1593344,107126784,8510,76945,11,138,6195,10,10,138,8152,8510,0,,687
none,56,revert,108720128,22272752,65536,131058416,4096,26543,428,108720128,1753088,106967040,8430,76805,11,138,6195,10,10,138,8072,8430,0,flow_memberships;flow_snapshots;flows;node_community,687
none,56,after_maintenance,108720128,22272752,65536,131058416,4096,26543,428,108720128,1753088,106967040,8430,76805,11,138,6195,10,10,138,8072,8430,0,flow_memberships;flow_snapshots;flows;node_community,687
none,57,mutate,108720128,22272752,65536,131058416,4096,26543,350,108720128,1433600,107286528,8510,76945,11,138,6195,10,10,138,8152,8510,0,,687
none,57,revert,108720128,22272752,65536,131058416,4096,26543,391,108720128,1601536,107118592,8430,76805,11,138,6195,10,10,138,8072,8430,0,flow_memberships;flow_snapshots;flows;node_community,687
none,57,after_maintenance,108720128,22272752,65536,131058416,4096,26543,391,108720128,1601536,107118592,8430,76805,11,138,6195,10,10,138,8072,8430,0,flow_memberships;flow_snapshots;flows;node_community,687
none,58,mutate,108720128,22272752,65536,131058416,4096,26543,309,108720128,1265664,107454464,8510,76945,11,138,6195,10,10,138,8152,8510,0,,687
none,58,revert,108720128,22272752,65536,131058416,4096,26543,357,108720128,1462272,107257856,8430,76805,11,138,6195,10,10,138,8072,8430,0,flow_memberships;flow_snapshots;flows;node_community,687
none,58,after_maintenance,108720128,22272752,65536,131058416,4096,26543,357,108720128,1462272,107257856,8430,76805,11,138,6195,10,10,138,8072,8430,0,flow_memberships;flow_snapshots;flows;node_community,687
none,59,mutate,108720128,22272752,65536,131058416,4096,26543,345,108720128,1413120,107307008,8510,76945,11,138,6195,10,10,138,8152,8510,0,,687
none,59,revert,108720128,22272752,65536,131058416,4096,26543,386,108720128,1581056,107139072,8430,76805,11,138,6195,10,10,138,8072,8430,0,flow_memberships;flow_snapshots;flows;node_community,687
none,59,after_maintenance,108720128,22272752,65536,131058416,4096,26543,386,108720128,1581056,107139072,8430,76805,11,138,6195,10,10,138,8072,8430,0,flow_memberships;flow_snapshots;flows;node_community,687
none,60,mutate,108720128,22272752,65536,131058416,4096,26543,311,108720128,1273856,107446272,8510,76945,11,138,6195,10,10,138,8152,8510,0,,687
none,60,revert,108720128,22272752,65536,131058416,4096,26543,345,108720128,1413120,107307008,8430,76805,11,138,6195,10,10,138,8072,8430,0,flow_memberships;flow_snapshots;flows;node_community,687
none,60,after_maintenance,108720128,22272752,65536,131058416,4096,26543,345,108720128,1413120,107307008,8430,76805,11,138,6195,10,10,138,8072,8430,0,flow_memberships;flow_snapshots;flows;node_community,687
none,61,mutate,108720128,22272752,65536,131058416,4096,26543,314,108720128,1286144,107433984,8510,76945,11,138,6195,10,10,138,8152,8510,0,,687
none,61,revert,108720128,22272752,65536,131058416,4096,26543,356,108720128,1458176,107261952,8430,76805,11,138,6195,10,10,138,8072,8430,0,flow_memberships;flow_snapshots;flows;node_community,687
none,61,after_maintenance,108720128,22272752,65536,131058416,4096,26543,356,108720128,1458176,107261952,8430,76805,11,138,6195,10,10,138,8072,8430,0,flow_memberships;flow_snapshots;flows;node_community,687
none,62,mutate,108720128,22272752,65536,131058416,4096,26543,273,108720128,1118208,107601920,8510,76945,11,138,6195,10,10,138,8152,8510,0,,687
none,62,revert,108720128,22272752,65536,131058416,4096,26543,322,108720128,1318912,107401216,8430,76805,11,138,6195,10,10,138,8072,8430,0,flow_memberships;flow_snapshots;flows;node_community,687
none,62,after_maintenance,108720128,22272752,65536,131058416,4096,26543,322,108720128,1318912,107401216,8430,76805,11,138,6195,10,10,138,8072,8430,0,flow_memberships;flow_snapshots;flows;node_community,687
none,63,mutate,108720128,22272752,65536,131058416,4096,26543,239,108720128,978944,107741184,8510,76945,11,138,6195,10,10,138,8152,8510,0,,687
none,63,revert,108720128,22272752,65536,131058416,4096,26543,273,108720128,1118208,107601920,8430,76805,11,138,6195,10,10,138,8072,8430,0,flow_memberships;flow_snapshots;flows;node_community,687
none,63,after_maintenance,108720128,22272752,65536,131058416,4096,26543,273,108720128,1118208,107601920,8430,76805,11,138,6195,10,10,138,8072,8430,0,flow_memberships;flow_snapshots;flows;node_community,687
none,64,mutate,108720128,22272752,65536,131058416,4096,26543,269,108720128,1101824,107618304,8510,76945,11,138,6195,10,10,138,8152,8510,0,,687
none,64,revert,108720128,22272752,65536,131058416,4096,26543,325,108720128,1331200,107388928,8430,76805,11,138,6195,10,10,138,8072,8430,0,flow_memberships;flow_snapshots;flows;node_community,687
none,64,after_maintenance,108720128,22272752,65536,131058416,4096,26543,325,108720128,1331200,107388928,8430,76805,11,138,6195,10,10,138,8072,8430,0,flow_memberships;flow_snapshots;flows;node_community,687
none,65,mutate,108720128,22272752,65536,131058416,4096,26543,232,108720128,950272,107769856,8510,76945,11,138,6195,10,10,138,8152,8510,0,,687
none,65,revert,108720128,22272752,65536,131058416,4096,26543,275,108720128,1126400,107593728,8430,76805,11,138,6195,10,10,138,8072,8430,0,flow_memberships;flow_snapshots;flows;node_community,687
none,65,after_maintenance,108720128,22272752,65536,131058416,4096,26543,275,108720128,1126400,107593728,8430,76805,11,138,6195,10,10,138,8072,8430,0,flow_memberships;flow_snapshots;flows;node_community,687
none,66,mutate,108720128,22272752,65536,131058416,4096,26543,189,108720128,774144,107945984,8510,76945,11,138,6195,10,10,138,8152,8510,0,,687
none,66,revert,108720128,22272752,65536,131058416,4096,26543,239,108720128,978944,107741184,8430,76805,11,138,6195,10,10,138,8072,8430,0,flow_memberships;flow_snapshots;flows;node_community,687
none,66,after_maintenance,108720128,22272752,65536,131058416,4096,26543,239,108720128,978944,107741184,8430,76805,11,138,6195,10,10,138,8072,8430,0,flow_memberships;flow_snapshots;flows;node_community,687
none,67,mutate,108720128,22272752,65536,131058416,4096,26543,281,108720128,1150976,107569152,8510,76945,11,138,6195,10,10,138,8152,8510,0,,687
none,67,revert,108720128,22272752,65536,131058416,4096,26543,324,108720128,1327104,107393024,8430,76805,11,138,6195,10,10,138,8072,8430,0,flow_memberships;flow_snapshots;flows;node_community,687
none,67,after_maintenance,108720128,22272752,65536,131058416,4096,26543,324,108720128,1327104,107393024,8430,76805,11,138,6195,10,10,138,8072,8430,0,flow_memberships;flow_snapshots;flows;node_community,687
none,68,mutate,108720128,22272752,65536,131058416,4096,26543,244,108720128,999424,107720704,8510,76945,11,138,6195,10,10,138,8152,8510,0,,687
none,68,revert,108720128,22272752,65536,131058416,4096,26543,291,108720128,1191936,107528192,8430,76805,11,138,6195,10,10,138,8072,8430,0,flow_memberships;flow_snapshots;flows;node_community,687
none,68,after_maintenance,108720128,22272752,65536,131058416,4096,26543,291,108720128,1191936,107528192,8430,76805,11,138,6195,10,10,138,8072,8430,0,flow_memberships;flow_snapshots;flows;node_community,687
none,69,mutate,108720128,22272752,65536,131058416,4096,26543,250,108720128,1024000,107696128,8510,76945,11,138,6195,10,10,138,8152,8510,0,,687
none,69,revert,108720128,22272752,65536,131058416,4096,26543,283,108720128,1159168,107560960,8430,76805,11,138,6195,10,10,138,8072,8430,0,flow_memberships;flow_snapshots;flows;node_community,687
none,69,after_maintenance,108720128,22272752,65536,131058416,4096,26543,283,108720128,1159168,107560960,8430,76805,11,138,6195,10,10,138,8072,8430,0,flow_memberships;flow_snapshots;flows;node_community,687
none,70,mutate,108720128,22272752,65536,131058416,4096,26543,206,108720128,843776,107876352,8510,76945,11,138,6195,10,10,138,8152,8510,0,,687
none,70,revert,108720128,22272752,65536,131058416,4096,26543,251,108720128,1028096,107692032,8430,76805,11,138,6195,10,10,138,8072,8430,0,flow_memberships;flow_snapshots;flows;node_community,687
none,70,after_maintenance,108720128,22272752,65536,131058416,4096,26543,251,108720128,1028096,107692032,8430,76805,11,138,6195,10,10,138,8072,8430,0,flow_memberships;flow_snapshots;flows;node_community,687
none,71,mutate,108720128,22272752,65536,131058416,4096,26543,170,108720128,696320,108023808,8510,76945,11,138,6195,10,10,138,8152,8510,0,,687
none,71,revert,108720128,22272752,65536,131058416,4096,26543,217,108720128,888832,107831296,8430,76805,11,138,6195,10,10,138,8072,8430,0,flow_memberships;flow_snapshots;flows;node_community,687
none,71,after_maintenance,108720128,22272752,65536,131058416,4096,26543,217,108720128,888832,107831296,8430,76805,11,138,6195,10,10,138,8072,8430,0,flow_memberships;flow_snapshots;flows;node_community,687
none,72,mutate,108720128,22272752,65536,131058416,4096,26543,205,108720128,839680,107880448,8510,76945,11,138,6195,10,10,138,8152,8510,0,,687
none,72,revert,108720128,22272752,65536,131058416,4096,26543,255,108720128,1044480,107675648,8430,76805,11,138,6195,10,10,138,8072,8430,0,flow_memberships;flow_snapshots;flows;node_community,687
none,72,after_maintenance,108720128,22272752,65536,131058416,4096,26543,255,108720128,1044480,107675648,8430,76805,11,138,6195,10,10,138,8072,8430,0,flow_memberships;flow_snapshots;flows;node_community,687
none,73,mutate,108720128,22272752,65536,131058416,4096,26543,175,108720128,716800,108003328,8510,76945,11,138,6195,10,10,138,8152,8510,0,,687
none,73,revert,108720128,22272752,65536,131058416,4096,26543,214,108720128,876544,107843584,8430,76805,11,138,6195,10,10,138,8072,8430,0,flow_memberships;flow_snapshots;flows;node_community,687
none,73,after_maintenance,108720128,22272752,65536,131058416,4096,26543,214,108720128,876544,107843584,8430,76805,11,138,6195,10,10,138,8072,8430,0,flow_memberships;flow_snapshots;flows;node_community,687
none,74,mutate,108720128,22272752,65536,131058416,4096,26543,124,108720128,507904,108212224,8510,76945,11,138,6195,10,10,138,8152,8510,0,,687
none,74,revert,108720128,22272752,65536,131058416,4096,26543,176,108720128,720896,107999232,8430,76805,11,138,6195,10,10,138,8072,8430,0,flow_memberships;flow_snapshots;flows;node_community,687
none,74,after_maintenance,108720128,22272752,65536,131058416,4096,26543,176,108720128,720896,107999232,8430,76805,11,138,6195,10,10,138,8072,8430,0,flow_memberships;flow_snapshots;flows;node_community,687
none,75,mutate,108720128,22272752,65536,131058416,4096,26543,174,108720128,712704,108007424,8510,76945,11,138,6195,10,10,138,8152,8510,0,,687
none,75,revert,108720128,22272752,65536,131058416,4096,26543,215,108720128,880640,107839488,8430,76805,11,138,6195,10,10,138,8072,8430,0,flow_memberships;flow_snapshots;flows;node_community,687
none,75,after_maintenance,108720128,22272752,65536,131058416,4096,26543,215,108720128,880640,107839488,8430,76805,11,138,6195,10,10,138,8072,8430,0,flow_memberships;flow_snapshots;flows;node_community,687
none,76,mutate,108720128,22272752,65536,131058416,4096,26543,135,108720128,552960,108167168,8510,76945,11,138,6195,10,10,138,8152,8510,0,,687
none,76,revert,108720128,22272752,65536,131058416,4096,26543,172,108720128,704512,108015616,8430,76805,11,138,6195,10,10,138,8072,8430,0,flow_memberships;flow_snapshots;flows;node_community,687
none,76,after_maintenance,108720128,22272752,65536,131058416,4096,26543,172,108720128,704512,108015616,8430,76805,11,138,6195,10,10,138,8072,8430,0,flow_memberships;flow_snapshots;flows;node_community,687
none,77,mutate,108720128,22272752,65536,131058416,4096,26543,195,108720128,798720,107921408,8510,76945,11,138,6195,10,10,138,8152,8510,0,,687
none,77,revert,108720128,22272752,65536,131058416,4096,26543,227,108720128,929792,107790336,8430,76805,11,138,6195,10,10,138,8072,8430,0,flow_memberships;flow_snapshots;flows;node_community,687
none,77,after_maintenance,108720128,22272752,65536,131058416,4096,26543,227,108720128,929792,107790336,8430,76805,11,138,6195,10,10,138,8072,8430,0,flow_memberships;flow_snapshots;flows;node_community,687
none,78,mutate,108720128,22272752,65536,131058416,4096,26543,149,108720128,610304,108109824,8510,76945,11,138,6195,10,10,138,8152,8510,0,,687
none,78,revert,108720128,22272752,65536,131058416,4096,26543,187,108720128,765952,107954176,8430,76805,11,138,6195,10,10,138,8072,8430,0,flow_memberships;flow_snapshots;flows;node_community,687
none,78,after_maintenance,108720128,22272752,65536,131058416,4096,26543,187,108720128,765952,107954176,8430,76805,11,138,6195,10,10,138,8072,8430,0,flow_memberships;flow_snapshots;flows;node_community,687
none,79,mutate,108720128,22272752,65536,131058416,4096,26543,115,108720128,471040,108249088,8510,76945,11,138,6195,10,10,138,8152,8510,0,,687
none,79,revert,108720128,22272752,65536,131058416,4096,26543,150,108720128,614400,108105728,8430,76805,11,138,6195,10,10,138,8072,8430,0,flow_memberships;flow_snapshots;flows;node_community,687
none,79,after_maintenance,108720128,22272752,65536,131058416,4096,26543,150,108720128,614400,108105728,8430,76805,11,138,6195,10,10,138,8072,8430,0,flow_memberships;flow_snapshots;flows;node_community,687
none,80,mutate,108720128,22272752,65536,131058416,4096,26543,148,108720128,606208,108113920,8510,76945,11,138,6195,10,10,138,8152,8510,0,,687
none,80,revert,108720128,22272752,65536,131058416,4096,26543,193,108720128,790528,107929600,8430,76805,11,138,6195,10,10,138,8072,8430,0,flow_memberships;flow_snapshots;flows;node_community,687
none,80,after_maintenance,108720128,22272752,65536,131058416,4096,26543,193,108720128,790528,107929600,8430,76805,11,138,6195,10,10,138,8072,8430,0,flow_memberships;flow_snapshots;flows;node_community,687
none,81,mutate,108720128,22272752,65536,131058416,4096,26543,112,108720128,458752,108261376,8510,76945,11,138,6195,10,10,138,8152,8510,0,,687
none,81,revert,108720128,22272752,65536,131058416,4096,26543,146,108720128,598016,108122112,8430,76805,11,138,6195,10,10,138,8072,8430,0,flow_memberships;flow_snapshots;flows;node_community,687
none,81,after_maintenance,108720128,22272752,65536,131058416,4096,26543,146,108720128,598016,108122112,8430,76805,11,138,6195,10,10,138,8072,8430,0,flow_memberships;flow_snapshots;flows;node_community,687
none,82,mutate,108720128,22272752,65536,131058416,4096,26543,70,108720128,286720,108433408,8510,76945,11,138,6195,10,10,138,8152,8510,0,,687
none,82,revert,108720128,22272752,65536,131058416,4096,26543,113,108720128,462848,108257280,8430,76805,11,138,6195,10,10,138,8072,8430,0,flow_memberships;flow_snapshots;flows;node_community,687
none,82,after_maintenance,108720128,22272752,65536,131058416,4096,26543,113,108720128,462848,108257280,8430,76805,11,138,6195,10,10,138,8072,8430,0,flow_memberships;flow_snapshots;flows;node_community,687
none,83,mutate,108752896,22272752,65536,131091184,4096,26551,116,108752896,475136,108277760,8510,76945,11,138,6195,10,10,138,8152,8510,0,,687
none,83,revert,108752896,22272752,65536,131091184,4096,26551,148,108752896,606208,108146688,8430,76805,11,138,6195,10,10,138,8072,8430,0,flow_memberships;flow_snapshots;flows;node_community,687
none,83,after_maintenance,108752896,22272752,65536,131091184,4096,26551,148,108752896,606208,108146688,8430,76805,11,138,6195,10,10,138,8072,8430,0,flow_memberships;flow_snapshots;flows;node_community,687
none,84,mutate,108752896,22272752,65536,131091184,4096,26551,75,108752896,307200,108445696,8510,76945,11,138,6195,10,10,138,8152,8510,0,,687
none,84,revert,108752896,22272752,65536,131091184,4096,26551,121,108752896,495616,108257280,8430,76805,11,138,6195,10,10,138,8072,8430,0,flow_memberships;flow_snapshots;flows;node_community,687
none,84,after_maintenance,108752896,22272752,65536,131091184,4096,26551,121,108752896,495616,108257280,8430,76805,11,138,6195,10,10,138,8072,8430,0,flow_memberships;flow_snapshots;flows;node_community,687
none,85,mutate,108752896,22272752,65536,131091184,4096,26551,82,108752896,335872,108417024,8510,76945,11,138,6195,10,10,138,8152,8510,0,,687
none,85,revert,108752896,22272752,65536,131091184,4096,26551,123,108752896,503808,108249088,8430,76805,11,138,6195,10,10,138,8072,8430,0,flow_memberships;flow_snapshots;flows;node_community,687
none,85,after_maintenance,108752896,22272752,65536,131091184,4096,26551,123,108752896,503808,108249088,8430,76805,11,138,6195,10,10,138,8072,8430,0,flow_memberships;flow_snapshots;flows;node_community,687
none,86,mutate,108752896,22272752,65536,131091184,4096,26551,42,108752896,172032,108580864,8510,76945,11,138,6195,10,10,138,8152,8510,0,,687
none,86,revert,108752896,22272752,65536,131091184,4096,26551,83,108752896,339968,108412928,8430,76805,11,138,6195,10,10,138,8072,8430,0,flow_memberships;flow_snapshots;flows;node_community,687
none,86,after_maintenance,108752896,22272752,65536,131091184,4096,26551,83,108752896,339968,108412928,8430,76805,11,138,6195,10,10,138,8072,8430,0,flow_memberships;flow_snapshots;flows;node_community,687
none,87,mutate,108752896,22272752,65536,131091184,4096,26551,3,108752896,12288,108740608,8510,76945,11,138,6195,10,10,138,8152,8510,0,,687
none,87,revert,108752896,22272752,65536,131091184,4096,26551,40,108752896,163840,108589056,8430,76805,11,138,6195,10,10,138,8072,8430,0,flow_memberships;flow_snapshots;flows;node_community,687
none,87,after_maintenance,108752896,22272752,65536,131091184,4096,26551,40,108752896,163840,108589056,8430,76805,11,138,6195,10,10,138,8072,8430,0,flow_memberships;flow_snapshots;flows;node_community,687
none,88,mutate,109056000,22272752,65536,131394288,4096,26625,186,109056000,761856,108294144,8510,76945,11,138,6195,10,10,138,8152,8510,0,,687
none,88,revert,109056000,22272752,65536,131394288,4096,26625,234,109056000,958464,108097536,8430,76805,11,138,6195,10,10,138,8072,8430,0,flow_memberships;flow_snapshots;flows;node_community,687
none,88,after_maintenance,109056000,22272752,65536,131394288,4096,26625,234,109056000,958464,108097536,8430,76805,11,138,6195,10,10,138,8072,8430,0,flow_memberships;flow_snapshots;flows;node_community,687
none,89,mutate,109056000,22272752,65536,131394288,4096,26625,142,109056000,581632,108474368,8510,76945,11,138,6195,10,10,138,8152,8510,0,,687
none,89,revert,109056000,22272752,65536,131394288,4096,26675,272,109260800,1114112,108146688,8430,76805,11,138,6195,10,10,138,8072,8430,0,flow_memberships;flow_snapshots;flows;node_community,687
none,89,after_maintenance,109056000,22272752,65536,131394288,4096,26675,272,109260800,1114112,108146688,8430,76805,11,138,6195,10,10,138,8072,8430,0,flow_memberships;flow_snapshots;flows;node_community,687
none,90,mutate,109260800,22272752,65536,131599088,4096,26675,188,109260800,770048,108490752,8510,76945,11,138,6195,10,10,138,8152,8510,0,,687
none,90,revert,109260800,22272752,65536,131599088,4096,26675,232,109260800,950272,108310528,8430,76805,11,138,6195,10,10,138,8072,8430,0,flow_memberships;flow_snapshots;flows;node_community,687
none,90,after_maintenance,109260800,22272752,65536,131599088,4096,26675,232,109260800,950272,108310528,8430,76805,11,138,6195,10,10,138,8072,8430,0,flow_memberships;flow_snapshots;flows;node_community,687
none,91,mutate,109260800,22272752,65536,131599088,4096,26675,224,109260800,917504,108343296,8510,76945,11,138,6195,10,10,138,8152,8510,0,,687
none,91,revert,109260800,22272752,65536,131599088,4096,26675,267,109260800,1093632,108167168,8430,76805,11,138,6195,10,10,138,8072,8430,0,flow_memberships;flow_snapshots;flows;node_community,687
none,91,after_maintenance,109260800,22272752,65536,131599088,4096,26675,267,109260800,1093632,108167168,8430,76805,11,138,6195,10,10,138,8072,8430,0,flow_memberships;flow_snapshots;flows;node_community,687
none,92,mutate,109260800,22272752,65536,131599088,4096,26675,187,109260800,765952,108494848,8510,76945,11,138,6195,10,10,138,8152,8510,0,,687
none,92,revert,109260800,22272752,65536,131599088,4096,26675,230,109260800,942080,108318720,8430,76805,11,138,6195,10,10,138,8072,8430,0,flow_memberships;flow_snapshots;flows;node_community,687
none,92,after_maintenance,109260800,22272752,65536,131599088,4096,26675,230,109260800,942080,108318720,8430,76805,11,138,6195,10,10,138,8072,8430,0,flow_memberships;flow_snapshots;flows;node_community,687
none,93,mutate,109260800,22272752,65536,131599088,4096,26675,190,109260800,778240,108482560,8510,76945,11,138,6195,10,10,138,8152,8510,0,,687
none,93,revert,109260800,22272752,65536,131599088,4096,26675,230,109260800,942080,108318720,8430,76805,11,138,6195,10,10,138,8072,8430,0,flow_memberships;flow_snapshots;flows;node_community,687
none,93,after_maintenance,109260800,22272752,65536,131599088,4096,26675,230,109260800,942080,108318720,8430,76805,11,138,6195,10,10,138,8072,8430,0,flow_memberships;flow_snapshots;flows;node_community,687
none,94,mutate,109260800,22272752,65536,131599088,4096,26675,153,109260800,626688,108634112,8510,76945,11,138,6195,10,10,138,8152,8510,0,,687
none,94,revert,109260800,22272752,65536,131599088,4096,26675,197,109260800,806912,108453888,8430,76805,11,138,6195,10,10,138,8072,8430,0,flow_memberships;flow_snapshots;flows;node_community,687
none,94,after_maintenance,109260800,22272752,65536,131599088,4096,26675,197,109260800,806912,108453888,8430,76805,11,138,6195,10,10,138,8072,8430,0,flow_memberships;flow_snapshots;flows;node_community,687
none,95,mutate,109260800,22272752,65536,131599088,4096,26675,119,109260800,487424,108773376,8510,76945,11,138,6195,10,10,138,8152,8510,0,,687
none,95,revert,109260800,22272752,65536,131599088,4096,26675,153,109260800,626688,108634112,8430,76805,11,138,6195,10,10,138,8072,8430,0,flow_memberships;flow_snapshots;flows;node_community,687
none,95,after_maintenance,109260800,22272752,65536,131599088,4096,26675,153,109260800,626688,108634112,8430,76805,11,138,6195,10,10,138,8072,8430,0,flow_memberships;flow_snapshots;flows;node_community,687
none,96,mutate,109260800,22272752,65536,131599088,4096,26675,154,109260800,630784,108630016,8510,76945,11,138,6195,10,10,138,8152,8510,0,,687
none,96,revert,109260800,22272752,65536,131599088,4096,26675,203,109260800,831488,108429312,8430,76805,11,138,6195,10,10,138,8072,8430,0,flow_memberships;flow_snapshots;flows;node_community,687
none,96,after_maintenance,109260800,22272752,65536,131599088,4096,26675,203,109260800,831488,108429312,8430,76805,11,138,6195,10,10,138,8072,8430,0,flow_memberships;flow_snapshots;flows;node_community,687
none,97,mutate,109260800,22272752,65536,131599088,4096,26675,117,109260800,479232,108781568,8510,76945,11,138,6195,10,10,138,8152,8510,0,,687
none,97,revert,109260800,22272752,65536,131599088,4096,26675,155,109260800,634880,108625920,8430,76805,11,138,6195,10,10,138,8072,8430,0,flow_memberships;flow_snapshots;flows;node_community,687
none,97,after_maintenance,109260800,22272752,65536,131599088,4096,26675,155,109260800,634880,108625920,8430,76805,11,138,6195,10,10,138,8072,8430,0,flow_memberships;flow_snapshots;flows;node_community,687
none,98,mutate,109260800,22272752,65536,131599088,4096,26675,75,109260800,307200,108953600,8510,76945,11,138,6195,10,10,138,8152,8510,0,,687
none,98,revert,109260800,22272752,65536,131599088,4096,26675,117,109260800,479232,108781568,8430,76805,11,138,6195,10,10,138,8072,8430,0,flow_memberships;flow_snapshots;flows;node_community,687
none,98,after_maintenance,109260800,22272752,65536,131599088,4096,26675,117,109260800,479232,108781568,8430,76805,11,138,6195,10,10,138,8072,8430,0,flow_memberships;flow_snapshots;flows;node_community,687
none,99,mutate,109285376,22272752,65536,131623664,4096,26681,170,109285376,696320,108589056,8510,76945,11,138,6195,10,10,138,8152,8510,0,,687
none,99,revert,109285376,22272752,65536,131623664,4096,26681,215,109285376,880640,108404736,8430,76805,11,138,6195,10,10,138,8072,8430,0,flow_memberships;flow_snapshots;flows;node_community,687
none,99,after_maintenance,109285376,22272752,65536,131623664,4096,26681,215,109285376,880640,108404736,8430,76805,11,138,6195,10,10,138,8072,8430,0,flow_memberships;flow_snapshots;flows;node_community,687
none,100,mutate,109285376,22272752,65536,131623664,4096,26681,132,109285376,540672,108744704,8510,76945,11,138,6195,10,10,138,8152,8510,0,,687
none,100,revert,109285376,22272752,65536,131623664,4096,26681,178,109285376,729088,108556288,8430,76805,11,138,6195,10,10,138,8072,8430,0,flow_memberships;flow_snapshots;flows;node_community,687
none,100,after_maintenance,109285376,22272752,65536,131623664,4096,26681,178,109285376,729088,108556288,8430,76805,11,138,6195,10,10,138,8072,8430,0,flow_memberships;flow_snapshots;flows;node_community,687
checkpoint,0,cold,104644608,22272752,65536,126982896,4096,25929,0,106205184,0,106205184,8430,76805,11,138,6195,10,10,138,8072,8430,0,,0
checkpoint,1,mutate,106602496,22272752,65536,128940784,4096,26067,0,106770432,0,106770432,8510,76945,11,138,6195,10,10,138,8152,8510,0,,687
checkpoint,1,revert,106770432,22272752,65536,129108720,4096,26067,48,106770432,196608,106573824,8430,76805,11,138,6195,10,10,138,8072,8430,0,flow_memberships;flow_snapshots;flows;node_community,687
checkpoint,1,after_maintenance,106770432,22272752,65536,129108720,4096,26067,48,106770432,196608,106573824,8430,76805,11,138,6195,10,10,138,8072,8430,0,flow_memberships;flow_snapshots;flows;node_community,687
checkpoint,2,mutate,106926080,22272752,65536,129264368,4096,26105,0,106926080,0,106926080,8510,76945,11,138,6195,10,10,138,8152,8510,0,,687
checkpoint,2,revert,106926080,22272752,65536,129264368,4096,26105,48,106926080,196608,106729472,8430,76805,11,138,6195,10,10,138,8072,8430,0,flow_memberships;flow_snapshots;flows;node_community,687
checkpoint,2,after_maintenance,106926080,22272752,65536,129264368,4096,26105,48,106926080,196608,106729472,8430,76805,11,138,6195,10,10,138,8072,8430,0,flow_memberships;flow_snapshots;flows;node_community,687
checkpoint,3,mutate,107356160,22272752,65536,129694448,4096,26210,95,107356160,389120,106967040,8510,76945,11,138,6195,10,10,138,8152,8510,0,,687
checkpoint,3,revert,107356160,22272752,65536,129694448,4096,26210,124,107356160,507904,106848256,8430,76805,11,138,6195,10,10,138,8072,8430,0,flow_memberships;flow_snapshots;flows;node_community,687
checkpoint,3,after_maintenance,107356160,22272752,65536,129694448,4096,26210,124,107356160,507904,106848256,8430,76805,11,138,6195,10,10,138,8072,8430,0,flow_memberships;flow_snapshots;flows;node_community,687
checkpoint,4,mutate,107356160,22272752,65536,129694448,4096,26210,47,107356160,192512,107163648,8510,76945,11,138,6195,10,10,138,8152,8510,0,,687
checkpoint,4,revert,107356160,22272752,65536,129694448,4096,26264,181,107577344,741376,106835968,8430,76805,11,138,6195,10,10,138,8072,8430,0,flow_memberships;flow_snapshots;flows;node_community,687
checkpoint,4,after_maintenance,107356160,22272752,65536,129694448,4096,26264,181,107577344,741376,106835968,8430,76805,11,138,6195,10,10,138,8072,8430,0,flow_memberships;flow_snapshots;flows;node_community,687
checkpoint,5,mutate,107577344,22272752,65536,129915632,4096,26264,105,107577344,430080,107147264,8510,76945,11,138,6195,10,10,138,8152,8510,0,,687
checkpoint,5,revert,107577344,22272752,65536,129915632,4096,26264,146,107577344,598016,106979328,8430,76805,11,138,6195,10,10,138,8072,8430,0,flow_memberships;flow_snapshots;flows;node_community,687
checkpoint,5,after_maintenance,107577344,22272752,65536,129915632,4096,26264,146,107577344,598016,106979328,8430,76805,11,138,6195,10,10,138,8072,8430,0,flow_memberships;flow_snapshots;flows;node_community,687
checkpoint,6,mutate,107847680,22272752,65536,130185968,4096,26330,158,107847680,647168,107200512,8510,76945,11,138,6195,10,10,138,8152,8510,0,,687
checkpoint,6,revert,107847680,22272752,65536,130185968,4096,26330,198,107847680,811008,107036672,8430,76805,11,138,6195,10,10,138,8072,8430,0,flow_memberships;flow_snapshots;flows;node_community,687
checkpoint,6,after_maintenance,107847680,22272752,65536,130185968,4096,26330,198,107847680,811008,107036672,8430,76805,11,138,6195,10,10,138,8072,8430,0,flow_memberships;flow_snapshots;flows;node_community,687
checkpoint,7,mutate,107847680,22272752,65536,130185968,4096,26330,124,107847680,507904,107339776,8510,76945,11,138,6195,10,10,138,8152,8510,0,,687
checkpoint,7,revert,107847680,22272752,65536,130185968,4096,26330,158,107847680,647168,107200512,8430,76805,11,138,6195,10,10,138,8072,8430,0,flow_memberships;flow_snapshots;flows;node_community,687
checkpoint,7,after_maintenance,107847680,22272752,65536,130185968,4096,26330,158,107847680,647168,107200512,8430,76805,11,138,6195,10,10,138,8072,8430,0,flow_memberships;flow_snapshots;flows;node_community,687
checkpoint,8,mutate,107847680,22272752,65536,130185968,4096,26330,224,107847680,917504,106930176,8510,76945,11,138,6195,10,10,138,8152,8510,0,,687
checkpoint,8,revert,107847680,22272752,65536,130185968,4096,26330,269,107847680,1101824,106745856,8430,76805,11,138,6195,10,10,138,8072,8430,0,flow_memberships;flow_snapshots;flows;node_community,687
checkpoint,8,after_maintenance,107847680,22272752,65536,130185968,4096,26330,269,107847680,1101824,106745856,8430,76805,11,138,6195,10,10,138,8072,8430,0,flow_memberships;flow_snapshots;flows;node_community,687
checkpoint,9,mutate,107847680,22272752,65536,130185968,4096,26330,184,107847680,753664,107094016,8510,76945,11,138,6195,10,10,138,8152,8510,0,,687
checkpoint,9,revert,107847680,22272752,65536,130185968,4096,26330,223,107847680,913408,106934272,8430,76805,11,138,6195,10,10,138,8072,8430,0,flow_memberships;flow_snapshots;flows;node_community,687
checkpoint,9,after_maintenance,107847680,22272752,65536,130185968,4096,26330,223,107847680,913408,106934272,8430,76805,11,138,6195,10,10,138,8072,8430,0,flow_memberships;flow_snapshots;flows;node_community,687
checkpoint,10,mutate,107847680,22272752,65536,130185968,4096,26330,151,107847680,618496,107229184,8510,76945,11,138,6195,10,10,138,8152,8510,0,,687
checkpoint,10,revert,107847680,22272752,65536,130185968,4096,26330,195,107847680,798720,107048960,8430,76805,11,138,6195,10,10,138,8072,8430,0,flow_memberships;flow_snapshots;flows;node_community,687
checkpoint,10,after_maintenance,107847680,0,65536,107913216,4096,26330,195,107847680,798720,107048960,8430,76805,11,138,6195,10,10,138,8072,8430,0,flow_memberships;flow_snapshots;flows;node_community,687
checkpoint,11,mutate,107847680,5281872,65536,113195088,4096,26330,182,107847680,745472,107102208,8510,76945,11,138,6195,10,10,138,8152,8510,0,,687
checkpoint,11,revert,107847680,5327192,65536,113240408,4096,26330,229,107847680,937984,106909696,8430,76805,11,138,6195,10,10,138,8072,8430,0,flow_memberships;flow_snapshots;flows;node_community,687
checkpoint,11,after_maintenance,107847680,5327192,65536,113240408,4096,26330,229,107847680,937984,106909696,8430,76805,11,138,6195,10,10,138,8072,8430,0,flow_memberships;flow_snapshots;flows;node_community,687
checkpoint,12,mutate,107847680,6044072,65536,113957288,4096,26330,136,107847680,557056,107290624,8510,76945,11,138,6195,10,10,138,8152,8510,0,,687
checkpoint,12,revert,107847680,6044072,65536,113957288,4096,26330,195,107847680,798720,107048960,8430,76805,11,138,6195,10,10,138,8072,8430,0,flow_memberships;flow_snapshots;flows;node_community,687
checkpoint,12,after_maintenance,107847680,6044072,65536,113957288,4096,26330,195,107847680,798720,107048960,8430,76805,11,138,6195,10,10,138,8072,8430,0,flow_memberships;flow_snapshots;flows;node_community,687
checkpoint,13,mutate,107847680,6105872,65536,114019088,4096,26330,193,107847680,790528,107057152,8510,76945,11,138,6195,10,10,138,8152,8510,0,,687
checkpoint,13,revert,107847680,6105872,65536,114019088,4096,26330,233,107847680,954368,106893312,8430,76805,11,138,6195,10,10,138,8072,8430,0,flow_memberships;flow_snapshots;flows;node_community,687
checkpoint,13,after_maintenance,107847680,6105872,65536,114019088,4096,26330,233,107847680,954368,106893312,8430,76805,11,138,6195,10,10,138,8072,8430,0,flow_memberships;flow_snapshots;flows;node_community,687
checkpoint,14,mutate,107847680,6105872,65536,114019088,4096,26330,149,107847680,610304,107237376,8510,76945,11,138,6195,10,10,138,8152,8510,0,,687
checkpoint,14,revert,107847680,6105872,65536,114019088,4096,26331,268,107851776,1097728,106754048,8430,76805,11,138,6195,10,10,138,8072,8430,0,flow_memberships;flow_snapshots;flows;node_community,687
checkpoint,14,after_maintenance,107847680,6105872,65536,114019088,4096,26331,268,107851776,1097728,106754048,8430,76805,11,138,6195,10,10,138,8072,8430,0,flow_memberships;flow_snapshots;flows;node_community,687
checkpoint,15,mutate,107851776,6105872,65536,114023184,4096,26331,188,107851776,770048,107081728,8510,76945,11,138,6195,10,10,138,8152,8510,0,,687
checkpoint,15,revert,107851776,6105872,65536,114023184,4096,26331,223,107851776,913408,106938368,8430,76805,11,138,6195,10,10,138,8072,8430,0,flow_memberships;flow_snapshots;flows;node_community,687
checkpoint,15,after_maintenance,107851776,6105872,65536,114023184,4096,26331,223,107851776,913408,106938368,8430,76805,11,138,6195,10,10,138,8072,8430,0,flow_memberships;flow_snapshots;flows;node_community,687
checkpoint,16,mutate,107851776,6105872,65536,114023184,4096,26331,250,107851776,1024000,106827776,8510,76945,11,138,6195,10,10,138,8152,8510,0,,687
checkpoint,16,revert,107851776,6105872,65536,114023184,4096,26331,285,107851776,1167360,106684416,8430,76805,11,138,6195,10,10,138,8072,8430,0,flow_memberships;flow_snapshots;flows;node_community,687
checkpoint,16,after_maintenance,107851776,6105872,65536,114023184,4096,26331,285,107851776,1167360,106684416,8430,76805,11,138,6195,10,10,138,8072,8430,0,flow_memberships;flow_snapshots;flows;node_community,687
checkpoint,17,mutate,107851776,6105872,65536,114023184,4096,26331,196,107851776,802816,107048960,8510,76945,11,138,6195,10,10,138,8152,8510,0,,687
checkpoint,17,revert,107851776,6105872,65536,114023184,4096,26331,241,107851776,987136,106864640,8430,76805,11,138,6195,10,10,138,8072,8430,0,flow_memberships;flow_snapshots;flows;node_community,687
checkpoint,17,after_maintenance,107851776,6105872,65536,114023184,4096,26331,241,107851776,987136,106864640,8430,76805,11,138,6195,10,10,138,8072,8430,0,flow_memberships;flow_snapshots;flows;node_community,687
checkpoint,18,mutate,107851776,6105872,65536,114023184,4096,26331,157,107851776,643072,107208704,8510,76945,11,138,6195,10,10,138,8152,8510,0,,687
checkpoint,18,revert,107851776,6105872,65536,114023184,4096,26331,204,107851776,835584,107016192,8430,76805,11,138,6195,10,10,138,8072,8430,0,flow_memberships;flow_snapshots;flows;node_community,687
checkpoint,18,after_maintenance,107851776,6105872,65536,114023184,4096,26331,204,107851776,835584,107016192,8430,76805,11,138,6195,10,10,138,8072,8430,0,flow_memberships;flow_snapshots;flows;node_community,687
checkpoint,19,mutate,107851776,6105872,65536,114023184,4096,26331,202,107851776,827392,107024384,8510,76945,11,138,6195,10,10,138,8152,8510,0,,687
checkpoint,19,revert,107851776,6105872,65536,114023184,4096,26331,238,107851776,974848,106876928,8430,76805,11,138,6195,10,10,138,8072,8430,0,flow_memberships;flow_snapshots;flows;node_community,687
checkpoint,19,after_maintenance,107851776,6105872,65536,114023184,4096,26331,238,107851776,974848,106876928,8430,76805,11,138,6195,10,10,138,8072,8430,0,flow_memberships;flow_snapshots;flows;node_community,687
checkpoint,20,mutate,107851776,6105872,65536,114023184,4096,26331,160,107851776,655360,107196416,8510,76945,11,138,6195,10,10,138,8152,8510,0,,687
checkpoint,20,revert,107851776,6105872,65536,114023184,4096,26331,203,107851776,831488,107020288,8430,76805,11,138,6195,10,10,138,8072,8430,0,flow_memberships;flow_snapshots;flows;node_community,687
checkpoint,20,after_maintenance,107851776,0,65536,107917312,4096,26331,203,107851776,831488,107020288,8430,76805,11,138,6195,10,10,138,8072,8430,0,flow_memberships;flow_snapshots;flows;node_community,687
checkpoint,21,mutate,107851776,5537312,65536,113454624,4096,26331,167,107851776,684032,107167744,8510,76945,11,138,6195,10,10,138,8152,8510,0,,687
checkpoint,21,revert,107851776,5796872,65536,113714184,4096,26331,205,107851776,839680,107012096,8430,76805,11,138,6195,10,10,138,8072,8430,0,flow_memberships;flow_snapshots;flows;node_community,687
checkpoint,21,after_maintenance,107851776,5796872,65536,113714184,4096,26331,205,107851776,839680,107012096,8430,76805,11,138,6195,10,10,138,8072,8430,0,flow_memberships;flow_snapshots;flows;node_community,687
checkpoint,22,mutate,107851776,5796872,65536,113714184,4096,26331,123,107851776,503808,107347968,8510,76945,11,138,6195,10,10,138,8152,8510,0,,687
checkpoint,22,revert,107851776,5796872,65536,113714184,4096,26331,168,107851776,688128,107163648,8430,76805,11,138,6195,10,10,138,8072,8430,0,flow_memberships;flow_snapshots;flows;node_community,687
checkpoint,22,after_maintenance,107851776,5796872,65536,113714184,4096,26331,168,107851776,688128,107163648,8430,76805,11,138,6195,10,10,138,8072,8430,0,flow_memberships;flow_snapshots;flows;node_community,687
checkpoint,23,mutate,107851776,5796872,65536,113714184,4096,26331,79,107851776,323584,107528192,8510,76945,11,138,6195,10,10,138,8152,8510,0,,687
checkpoint,23,revert,107851776,5796872,65536,113714184,4096,26331,122,107851776,499712,107352064,8430,76805,11,138,6195,10,10,138,8072,8430,0,flow_memberships;flow_snapshots;flows;node_community,687
checkpoint,23,after_maintenance,107851776,5796872,65536,113714184,4096,26331,122,107851776,499712,107352064,8430,76805,11,138,6195,10,10,138,8072,8430,0,flow_memberships;flow_snapshots;flows;node_community,687
checkpoint,24,mutate,107851776,6035832,65536,113953144,4096,26331,176,107851776,720896,107130880,8510,76945,11,138,6195,10,10,138,8152,8510,0,,687
checkpoint,24,revert,107851776,6035832,65536,113953144,4096,26331,222,107851776,909312,106942464,8430,76805,11,138,6195,10,10,138,8072,8430,0,flow_memberships;flow_snapshots;flows;node_community,687
checkpoint,24,after_maintenance,107851776,6035832,65536,113953144,4096,26331,222,107851776,909312,106942464,8430,76805,11,138,6195,10,10,138,8072,8430,0,flow_memberships;flow_snapshots;flows;node_community,687
checkpoint,25,mutate,107851776,6035832,65536,113953144,4096,26331,139,107851776,569344,107282432,8510,76945,11,138,6195,10,10,138,8152,8510,0,,687
checkpoint,25,revert,107851776,6035832,65536,113953144,4096,26331,177,107851776,724992,107126784,8430,76805,11,138,6195,10,10,138,8072,8430,0,flow_memberships;flow_snapshots;flows;node_community,687
checkpoint,25,after_maintenance,107851776,6035832,65536,113953144,4096,26331,177,107851776,724992,107126784,8430,76805,11,138,6195,10,10,138,8072,8430,0,flow_memberships;flow_snapshots;flows;node_community,687
checkpoint,26,mutate,107851776,6035832,65536,113953144,4096,26331,95,107851776,389120,107462656,8510,76945,11,138,6195,10,10,138,8152,8510,0,,687
checkpoint,26,revert,107851776,6035832,65536,113953144,4096,26331,146,107851776,598016,107253760,8430,76805,11,138,6195,10,10,138,8072,8430,0,flow_memberships;flow_snapshots;flows;node_community,687
checkpoint,26,after_maintenance,107851776,6035832,65536,113953144,4096,26331,146,107851776,598016,107253760,8430,76805,11,138,6195,10,10,138,8072,8430,0,flow_memberships;flow_snapshots;flows;node_community,687
checkpoint,27,mutate,107851776,6081152,65536,113998464,4096,26331,136,107851776,557056,107294720,8510,76945,11,138,6195,10,10,138,8152,8510,0,,687
checkpoint,27,revert,107851776,6081152,65536,113998464,4096,26331,178,107851776,729088,107122688,8430,76805,11,138,6195,10,10,138,8072,8430,0,flow_memberships;flow_snapshots;flows;node_community,687
checkpoint,27,after_maintenance,107851776,6081152,65536,113998464,4096,26331,178,107851776,729088,107122688,8430,76805,11,138,6195,10,10,138,8072,8430,0,flow_memberships;flow_snapshots;flows;node_community,687
checkpoint,28,mutate,107851776,6085272,65536,114002584,4096,26331,98,107851776,401408,107450368,8510,76945,11,138,6195,10,10,138,8152,8510,0,,687
checkpoint,28,revert,107851776,6085272,65536,114002584,4096,26331,143,107851776,585728,107266048,8430,76805,11,138,6195,10,10,138,8072,8430,0,flow_memberships;flow_snapshots;flows;node_community,687
checkpoint,28,after_maintenance,107851776,6085272,65536,114002584,4096,26331,143,107851776,585728,107266048,8430,76805,11,138,6195,10,10,138,8072,8430,0,flow_memberships;flow_snapshots;flows;node_community,687
checkpoint,29,mutate,107851776,6105872,65536,114023184,4096,26331,96,107851776,393216,107458560,8510,76945,11,138,6195,10,10,138,8152,8510,0,,687
checkpoint,29,revert,107851776,6105872,65536,114023184,4096,26331,145,107851776,593920,107257856,8430,76805,11,138,6195,10,10,138,8072,8430,0,flow_memberships;flow_snapshots;flows;node_community,687
checkpoint,29,after_maintenance,107851776,6105872,65536,114023184,4096,26331,145,107851776,593920,107257856,8430,76805,11,138,6195,10,10,138,8072,8430,0,flow_memberships;flow_snapshots;flows;node_community,687
checkpoint,30,mutate,107851776,6105872,65536,114023184,4096,26331,60,107851776,245760,107606016,8510,76945,11,138,6195,10,10,138,8152,8510,0,,687
checkpoint,30,revert,107851776,6105872,65536,114023184,4096,26331,117,107851776,479232,107372544,8430,76805,11,138,6195,10,10,138,8072,8430,0,flow_memberships;flow_snapshots;flows;node_community,687
checkpoint,30,after_maintenance,107851776,0,65536,107917312,4096,26331,117,107851776,479232,107372544,8430,76805,11,138,6195,10,10,138,8072,8430,0,flow_memberships;flow_snapshots;flows;node_community,687
checkpoint,31,mutate,107851776,5586752,65536,113504064,4096,26331,29,107851776,118784,107732992,8510,76945,11,138,6195,10,10,138,8152,8510,0,,687
checkpoint,31,revert,107851776,5751552,65536,113668864,4096,26331,66,107851776,270336,107581440,8430,76805,11,138,6195,10,10,138,8072,8430,0,flow_memberships;flow_snapshots;flows;node_community,687
checkpoint,31,after_maintenance,107851776,5751552,65536,113668864,4096,26331,66,107851776,270336,107581440,8430,76805,11,138,6195,10,10,138,8072,8430,0,flow_memberships;flow_snapshots;flows;node_community,687
checkpoint,32,mutate,107851776,5751552,65536,113668864,4096,26385,116,108072960,475136,107597824,8510,76945,11,138,6195,10,10,138,8152,8510,0,,687
checkpoint,32,revert,108072960,5755672,65536,113894168,4096,26385,162,108072960,663552,107409408,8430,76805,11,138,6195,10,10,138,8072,8430,0,flow_memberships;flow_snapshots;flows;node_community,687
checkpoint,32,after_maintenance,108072960,5755672,65536,113894168,4096,26385,162,108072960,663552,107409408,8430,76805,11,138,6195,10,10,138,8072,8430,0,flow_memberships;flow_snapshots;flows;node_community,687
checkpoint,33,mutate,108072960,5755672,65536,113894168,4096,26385,77,108072960,315392,107757568,8510,76945,11,138,6195,10,10,138,8152,8510,0,,687
checkpoint,33,revert,108072960,5850432,65536,113988928,4096,26385,115,108072960,471040,107601920,8430,76805,11,138,6195,10,10,138,8072,8430,0,flow_memberships;flow_snapshots;flows;node_community,687
checkpoint,33,after_maintenance,108072960,5850432,65536,113988928,4096,26385,115,108072960,471040,107601920,8430,76805,11,138,6195,10,10,138,8072,8430,0,flow_memberships;flow_snapshots;flows;node_community,687
checkpoint,34,mutate,108072960,5850432,65536,113988928,4096,26385,36,108072960,147456,107925504,8510,76945,11,138,6195,10,10,138,8152,8510,0,,687
checkpoint,34,revert,108072960,5850432,65536,113988928,4096,26385,80,108072960,327680,107745280,8430,76805,11,138,6195,10,10,138,8072,8430,0,flow_memberships;flow_snapshots;flows;node_community,687
checkpoint,34,after_maintenance,108072960,5850432,65536,113988928,4096,26385,80,108072960,327680,107745280,8430,76805,11,138,6195,10,10,138,8072,8430,0,flow_memberships;flow_snapshots;flows;node_community,687
checkpoint,35,mutate,108249088,6019352,65536,114333976,4096,26428,170,108249088,696320,107552768,8510,76945,11,138,6195,10,10,138,8152,8510,0,,687
checkpoint,35,revert,108249088,6019352,65536,114333976,4096,26428,211,108249088,864256,107384832,8430,76805,11,138,6195,10,10,138,8072,8430,0,flow_memberships;flow_snapshots;flows;node_community,687
checkpoint,35,after_maintenance,108249088,6019352,65536,114333976,4096,26428,211,108249088,864256,107384832,8430,76805,11,138,6195,10,10,138,8072,8430,0,flow_memberships;flow_snapshots;flows;node_community,687
checkpoint,36,mutate,108249088,6105872,65536,114420496,4096,26428,133,108249088,544768,107704320,8510,76945,11,138,6195,10,10,138,8152,8510,0,,687
checkpoint,36,revert,108249088,6105872,65536,114420496,4096,26428,177,108249088,724992,107524096,8430,76805,11,138,6195,10,10,138,8072,8430,0,flow_memberships;flow_snapshots;flows;node_community,687
checkpoint,36,after_maintenance,108249088,6105872,65536,114420496,4096,26428,177,108249088,724992,107524096,8430,76805,11,138,6195,10,10,138,8072,8430,0,flow_memberships;flow_snapshots;flows;node_community,687
checkpoint,37,mutate,108249088,6118232,65536,114432856,4096,26428,143,108249088,585728,107663360,8510,76945,11,138,6195,10,10,138,8152,8510,0,,687
checkpoint,37,revert,108249088,6118232,65536,114432856,4096,26428,184,108249088,753664,107495424,8430,76805,11,138,6195,10,10,138,8072,8430,0,flow_memberships;flow_snapshots;flows;node_community,687
checkpoint,37,after_maintenance,108249088,6118232,65536,114432856,4096,26428,184,108249088,753664,107495424,8430,76805,11,138,6195,10,10,138,8072,8430,0,flow_memberships;flow_snapshots;flows;node_community,687
checkpoint,38,mutate,108249088,6118232,65536,114432856,4096,26428,96,108249088,393216,107855872,8510,76945,11,138,6195,10,10,138,8152,8510,0,,687
checkpoint,38,revert,108249088,6118232,65536,114432856,4096,26428,142,108249088,581632,107667456,8430,76805,11,138,6195,10,10,138,8072,8430,0,flow_memberships;flow_snapshots;flows;node_community,687
checkpoint,38,after_maintenance,108249088,6118232,65536,114432856,4096,26428,142,108249088,581632,107667456,8430,76805,11,138,6195,10,10,138,8072,8430,0,flow_memberships;flow_snapshots;flows;node_community,687
checkpoint,39,mutate,108249088,6118232,65536,114432856,4096,26428,61,108249088,249856,107999232,8510,76945,11,138,6195,10,10,138,8152,8510,0,,687
checkpoint,39,revert,108249088,6118232,65536,114432856,4096,26428,101,108249088,413696,107835392,8430,76805,11,138,6195,10,10,138,8072,8430,0,flow_memberships;flow_snapshots;flows;node_community,687
checkpoint,39,after_maintenance,108249088,6118232,65536,114432856,4096,26428,101,108249088,413696,107835392,8430,76805,11,138,6195,10,10,138,8072,8430,0,flow_memberships;flow_snapshots;flows;node_community,687
checkpoint,40,mutate,108355584,6118232,65536,114539352,4096,26454,116,108355584,475136,107880448,8510,76945,11,138,6195,10,10,138,8152,8510,0,,687
checkpoint,40,revert,108355584,6118232,65536,114539352,4096,26454,165,108355584,675840,107679744,8430,76805,11,138,6195,10,10,138,8072,8430,0,flow_memberships;flow_snapshots;flows;node_community,687
checkpoint,40,after_maintenance,108355584,0,65536,108421120,4096,26454,165,108355584,675840,107679744,8430,76805,11,138,6195,10,10,138,8072,8430,0,flow_memberships;flow_snapshots;flows;node_community,687
checkpoint,41,mutate,108355584,5491992,65536,113913112,4096,26454,85,108355584,348160,108007424,8510,76945,11,138,6195,10,10,138,8152,8510,0,,687
checkpoint,41,revert,108355584,5772152,65536,114193272,4096,26454,118,108355584,483328,107872256,8430,76805,11,138,6195,10,10,138,8072,8430,0,flow_memberships;flow_snapshots;flows;node_community,687
checkpoint,41,after_maintenance,108355584,5772152,65536,114193272,4096,26454,118,108355584,483328,107872256,8430,76805,11,138,6195,10,10,138,8072,8430,0,flow_memberships;flow_snapshots;flows;node_community,687
checkpoint,42,mutate,108355584,5772152,65536,114193272,4096,26454,38,108355584,155648,108199936,8510,76945,11,138,6195,10,10,138,8152,8510,0,,687
checkpoint,42,revert,108355584,5805112,65536,114226232,4096,26454,81,108355584,331776,108023808,8430,76805,11,138,6195,10,10,138,8072,8430,0,flow_memberships;flow_snapshots;flows;node_community,687
checkpoint,42,after_maintenance,108355584,5805112,65536,114226232,4096,26454,81,108355584,331776,108023808,8430,76805,11,138,6195,10,10,138,8072,8430,0,flow_memberships;flow_snapshots;flows;node_community,687
checkpoint,43,mutate,108457984,5805112,65536,114328632,4096,26479,116,108457984,475136,107982848,8510,76945,11,138,6195,10,10,138,8152,8510,0,,687
checkpoint,43,revert,108457984,5805112,65536,114328632,4096,26479,146,108457984,598016,107859968,8430,76805,11,138,6195,10,10,138,8072,8430,0,flow_memberships;flow_snapshots;flows;node_community,687
checkpoint,43,after_maintenance,108457984,5805112,65536,114328632,4096,26479,146,108457984,598016,107859968,8430,76805,11,138,6195,10,10,138,8072,8430,0,flow_memberships;flow_snapshots;flows;node_community,687
checkpoint,44,mutate,108457984,6072912,65536,114596432,4096,26479,67,108457984,274432,108183552,8510,76945,11,138,6195,10,10,138,8152,8510,0,,687
checkpoint,44,revert,108457984,6072912,65536,114596432,4096,26479,110,108457984,450560,108007424,8430,76805,11,138,6195,10,10,138,8072,8430,0,flow_memberships;flow_snapshots;flows;node_community,687
checkpoint,44,after_maintenance,108457984,6072912,65536,114596432,4096,26479,110,108457984,450560,108007424,8430,76805,11,138,6195,10,10,138,8072,8430,0,flow_memberships;flow_snapshots;flows;node_community,687
checkpoint,45,mutate,108511232,6072912,65536,114649680,4096,26492,217,108511232,888832,107622400,8510,76945,11,138,6195,10,10,138,8152,8510,0,,687
checkpoint,45,revert,108511232,6072912,65536,114649680,4096,26492,251,108511232,1028096,107483136,8430,76805,11,138,6195,10,10,138,8072,8430,0,flow_memberships;flow_snapshots;flows;node_community,687
checkpoint,45,after_maintenance,108511232,6072912,65536,114649680,4096,26492,251,108511232,1028096,107483136,8430,76805,11,138,6195,10,10,138,8072,8430,0,flow_memberships;flow_snapshots;flows;node_community,687
checkpoint,46,mutate,108511232,6072912,65536,114649680,4096,26492,172,108511232,704512,107806720,8510,76945,11,138,6195,10,10,138,8152,8510,0,,687
checkpoint,46,revert,108511232,6072912,65536,114649680,4096,26552,489,108756992,2002944,106754048,8430,76805,11,138,6195,10,10,138,8072,8430,0,flow_memberships;flow_snapshots;flows;node_community,687
checkpoint,46,after_maintenance,108511232,6072912,65536,114649680,4096,26552,489,108756992,2002944,106754048,8430,76805,11,138,6195,10,10,138,8072,8430,0,flow_memberships;flow_snapshots;flows;node_community,687
checkpoint,47,mutate,108756992,6126472,65536,114949000,4096,26552,393,108756992,1609728,107147264,8510,76945,11,138,6195,10,10,138,8152,8510,0,,687
checkpoint,47,revert,108756992,6126472,65536,114949000,4096,26552,442,108756992,1810432,106946560,8430,76805,11,138,6195,10,10,138,8072,8430,0,flow_memberships;flow_snapshots;flows;node_community,687
checkpoint,47,after_maintenance,108756992,6126472,65536,114949000,4096,26552,442,108756992,1810432,106946560,8430,76805,11,138,6195,10,10,138,8072,8430,0,flow_memberships;flow_snapshots;flows;node_community,687
checkpoint,48,mutate,108756992,6126472,65536,114949000,4096,26552,458,108756992,1875968,106881024,8510,76945,11,138,6195,10,10,138,8152,8510,0,,687
checkpoint,48,revert,108756992,6126472,65536,114949000,4096,26552,510,108756992,2088960,106668032,8430,76805,11,138,6195,10,10,138,8072,8430,0,flow_memberships;flow_snapshots;flows;node_community,687
checkpoint,48,after_maintenance,108756992,6126472,65536,114949000,4096,26552,510,108756992,2088960,106668032,8430,76805,11,138,6195,10,10,138,8072,8430,0,flow_memberships;flow_snapshots;flows;node_community,687
checkpoint,49,mutate,108756992,6142952,65536,114965480,4096,26552,423,108756992,1732608,107024384,8510,76945,11,138,6195,10,10,138,8152,8510,0,,687
checkpoint,49,revert,108756992,6142952,65536,114965480,4096,26552,460,108756992,1884160,106872832,8430,76805,11,138,6195,10,10,138,8072,8430,0,flow_memberships;flow_snapshots;flows;node_community,687
checkpoint,49,after_maintenance,108756992,6142952,65536,114965480,4096,26552,460,108756992,1884160,106872832,8430,76805,11,138,6195,10,10,138,8072,8430,0,flow_memberships;flow_snapshots;flows;node_community,687
checkpoint,50,mutate,108756992,6142952,65536,114965480,4096,26552,377,108756992,1544192,107212800,8510,76945,11,138,6195,10,10,138,8152,8510,0,,687
checkpoint,50,revert,108756992,6142952,65536,114965480,4096,26552,421,108756992,1724416,107032576,8430,76805,11,138,6195,10,10,138,8072,8430,0,flow_memberships;flow_snapshots;flows;node_community,687
checkpoint,50,after_maintenance,108756992,0,65536,108822528,4096,26552,421,108756992,1724416,107032576,8430,76805,11,138,6195,10,10,138,8072,8430,0,flow_memberships;flow_snapshots;flows;node_community,687
checkpoint,51,mutate,108756992,5599112,65536,114421640,4096,26552,420,108756992,1720320,107036672,8510,76945,11,138,6195,10,10,138,8152,8510,0,,687
checkpoint,51,revert,108756992,5805112,65536,114627640,4096,26552,457,108756992,1871872,106885120,8430,76805,11,138,6195,10,10,138,8072,8430,0,flow_memberships;flow_snapshots;flows;node_community,687
checkpoint,51,after_maintenance,108756992,5805112,65536,114627640,4096,26552,457,108756992,1871872,106885120,8430,76805,11,138,6195,10,10,138,8072,8430,0,flow_memberships;flow_snapshots;flows;node_community,687
checkpoint,52,mutate,108756992,5805112,65536,114627640,4096,26552,380,108756992,1556480,107200512,8510,76945,11,138,6195,10,10,138,8152,8510,0,,687
checkpoint,52,revert,108756992,5805112,65536,114627640,4096,26552,420,108756992,1720320,107036672,8430,76805,11,138,6195,10,10,138,8072,8430,0,flow_memberships;flow_snapshots;flows;node_community,687
checkpoint,52,after_maintenance,108756992,5805112,65536,114627640,4096,26552,420,108756992,1720320,107036672,8430,76805,11,138,6195,10,10,138,8072,8430,0,flow_memberships;flow_snapshots;flows;node_community,687
checkpoint,53,mutate,108756992,5805112,65536,114627640,4096,26552,386,108756992,1581056,107175936,8510,76945,11,138,6195,10,10,138,8152,8510,0,,687
checkpoint,53,revert,108756992,5805112,65536,114627640,4096,26552,431,108756992,1765376,106991616,8430,76805,11,138,6195,10,10,138,8072,8430,0,flow_memberships;flow_snapshots;flows;node_community,687
checkpoint,53,after_maintenance,108756992,5805112,65536,114627640,4096,26552,431,108756992,1765376,106991616,8430,76805,11,138,6195,10,10,138,8072,8430,0,flow_memberships;flow_snapshots;flows;node_community,687
checkpoint,54,mutate,108756992,6044072,65536,114866600,4096,26552,343,108756992,1404928,107352064,8510,76945,11,138,6195,10,10,138,8152,8510,0,,687
checkpoint,54,revert,108756992,6044072,65536,114866600,4096,26552,396,108756992,1622016,107134976,8430,76805,11,138,6195,10,10,138,8072,8430,0,flow_memberships;flow_snapshots;flows;node_community,687
checkpoint,54,after_maintenance,108756992,6044072,65536,114866600,4096,26552,396,108756992,1622016,107134976,8430,76805,11,138,6195,10,10,138,8072,8430,0,flow_memberships;flow_snapshots;flows;node_community,687
checkpoint,55,mutate,108756992,6044072,65536,114866600,4096,26552,305,108756992,1249280,107507712,8510,76945,11,138,6195,10,10,138,8152,8510,0,,687
checkpoint,55,revert,108756992,6044072,65536,114866600,4096,26552,353,108756992,1445888,107311104,8430,76805,11,138,6195,10,10,138,8072,8430,0,flow_memberships;flow_snapshots;flows;node_community,687
checkpoint,55,after_maintenance,108756992,6044072,65536,114866600,4096,26552,353,108756992,1445888,107311104,8430,76805,11,138,6195,10,10,138,8072,8430,0,flow_memberships;flow_snapshots;flows;node_community,687
checkpoint,56,mutate,108756992,6134712,65536,114957240,4096,26552,398,108756992,1630208,107126784,8510,76945,11,138,6195,10,10,138,8152,8510,0,,687
checkpoint,56,revert,108756992,6134712,65536,114957240,4096,26552,437,108756992,1789952,106967040,8430,76805,11,138,6195,10,10,138,8072,8430,0,flow_memberships;flow_snapshots;flows;node_community,687
checkpoint,56,after_maintenance,108756992,6134712,65536,114957240,4096,26552,437,108756992,1789952,106967040,8430,76805,11,138,6195,10,10,138,8072,8430,0,flow_memberships;flow_snapshots;flows;node_community,687
checkpoint,57,mutate,108756992,6134712,65536,114957240,4096,26552,359,108756992,1470464,107286528,8510,76945,11,138,6195,10,10,138,8152,8510,0,,687
checkpoint,57,revert,108756992,6134712,65536,114957240,4096,26552,400,108756992,1638400,107118592,8430,76805,11,138,6195,10,10,138,8072,8430,0,flow_memberships;flow_snapshots;flows;node_community,687
checkpoint,57,after_maintenance,108756992,6134712,65536,114957240,4096,26552,400,108756992,1638400,107118592,8430,76805,11,138,6195,10,10,138,8072,8430,0,flow_memberships;flow_snapshots;flows;node_community,687
checkpoint,58,mutate,108756992,6134712,65536,114957240,4096,26552,318,108756992,1302528,107454464,8510,76945,11,138,6195,10,10,138,8152,8510,0,,687
checkpoint,58,revert,108756992,6134712,65536,114957240,4096,26552,366,108756992,1499136,107257856,8430,76805,11,138,6195,10,10,138,8072,8430,0,flow_memberships;flow_snapshots;flows;node_community,687
checkpoint,58,after_maintenance,108756992,6134712,65536,114957240,4096,26552,366,108756992,1499136,107257856,8430,76805,11,138,6195,10,10,138,8072,8430,0,flow_memberships;flow_snapshots;flows;node_community,687
checkpoint,59,mutate,108756992,6134712,65536,114957240,4096,26552,354,108756992,1449984,107307008,8510,76945,11,138,6195,10,10,138,8152,8510,0,,687
checkpoint,59,revert,108756992,6134712,65536,114957240,4096,26552,395,108756992,1617920,107139072,8430,76805,11,138,6195,10,10,138,8072,8430,0,flow_memberships;flow_snapshots;flows;node_community,687
checkpoint,59,after_maintenance,108756992,6134712,65536,114957240,4096,26552,395,108756992,1617920,107139072,8430,76805,11,138,6195,10,10,138,8072,8430,0,flow_memberships;flow_snapshots;flows;node_community,687
checkpoint,60,mutate,108756992,6134712,65536,114957240,4096,26552,320,108756992,1310720,107446272,8510,76945,11,138,6195,10,10,138,8152,8510,0,,687
checkpoint,60,revert,108756992,6134712,65536,114957240,4096,26552,354,108756992,1449984,107307008,8430,76805,11,138,6195,10,10,138,8072,8430,0,flow_memberships;flow_snapshots;flows;node_community,687
checkpoint,60,after_maintenance,108756992,0,65536,108822528,4096,26552,354,108756992,1449984,107307008,8430,76805,11,138,6195,10,10,138,8072,8430,0,flow_memberships;flow_snapshots;flows;node_community,687
checkpoint,61,mutate,108756992,5574392,65536,114396920,4096,26552,323,108756992,1323008,107433984,8510,76945,11,138,6195,10,10,138,8152,8510,0,,687
checkpoint,61,revert,108756992,5796872,65536,114619400,4096,26552,365,108756992,1495040,107261952,8430,76805,11,138,6195,10,10,138,8072,8430,0,flow_memberships;flow_snapshots;flows;node_community,687
checkpoint,61,after_maintenance,108756992,5796872,65536,114619400,4096,26552,365,108756992,1495040,107261952,8430,76805,11,138,6195,10,10,138,8072,8430,0,flow_memberships;flow_snapshots;flows;node_community,687
checkpoint,62,mutate,108756992,5796872,65536,114619400,4096,26552,282,108756992,1155072,107601920,8510,76945,11,138,6195,10,10,138,8152,8510,0,,687
checkpoint,62,revert,108756992,5800992,65536,114623520,4096,26552,331,108756992,1355776,107401216,8430,76805,11,138,6195,10,10,138,8072,8430,0,flow_memberships;flow_snapshots;flows;node_community,687
checkpoint,62,after_maintenance,108756992,5800992,65536,114623520,4096,26552,331,108756992,1355776,107401216,8430,76805,11,138,6195,10,10,138,8072,8430,0,flow_memberships;flow_snapshots;flows;node_community,687
checkpoint,63,mutate,108756992,5800992,65536,114623520,4096,26552,248,108756992,1015808,107741184,8510,76945,11,138,6195,10,10,138,8152,8510,0,,687
checkpoint,63,revert,108756992,5800992,65536,114623520,4096,26552,282,108756992,1155072,107601920,8430,76805,11,138,6195,10,10,138,8072,8430,0,flow_memberships;flow_snapshots;flows;node_community,687
checkpoint,63,after_maintenance,108756992,5800992,65536,114623520,4096,26552,282,108756992,1155072,107601920,8430,76805,11,138,6195,10,10,138,8072,8430,0,flow_memberships;flow_snapshots;flows;node_community,687
checkpoint,64,mutate,108756992,6064672,65536,114887200,4096,26552,278,108756992,1138688,107618304,8510,76945,11,138,6195,10,10,138,8152,8510,0,,687
checkpoint,64,revert,108756992,6064672,65536,114887200,4096,26552,334,108756992,1368064,107388928,8430,76805,11,138,6195,10,10,138,8072,8430,0,flow_memberships;flow_snapshots;flows;node_community,687
checkpoint,64,after_maintenance,108756992,6064672,65536,114887200,4096,26552,334,108756992,1368064,107388928,8430,76805,11,138,6195,10,10,138,8072,8430,0,flow_memberships;flow_snapshots;flows;node_community,687
checkpoint,65,mutate,108756992,6126472,65536,114949000,4096,26552,241,108756992,987136,107769856,8510,76945,11,138,6195,10,10,138,8152,8510,0,,687
checkpoint,65,revert,108756992,6126472,65536,114949000,4096,26552,284,108756992,1163264,107593728,8430,76805,11,138,6195,10,10,138,8072,8430,0,flow_memberships;flow_snapshots;flows;node_community,687
checkpoint,65,after_maintenance,108756992,6126472,65536,114949000,4096,26552,284,108756992,1163264,107593728,8430,76805,11,138,6195,10,10,138,8072,8430,0,flow_memberships;flow_snapshots;flows;node_community,687
checkpoint,66,mutate,108756992,6126472,65536,114949000,4096,26552,198,108756992,811008,107945984,8510,76945,11,138,6195,10,10,138,8152,8510,0,,687
checkpoint,66,revert,108756992,6126472,65536,114949000,4096,26552,248,108756992,1015808,107741184,8430,76805,11,138,6195,10,10,138,8072,8430,0,flow_memberships;flow_snapshots;flows;node_community,687
checkpoint,66,after_maintenance,108756992,6126472,65536,114949000,4096,26552,248,108756992,1015808,107741184,8430,76805,11,138,6195,10,10,138,8072,8430,0,flow_memberships;flow_snapshots;flows;node_community,687
checkpoint,67,mutate,108756992,6126472,65536,114949000,4096,26552,290,108756992,1187840,107569152,8510,76945,11,138,6195,10,10,138,8152,8510,0,,687
checkpoint,67,revert,108756992,6126472,65536,114949000,4096,26552,333,108756992,1363968,107393024,8430,76805,11,138,6195,10,10,138,8072,8430,0,flow_memberships;flow_snapshots;flows;node_community,687
checkpoint,67,after_maintenance,108756992,6126472,65536,114949000,4096,26552,333,108756992,1363968,107393024,8430,76805,11,138,6195,10,10,138,8072,8430,0,flow_memberships;flow_snapshots;flows;node_community,687
checkpoint,68,mutate,108756992,6126472,65536,114949000,4096,26552,253,108756992,1036288,107720704,8510,76945,11,138,6195,10,10,138,8152,8510,0,,687
checkpoint,68,revert,108756992,6126472,65536,114949000,4096,26552,300,108756992,1228800,107528192,8430,76805,11,138,6195,10,10,138,8072,8430,0,flow_memberships;flow_snapshots;flows;node_community,687
checkpoint,68,after_maintenance,108756992,6126472,65536,114949000,4096,26552,300,108756992,1228800,107528192,8430,76805,11,138,6195,10,10,138,8072,8430,0,flow_memberships;flow_snapshots;flows;node_community,687
checkpoint,69,mutate,108756992,6126472,65536,114949000,4096,26552,259,108756992,1060864,107696128,8510,76945,11,138,6195,10,10,138,8152,8510,0,,687
checkpoint,69,revert,108756992,6126472,65536,114949000,4096,26552,292,108756992,1196032,107560960,8430,76805,11,138,6195,10,10,138,8072,8430,0,flow_memberships;flow_snapshots;flows;node_community,687
checkpoint,69,after_maintenance,108756992,6126472,65536,114949000,4096,26552,292,108756992,1196032,107560960,8430,76805,11,138,6195,10,10,138,8072,8430,0,flow_memberships;flow_snapshots;flows;node_community,687
checkpoint,70,mutate,108756992,6126472,65536,114949000,4096,26552,215,108756992,880640,107876352,8510,76945,11,138,6195,10,10,138,8152,8510,0,,687
checkpoint,70,revert,108756992,6126472,65536,114949000,4096,26552,260,108756992,1064960,107692032,8430,76805,11,138,6195,10,10,138,8072,8430,0,flow_memberships;flow_snapshots;flows;node_community,687
checkpoint,70,after_maintenance,108756992,0,65536,108822528,4096,26552,260,108756992,1064960,107692032,8430,76805,11,138,6195,10,10,138,8072,8430,0,flow_memberships;flow_snapshots;flows;node_community,687
checkpoint,71,mutate,108756992,5055272,65536,113877800,4096,26552,179,108756992,733184,108023808,8510,76945,11,138,6195,10,10,138,8152,8510,0,,687
checkpoint,71,revert,108756992,5327192,65536,114149720,4096,26552,226,108756992,925696,107831296,8430,76805,11,138,6195,10,10,138,8072,8430,0,flow_memberships;flow_snapshots;flows;node_community,687
checkpoint,71,after_maintenance,108756992,5327192,65536,114149720,4096,26552,226,108756992,925696,107831296,8430,76805,11,138,6195,10,10,138,8072,8430,0,flow_memberships;flow_snapshots;flows;node_community,687
checkpoint,72,mutate,108756992,6097632,65536,114920160,4096,26552,214,108756992,876544,107880448,8510,76945,11,138,6195,10,10,138,8152,8510,0,,687
checkpoint,72,revert,108756992,6097632,65536,114920160,4096,26552,264,108756992,1081344,107675648,8430,76805,11,138,6195,10,10,138,8072,8430,0,flow_memberships;flow_snapshots;flows;node_community,687
checkpoint,72,after_maintenance,108756992,6097632,65536,114920160,4096,26552,264,108756992,1081344,107675648,8430,76805,11,138,6195,10,10,138,8072,8430,0,flow_memberships;flow_snapshots;flows;node_community,687
checkpoint,73,mutate,108756992,6097632,65536,114920160,4096,26552,184,108756992,753664,108003328,8510,76945,11,138,6195,10,10,138,8152,8510,0,,687
checkpoint,73,revert,108756992,6097632,65536,114920160,4096,26552,223,108756992,913408,107843584,8430,76805,11,138,6195,10,10,138,8072,8430,0,flow_memberships;flow_snapshots;flows;node_community,687
checkpoint,73,after_maintenance,108756992,6097632,65536,114920160,4096,26552,223,108756992,913408,107843584,8430,76805,11,138,6195,10,10,138,8072,8430,0,flow_memberships;flow_snapshots;flows;node_community,687
checkpoint,74,mutate,108756992,6180032,65536,115002560,4096,26552,133,108756992,544768,108212224,8510,76945,11,138,6195,10,10,138,8152,8510,0,,687
checkpoint,74,revert,108756992,6180032,65536,115002560,4096,26552,185,108756992,757760,107999232,8430,76805,11,138,6195,10,10,138,8072,8430,0,flow_memberships;flow_snapshots;flows;node_community,687
checkpoint,74,after_maintenance,108756992,6180032,65536,115002560,4096,26552,185,108756992,757760,107999232,8430,76805,11,138,6195,10,10,138,8072,8430,0,flow_memberships;flow_snapshots;flows;node_community,687
checkpoint,75,mutate,108756992,6180032,65536,115002560,4096,26552,183,108756992,749568,108007424,8510,76945,11,138,6195,10,10,138,8152,8510,0,,687
checkpoint,75,revert,108756992,6180032,65536,115002560,4096,26552,224,108756992,917504,107839488,8430,76805,11,138,6195,10,10,138,8072,8430,0,flow_memberships;flow_snapshots;flows;node_community,687
checkpoint,75,after_maintenance,108756992,6180032,65536,115002560,4096,26552,224,108756992,917504,107839488,8430,76805,11,138,6195,10,10,138,8072,8430,0,flow_memberships;flow_snapshots;flows;node_community,687
checkpoint,76,mutate,108756992,6180032,65536,115002560,4096,26552,144,108756992,589824,108167168,8510,76945,11,138,6195,10,10,138,8152,8510,0,,687
checkpoint,76,revert,108756992,6180032,65536,115002560,4096,26552,181,108756992,741376,108015616,8430,76805,11,138,6195,10,10,138,8072,8430,0,flow_memberships;flow_snapshots;flows;node_community,687
checkpoint,76,after_maintenance,108756992,6180032,65536,115002560,4096,26552,181,108756992,741376,108015616,8430,76805,11,138,6195,10,10,138,8072,8430,0,flow_memberships;flow_snapshots;flows;node_community,687
checkpoint,77,mutate,108756992,6180032,65536,115002560,4096,26552,204,108756992,835584,107921408,8510,76945,11,138,6195,10,10,138,8152,8510,0,,687
checkpoint,77,revert,108756992,6180032,65536,115002560,4096,26552,236,108756992,966656,107790336,8430,76805,11,138,6195,10,10,138,8072,8430,0,flow_memberships;flow_snapshots;flows;node_community,687
checkpoint,77,after_maintenance,108756992,6180032,65536,115002560,4096,26552,236,108756992,966656,107790336,8430,76805,11,138,6195,10,10,138,8072,8430,0,flow_memberships;flow_snapshots;flows;node_community,687
checkpoint,78,mutate,108756992,6180032,65536,115002560,4096,26552,158,108756992,647168,108109824,8510,76945,11,138,6195,10,10,138,8152,8510,0,,687
checkpoint,78,revert,108756992,6180032,65536,115002560,4096,26552,196,108756992,802816,107954176,8430,76805,11,138,6195,10,10,138,8072,8430,0,flow_memberships;flow_snapshots;flows;node_community,687
checkpoint,78,after_maintenance,108756992,6180032,65536,115002560,4096,26552,196,108756992,802816,107954176,8430,76805,11,138,6195,10,10,138,8072,8430,0,flow_memberships;flow_snapshots;flows;node_community,687
checkpoint,79,mutate,108756992,6180032,65536,115002560,4096,26552,124,108756992,507904,108249088,8510,76945,11,138,6195,10,10,138,8152,8510,0,,687
checkpoint,79,revert,108756992,6180032,65536,115002560,4096,26552,159,108756992,651264,108105728,8430,76805,11,138,6195,10,10,138,8072,8430,0,flow_memberships;flow_snapshots;flows;node_community,687
checkpoint,79,after_maintenance,108756992,6180032,65536,115002560,4096,26552,159,108756992,651264,108105728,8430,76805,11,138,6195,10,10,138,8072,8430,0,flow_memberships;flow_snapshots;flows;node_community,687
checkpoint,80,mutate,108756992,6180032,65536,115002560,4096,26552,157,108756992,643072,108113920,8510,76945,11,138,6195,10,10,138,8152,8510,0,,687
checkpoint,80,revert,108756992,6180032,65536,115002560,4096,26552,202,108756992,827392,107929600,8430,76805,11,138,6195,10,10,138,8072,8430,0,flow_memberships;flow_snapshots;flows;node_community,687
checkpoint,80,after_maintenance,108756992,0,65536,108822528,4096,26552,202,108756992,827392,107929600,8430,76805,11,138,6195,10,10,138,8072,8430,0,flow_memberships;flow_snapshots;flows;node_community,687
checkpoint,81,mutate,108756992,5619712,65536,114442240,4096,26552,121,108756992,495616,108261376,8510,76945,11,138,6195,10,10,138,8152,8510,0,,687
checkpoint,81,revert,108756992,5805112,65536,114627640,4096,26552,155,108756992,634880,108122112,8430,76805,11,138,6195,10,10,138,8072,8430,0,flow_memberships;flow_snapshots;flows;node_community,687
checkpoint,81,after_maintenance,108756992,5805112,65536,114627640,4096,26552,155,108756992,634880,108122112,8430,76805,11,138,6195,10,10,138,8072,8430,0,flow_memberships;flow_snapshots;flows;node_community,687
checkpoint,82,mutate,108756992,5805112,65536,114627640,4096,26552,79,108756992,323584,108433408,8510,76945,11,138,6195,10,10,138,8152,8510,0,,687
checkpoint,82,revert,108756992,5805112,65536,114627640,4096,26552,122,108756992,499712,108257280,8430,76805,11,138,6195,10,10,138,8072,8430,0,flow_memberships;flow_snapshots;flows;node_community,687
checkpoint,82,after_maintenance,108756992,5805112,65536,114627640,4096,26552,122,108756992,499712,108257280,8430,76805,11,138,6195,10,10,138,8072,8430,0,flow_memberships;flow_snapshots;flows;node_community,687
checkpoint,83,mutate,108756992,6105872,65536,114928400,4096,26552,117,108756992,479232,108277760,8510,76945,11,138,6195,10,10,138,8152,8510,0,,687
checkpoint,83,revert,108756992,6105872,65536,114928400,4096,26552,149,108756992,610304,108146688,8430,76805,11,138,6195,10,10,138,8072,8430,0,flow_memberships;flow_snapshots;flows;node_community,687
checkpoint,83,after_maintenance,108756992,6105872,65536,114928400,4096,26552,149,108756992,610304,108146688,8430,76805,11,138,6195,10,10,138,8072,8430,0,flow_memberships;flow_snapshots;flows;node_community,687
checkpoint,84,mutate,108756992,6105872,65536,114928400,4096,26552,76,108756992,311296,108445696,8510,76945,11,138,6195,10,10,138,8152,8510,0,,687
checkpoint,84,revert,108756992,6105872,65536,114928400,4096,26552,122,108756992,499712,108257280,8430,76805,11,138,6195,10,10,138,8072,8430,0,flow_memberships;flow_snapshots;flows;node_community,687
checkpoint,84,after_maintenance,108756992,6105872,65536,114928400,4096,26552,122,108756992,499712,108257280,8430,76805,11,138,6195,10,10,138,8072,8430,0,flow_memberships;flow_snapshots;flows;node_community,687
checkpoint,85,mutate,108756992,6138832,65536,114961360,4096,26552,83,108756992,339968,108417024,8510,76945,11,138,6195,10,10,138,8152,8510,0,,687
checkpoint,85,revert,108756992,6138832,65536,114961360,4096,26552,124,108756992,507904,108249088,8430,76805,11,138,6195,10,10,138,8072,8430,0,flow_memberships;flow_snapshots;flows;node_community,687
checkpoint,85,after_maintenance,108756992,6138832,65536,114961360,4096,26552,124,108756992,507904,108249088,8430,76805,11,138,6195,10,10,138,8072,8430,0,flow_memberships;flow_snapshots;flows;node_community,687
checkpoint,86,mutate,108756992,6138832,65536,114961360,4096,26552,43,108756992,176128,108580864,8510,76945,11,138,6195,10,10,138,8152,8510,0,,687
checkpoint,86,revert,108756992,6138832,65536,114961360,4096,26552,84,108756992,344064,108412928,8430,76805,11,138,6195,10,10,138,8072,8430,0,flow_memberships;flow_snapshots;flows;node_community,687
checkpoint,86,after_maintenance,108756992,6138832,65536,114961360,4096,26552,84,108756992,344064,108412928,8430,76805,11,138,6195,10,10,138,8072,8430,0,flow_memberships;flow_snapshots;flows;node_community,687
checkpoint,87,mutate,108756992,6138832,65536,114961360,4096,26552,4,108756992,16384,108740608,8510,76945,11,138,6195,10,10,138,8152,8510,0,,687
checkpoint,87,revert,108756992,6138832,65536,114961360,4096,26552,40,108756992,163840,108593152,8430,76805,11,138,6195,10,10,138,8072,8430,0,flow_memberships;flow_snapshots;flows;node_community,687
checkpoint,87,after_maintenance,108756992,6138832,65536,114961360,4096,26552,40,108756992,163840,108593152,8430,76805,11,138,6195,10,10,138,8072,8430,0,flow_memberships;flow_snapshots;flows;node_community,687
checkpoint,88,mutate,109056000,6138832,65536,115260368,4096,26625,185,109056000,757760,108298240,8510,76945,11,138,6195,10,10,138,8152,8510,0,,687
checkpoint,88,revert,109056000,6138832,65536,115260368,4096,26625,233,109056000,954368,108101632,8430,76805,11,138,6195,10,10,138,8072,8430,0,flow_memberships;flow_snapshots;flows;node_community,687
checkpoint,88,after_maintenance,109056000,6138832,65536,115260368,4096,26625,233,109056000,954368,108101632,8430,76805,11,138,6195,10,10,138,8072,8430,0,flow_memberships;flow_snapshots;flows;node_community,687
checkpoint,89,mutate,109056000,6138832,65536,115260368,4096,26625,141,109056000,577536,108478464,8510,76945,11,138,6195,10,10,138,8152,8510,0,,687
checkpoint,89,revert,109056000,6138832,65536,115260368,4096,26685,282,109301760,1155072,108146688,8430,76805,11,138,6195,10,10,138,8072,8430,0,flow_memberships;flow_snapshots;flows;node_community,687
checkpoint,89,after_maintenance,109056000,6138832,65536,115260368,4096,26685,282,109301760,1155072,108146688,8430,76805,11,138,6195,10,10,138,8072,8430,0,flow_memberships;flow_snapshots;flows;node_community,687
checkpoint,90,mutate,109301760,6138832,65536,115506128,4096,26685,198,109301760,811008,108490752,8510,76945,11,138,6195,10,10,138,8152,8510,0,,687
checkpoint,90,revert,109301760,6138832,65536,115506128,4096,26685,242,109301760,991232,108310528,8430,76805,11,138,6195,10,10,138,8072,8430,0,flow_memberships;flow_snapshots;flows;node_community,687
checkpoint,90,after_maintenance,109301760,0,65536,109367296,4096,26685,242,109301760,991232,108310528,8430,76805,11,138,6195,10,10,138,8072,8430,0,flow_memberships;flow_snapshots;flows;node_community,687
checkpoint,91,mutate,109301760,5294232,65536,114661528,4096,26685,234,109301760,958464,108343296,8510,76945,11,138,6195,10,10,138,8152,8510,0,,687
checkpoint,91,revert,109301760,5306592,65536,114673888,4096,26685,277,109301760,1134592,108167168,8430,76805,11,138,6195,10,10,138,8072,8430,0,flow_memberships;flow_snapshots;flows;node_community,687
checkpoint,91,after_maintenance,109301760,5306592,65536,114673888,4096,26685,277,109301760,1134592,108167168,8430,76805,11,138,6195,10,10,138,8072,8430,0,flow_memberships;flow_snapshots;flows;node_community,687
checkpoint,92,mutate,109301760,6130592,65536,115497888,4096,26685,197,109301760,806912,108494848,8510,76945,11,138,6195,10,10,138,8152,8510,0,,687
checkpoint,92,revert,109301760,6130592,65536,115497888,4096,26685,240,109301760,983040,108318720,8430,76805,11,138,6195,10,10,138,8072,8430,0,flow_memberships;flow_snapshots;flows;node_community,687
checkpoint,92,after_maintenance,109301760,6130592,65536,115497888,4096,26685,240,109301760,983040,108318720,8430,76805,11,138,6195,10,10,138,8072,8430,0,flow_memberships;flow_snapshots;flows;node_community,687
checkpoint,93,mutate,109301760,6130592,65536,115497888,4096,26685,200,109301760,819200,108482560,8510,76945,11,138,6195,10,10,138,8152,8510,0,,687
checkpoint,93,revert,109301760,6130592,65536,115497888,4096,26685,240,109301760,983040,108318720,8430,76805,11,138,6195,10,10,138,8072,8430,0,flow_memberships;flow_snapshots;flows;node_community,687
checkpoint,93,after_maintenance,109301760,6130592,65536,115497888,4096,26685,240,109301760,983040,108318720,8430,76805,11,138,6195,10,10,138,8072,8430,0,flow_memberships;flow_snapshots;flows;node_community,687
checkpoint,94,mutate,109301760,6130592,65536,115497888,4096,26685,163,109301760,667648,108634112,8510,76945,11,138,6195,10,10,138,8152,8510,0,,687
checkpoint,94,revert,109301760,6130592,65536,115497888,4096,26685,207,109301760,847872,108453888,8430,76805,11,138,6195,10,10,138,8072,8430,0,flow_memberships;flow_snapshots;flows;node_community,687
checkpoint,94,after_maintenance,109301760,6130592,65536,115497888,4096,26685,207,109301760,847872,108453888,8430,76805,11,138,6195,10,10,138,8072,8430,0,flow_memberships;flow_snapshots;flows;node_community,687
checkpoint,95,mutate,109301760,6130592,65536,115497888,4096,26685,129,109301760,528384,108773376,8510,76945,11,138,6195,10,10,138,8152,8510,0,,687
checkpoint,95,revert,109301760,6130592,65536,115497888,4096,26685,163,109301760,667648,108634112,8430,76805,11,138,6195,10,10,138,8072,8430,0,flow_memberships;flow_snapshots;flows;node_community,687
checkpoint,95,after_maintenance,109301760,6130592,65536,115497888,4096,26685,163,109301760,667648,108634112,8430,76805,11,138,6195,10,10,138,8072,8430,0,flow_memberships;flow_snapshots;flows;node_community,687
checkpoint,96,mutate,109301760,6130592,65536,115497888,4096,26685,164,109301760,671744,108630016,8510,76945,11,138,6195,10,10,138,8152,8510,0,,687
checkpoint,96,revert,109301760,6130592,65536,115497888,4096,26685,213,109301760,872448,108429312,8430,76805,11,138,6195,10,10,138,8072,8430,0,flow_memberships;flow_snapshots;flows;node_community,687
checkpoint,96,after_maintenance,109301760,6130592,65536,115497888,4096,26685,213,109301760,872448,108429312,8430,76805,11,138,6195,10,10,138,8072,8430,0,flow_memberships;flow_snapshots;flows;node_community,687
checkpoint,97,mutate,109301760,6130592,65536,115497888,4096,26685,127,109301760,520192,108781568,8510,76945,11,138,6195,10,10,138,8152,8510,0,,687
checkpoint,97,revert,109301760,6130592,65536,115497888,4096,26685,165,109301760,675840,108625920,8430,76805,11,138,6195,10,10,138,8072,8430,0,flow_memberships;flow_snapshots;flows;node_community,687
checkpoint,97,after_maintenance,109301760,6130592,65536,115497888,4096,26685,165,109301760,675840,108625920,8430,76805,11,138,6195,10,10,138,8072,8430,0,flow_memberships;flow_snapshots;flows;node_community,687
checkpoint,98,mutate,109301760,6130592,65536,115497888,4096,26685,85,109301760,348160,108953600,8510,76945,11,138,6195,10,10,138,8152,8510,0,,687
checkpoint,98,revert,109301760,6130592,65536,115497888,4096,26685,127,109301760,520192,108781568,8430,76805,11,138,6195,10,10,138,8072,8430,0,flow_memberships;flow_snapshots;flows;node_community,687
checkpoint,98,after_maintenance,109301760,6130592,65536,115497888,4096,26685,127,109301760,520192,108781568,8430,76805,11,138,6195,10,10,138,8072,8430,0,flow_memberships;flow_snapshots;flows;node_community,687
checkpoint,99,mutate,109301760,6130592,65536,115497888,4096,26685,174,109301760,712704,108589056,8510,76945,11,138,6195,10,10,138,8152,8510,0,,687
checkpoint,99,revert,109301760,6130592,65536,115497888,4096,26685,219,109301760,897024,108404736,8430,76805,11,138,6195,10,10,138,8072,8430,0,flow_memberships;flow_snapshots;flows;node_community,687
checkpoint,99,after_maintenance,109301760,6130592,65536,115497888,4096,26685,219,109301760,897024,108404736,8430,76805,11,138,6195,10,10,138,8072,8430,0,flow_memberships;flow_snapshots;flows;node_community,687
checkpoint,100,mutate,109301760,6130592,65536,115497888,4096,26685,136,109301760,557056,108744704,8510,76945,11,138,6195,10,10,138,8152,8510,0,,687
checkpoint,100,revert,109301760,6130592,65536,115497888,4096,26685,182,109301760,745472,108556288,8430,76805,11,138,6195,10,10,138,8072,8430,0,flow_memberships;flow_snapshots;flows;node_community,687
checkpoint,100,after_maintenance,109301760,0,65536,109367296,4096,26685,182,109301760,745472,108556288,8430,76805,11,138,6195,10,10,138,8072,8430,0,flow_memberships;flow_snapshots;flows;node_community,687
vacuum,0,cold,104644608,22272752,65536,126982896,4096,25929,0,106205184,0,106205184,8430,76805,11,138,6195,10,10,138,8072,8430,0,,0
vacuum,1,mutate,106602496,22272752,65536,128940784,4096,26067,0,106770432,0,106770432,8510,76945,11,138,6195,10,10,138,8152,8510,0,,687
vacuum,1,revert,106770432,22272752,65536,129108720,4096,26067,48,106770432,196608,106573824,8430,76805,11,138,6195,10,10,138,8072,8430,0,flow_memberships;flow_snapshots;flows;node_community,687
vacuum,1,after_maintenance,106770432,22272752,65536,129108720,4096,26067,48,106770432,196608,106573824,8430,76805,11,138,6195,10,10,138,8072,8430,0,flow_memberships;flow_snapshots;flows;node_community,687
vacuum,2,mutate,106926080,22272752,65536,129264368,4096,26105,0,106926080,0,106926080,8510,76945,11,138,6195,10,10,138,8152,8510,0,,687
vacuum,2,revert,106926080,22272752,65536,129264368,4096,26105,48,106926080,196608,106729472,8430,76805,11,138,6195,10,10,138,8072,8430,0,flow_memberships;flow_snapshots;flows;node_community,687
vacuum,2,after_maintenance,106926080,22272752,65536,129264368,4096,26105,48,106926080,196608,106729472,8430,76805,11,138,6195,10,10,138,8072,8430,0,flow_memberships;flow_snapshots;flows;node_community,687
vacuum,3,mutate,107356160,22272752,65536,129694448,4096,26210,95,107356160,389120,106967040,8510,76945,11,138,6195,10,10,138,8152,8510,0,,687
vacuum,3,revert,107356160,22272752,65536,129694448,4096,26210,124,107356160,507904,106848256,8430,76805,11,138,6195,10,10,138,8072,8430,0,flow_memberships;flow_snapshots;flows;node_community,687
vacuum,3,after_maintenance,107356160,22272752,65536,129694448,4096,26210,124,107356160,507904,106848256,8430,76805,11,138,6195,10,10,138,8072,8430,0,flow_memberships;flow_snapshots;flows;node_community,687
vacuum,4,mutate,107356160,22272752,65536,129694448,4096,26210,47,107356160,192512,107163648,8510,76945,11,138,6195,10,10,138,8152,8510,0,,687
vacuum,4,revert,107356160,22272752,65536,129694448,4096,26264,181,107577344,741376,106835968,8430,76805,11,138,6195,10,10,138,8072,8430,0,flow_memberships;flow_snapshots;flows;node_community,687
vacuum,4,after_maintenance,107356160,22272752,65536,129694448,4096,26264,181,107577344,741376,106835968,8430,76805,11,138,6195,10,10,138,8072,8430,0,flow_memberships;flow_snapshots;flows;node_community,687
vacuum,5,mutate,107577344,22272752,65536,129915632,4096,26264,105,107577344,430080,107147264,8510,76945,11,138,6195,10,10,138,8152,8510,0,,687
vacuum,5,revert,107577344,22272752,65536,129915632,4096,26264,146,107577344,598016,106979328,8430,76805,11,138,6195,10,10,138,8072,8430,0,flow_memberships;flow_snapshots;flows;node_community,687
vacuum,5,after_maintenance,107577344,22272752,65536,129915632,4096,26264,146,107577344,598016,106979328,8430,76805,11,138,6195,10,10,138,8072,8430,0,flow_memberships;flow_snapshots;flows;node_community,687
vacuum,6,mutate,107847680,22272752,65536,130185968,4096,26330,158,107847680,647168,107200512,8510,76945,11,138,6195,10,10,138,8152,8510,0,,687
vacuum,6,revert,107847680,22272752,65536,130185968,4096,26330,198,107847680,811008,107036672,8430,76805,11,138,6195,10,10,138,8072,8430,0,flow_memberships;flow_snapshots;flows;node_community,687
vacuum,6,after_maintenance,107847680,22272752,65536,130185968,4096,26330,198,107847680,811008,107036672,8430,76805,11,138,6195,10,10,138,8072,8430,0,flow_memberships;flow_snapshots;flows;node_community,687
vacuum,7,mutate,107847680,22272752,65536,130185968,4096,26330,124,107847680,507904,107339776,8510,76945,11,138,6195,10,10,138,8152,8510,0,,687
vacuum,7,revert,107847680,22272752,65536,130185968,4096,26330,158,107847680,647168,107200512,8430,76805,11,138,6195,10,10,138,8072,8430,0,flow_memberships;flow_snapshots;flows;node_community,687
vacuum,7,after_maintenance,107847680,22272752,65536,130185968,4096,26330,158,107847680,647168,107200512,8430,76805,11,138,6195,10,10,138,8072,8430,0,flow_memberships;flow_snapshots;flows;node_community,687
vacuum,8,mutate,107847680,22272752,65536,130185968,4096,26330,224,107847680,917504,106930176,8510,76945,11,138,6195,10,10,138,8152,8510,0,,687
vacuum,8,revert,107847680,22272752,65536,130185968,4096,26330,269,107847680,1101824,106745856,8430,76805,11,138,6195,10,10,138,8072,8430,0,flow_memberships;flow_snapshots;flows;node_community,687
vacuum,8,after_maintenance,107847680,22272752,65536,130185968,4096,26330,269,107847680,1101824,106745856,8430,76805,11,138,6195,10,10,138,8072,8430,0,flow_memberships;flow_snapshots;flows;node_community,687
vacuum,9,mutate,107847680,22272752,65536,130185968,4096,26330,184,107847680,753664,107094016,8510,76945,11,138,6195,10,10,138,8152,8510,0,,687
vacuum,9,revert,107847680,22272752,65536,130185968,4096,26330,223,107847680,913408,106934272,8430,76805,11,138,6195,10,10,138,8072,8430,0,flow_memberships;flow_snapshots;flows;node_community,687
vacuum,9,after_maintenance,107847680,22272752,65536,130185968,4096,26330,223,107847680,913408,106934272,8430,76805,11,138,6195,10,10,138,8072,8430,0,flow_memberships;flow_snapshots;flows;node_community,687
vacuum,10,mutate,107847680,22272752,65536,130185968,4096,26330,151,107847680,618496,107229184,8510,76945,11,138,6195,10,10,138,8152,8510,0,,687
vacuum,10,revert,107847680,22272752,65536,130185968,4096,26330,195,107847680,798720,107048960,8430,76805,11,138,6195,10,10,138,8072,8430,0,flow_memberships;flow_snapshots;flows;node_community,687
vacuum,10,after_maintenance,94277632,0,196608,94474240,4096,23017,0,94277632,0,94277632,8430,76805,11,138,6195,10,10,138,8072,8430,0,flow_memberships;flow_snapshots;flows;node_community,687
vacuum,11,mutate,95674368,5133552,196608,101004528,4096,23358,90,95674368,368640,95305728,8510,76945,11,138,6195,10,10,138,8152,8510,0,,687
vacuum,11,revert,95674368,5281872,196608,101152848,4096,23358,137,95674368,561152,95113216,8430,76805,11,138,6195,10,10,138,8072,8430,0,flow_memberships;flow_snapshots;flows;node_community,687
vacuum,11,after_maintenance,95674368,5281872,196608,101152848,4096,23358,137,95674368,561152,95113216,8430,76805,11,138,6195,10,10,138,8072,8430,0,flow_memberships;flow_snapshots;flows;node_community,687
vacuum,12,mutate,95674368,6114112,196608,101985088,4096,23358,57,95674368,233472,95440896,8510,76945,11,138,6195,10,10,138,8152,8510,0,,687
vacuum,12,revert,95674368,6114112,196608,101985088,4096,23358,98,95674368,401408,95272960,8430,76805,11,138,6195,10,10,138,8072,8430,0,flow_memberships;flow_snapshots;flows;node_community,687
vacuum,12,after_maintenance,95674368,6114112,196608,101985088,4096,23358,98,95674368,401408,95272960,8430,76805,11,138,6195,10,10,138,8072,8430,0,flow_memberships;flow_snapshots;flows;node_community,687
vacuum,13,mutate,95817728,6114112,196608,102128448,4096,23393,137,95817728,561152,95256576,8510,76945,11,138,6195,10,10,138,8152,8510,0,,687
vacuum,13,revert,95817728,6114112,196608,102128448,4096,23393,178,95817728,729088,95088640,8430,76805,11,138,6195,10,10,138,8072,8430,0,flow_memberships;flow_snapshots;flows;node_community,687
vacuum,13,after_maintenance,95817728,6114112,196608,102128448,4096,23393,178,95817728,729088,95088640,8430,76805,11,138,6195,10,10,138,8072,8430,0,flow_memberships;flow_snapshots;flows;node_community,687
vacuum,14,mutate,95817728,6114112,196608,102128448,4096,23393,105,95817728,430080,95387648,8510,76945,11,138,6195,10,10,138,8152,8510,0,,687
vacuum,14,revert,95817728,6114112,196608,102128448,4096,23453,268,96063488,1097728,94965760,8430,76805,11,138,6195,10,10,138,8072,8430,0,flow_memberships;flow_snapshots;flows;node_community,687
vacuum,14,after_maintenance,95817728,6114112,196608,102128448,4096,23453,268,96063488,1097728,94965760,8430,76805,11,138,6195,10,10,138,8072,8430,0,flow_memberships;flow_snapshots;flows;node_community,687
vacuum,15,mutate,96063488,6114112,196608,102374208,4096,23453,190,96063488,778240,95285248,8510,76945,11,138,6195,10,10,138,8152,8510,0,,687
vacuum,15,revert,96063488,6114112,196608,102374208,4096,23453,229,96063488,937984,95125504,8430,76805,11,138,6195,10,10,138,8072,8430,0,flow_memberships;flow_snapshots;flows;node_community,687
vacuum,15,after_maintenance,96063488,6114112,196608,102374208,4096,23453,229,96063488,937984,95125504,8430,76805,11,138,6195,10,10,138,8072,8430,0,flow_memberships;flow_snapshots;flows;node_community,687
vacuum,16,mutate,96063488,6114112,196608,102374208,4096,23453,253,96063488,1036288,95027200,8510,76945,11,138,6195,10,10,138,8152,8510,0,,687
vacuum,16,revert,96063488,6114112,196608,102374208,4096,23453,288,96063488,1179648,94883840,8430,76805,11,138,6195,10,10,138,8072,8430,0,flow_memberships;flow_snapshots;flows;node_community,687
vacuum,16,after_maintenance,96063488,6114112,196608,102374208,4096,23453,288,96063488,1179648,94883840,8430,76805,11,138,6195,10,10,138,8072,8430,0,flow_memberships;flow_snapshots;flows;node_community,687
vacuum,17,mutate,96063488,6114112,196608,102374208,4096,23453,210,96063488,860160,95203328,8510,76945,11,138,6195,10,10,138,8152,8510,0,,687
vacuum,17,revert,96063488,6114112,196608,102374208,4096,23453,239,96063488,978944,95084544,8430,76805,11,138,6195,10,10,138,8072,8430,0,flow_memberships;flow_snapshots;flows;node_community,687
vacuum,17,after_maintenance,96063488,6114112,196608,102374208,4096,23453,239,96063488,978944,95084544,8430,76805,11,138,6195,10,10,138,8072,8430,0,flow_memberships;flow_snapshots;flows;node_community,687
vacuum,18,mutate,96063488,6114112,196608,102374208,4096,23453,169,96063488,692224,95371264,8510,76945,11,138,6195,10,10,138,8152,8510,0,,687
vacuum,18,revert,96063488,6114112,196608,102374208,4096,23453,205,96063488,839680,95223808,8430,76805,11,138,6195,10,10,138,8072,8430,0,flow_memberships;flow_snapshots;flows;node_community,687
vacuum,18,after_maintenance,96063488,6114112,196608,102374208,4096,23453,205,96063488,839680,95223808,8430,76805,11,138,6195,10,10,138,8072,8430,0,flow_memberships;flow_snapshots;flows;node_community,687
vacuum,19,mutate,96063488,6114112,196608,102374208,4096,23453,205,96063488,839680,95223808,8510,76945,11,138,6195,10,10,138,8152,8510,0,,687
vacuum,19,revert,96063488,6114112,196608,102374208,4096,23453,240,96063488,983040,95080448,8430,76805,11,138,6195,10,10,138,8072,8430,0,flow_memberships;flow_snapshots;flows;node_community,687
vacuum,19,after_maintenance,96063488,6114112,196608,102374208,4096,23453,240,96063488,983040,95080448,8430,76805,11,138,6195,10,10,138,8072,8430,0,flow_memberships;flow_snapshots;flows;node_community,687
vacuum,20,mutate,96063488,6114112,196608,102374208,4096,23453,171,96063488,700416,95363072,8510,76945,11,138,6195,10,10,138,8152,8510,0,,687
vacuum,20,revert,96063488,6114112,196608,102374208,4096,23453,198,96063488,811008,95252480,8430,76805,11,138,6195,10,10,138,8072,8430,0,flow_memberships;flow_snapshots;flows;node_community,687
vacuum,20,after_maintenance,94232576,0,196608,94429184,4096,23006,0,94232576,0,94232576,8430,76805,11,138,6195,10,10,138,8072,8430,0,flow_memberships;flow_snapshots;flows;node_community,687
vacuum,21,mutate,95600640,5108832,196608,100906080,4096,23340,53,95600640,217088,95383552,8510,76945,11,138,6195,10,10,138,8152,8510,0,,687
vacuum,21,revert,95600640,5273632,196608,101070880,4096,23340,99,95600640,405504,95195136,8430,76805,11,138,6195,10,10,138,8072,8430,0,flow_memberships;flow_snapshots;flows;node_community,687
vacuum,21,after_maintenance,95600640,5273632,196608,101070880,4096,23340,99,95600640,405504,95195136,8430,76805,11,138,6195,10,10,138,8072,8430,0,flow_memberships;flow_snapshots;flows;node_community,687
vacuum,22,mutate,95600640,6118232,196608,101915480,4096,23340,20,95600640,81920,95518720,8510,76945,11,138,6195,10,10,138,8152,8510,0,,687
vacuum,22,revert,95600640,6118232,196608,101915480,4096,23340,60,95600640,245760,95354880,8430,76805,11,138,6195,10,10,138,8072,8430,0,flow_memberships;flow_snapshots;flows;node_community,687
vacuum,22,after_maintenance,95600640,6118232,196608,101915480,4096,23340,60,95600640,245760,95354880,8430,76805,11,138,6195,10,10,138,8072,8430,0,flow_memberships;flow_snapshots;flows;node_community,687
vacuum,23,mutate,95703040,6118232,196608,102017880,4096,23365,0,95703040,0,95703040,8510,76945,11,138,6195,10,10,138,8152,8510,0,,687
vacuum,23,revert,95703040,6118232,196608,102017880,4096,23365,40,95703040,163840,95539200,8430,76805,11,138,6195,10,10,138,8072,8430,0,flow_memberships;flow_snapshots;flows;node_community,687
vacuum,23,after_maintenance,95703040,6118232,196608,102017880,4096,23365,40,95703040,163840,95539200,8430,76805,11,138,6195,10,10,138,8072,8430,0,flow_memberships;flow_snapshots;flows;node_community,687
vacuum,24,mutate,95985664,6118232,196608,102300504,4096,23434,169,95985664,692224,95293440,8510,76945,11,138,6195,10,10,138,8152,8510,0,,687
vacuum,24,revert,95985664,6118232,196608,102300504,4096,23434,203,95985664,831488,95154176,8430,76805,11,138,6195,10,10,138,8072,8430,0,flow_memberships;flow_snapshots;flows;node_community,687
vacuum,24,after_maintenance,95985664,6118232,196608,102300504,4096,23434,203,95985664,831488,95154176,8430,76805,11,138,6195,10,10,138,8072,8430,0,flow_memberships;flow_snapshots;flows;node_community,687
vacuum,25,mutate,95985664,6118232,196608,102300504,4096,23434,125,95985664,512000,95473664,8510,76945,11,138,6195,10,10,138,8152,8510,0,,687
vacuum,25,revert,95985664,6118232,196608,102300504,4096,23434,164,95985664,671744,95313920,8430,76805,11,138,6195,10,10,138,8072,8430,0,flow_memberships;flow_snapshots;flows;node_community,687
vacuum,25,after_maintenance,95985664,6118232,196608,102300504,4096,23434,164,95985664,671744,95313920,8430,76805,11,138,6195,10,10,138,8072,8430,0,flow_memberships;flow_snapshots;flows;node_community,687
vacuum,26,mutate,95985664,6118232,196608,102300504,4096,23434,90,95985664,368640,95617024,8510,76945,11,138,6195,10,10,138,8152,8510,0,,687
vacuum,26,revert,95985664,6118232,196608,102300504,4096,23434,125,95985664,512000,95473664,8430,76805,11,138,6195,10,10,138,8072,8430,0,flow_memberships;flow_snapshots;flows;node_community,687
vacuum,26,after_maintenance,95985664,6118232,196608,102300504,4096,23434,125,95985664,512000,95473664,8430,76805,11,138,6195,10,10,138,8072,8430,0,flow_memberships;flow_snapshots;flows;node_community,687
vacuum,27,mutate,95985664,6118232,196608,102300504,4096,23434,126,95985664,516096,95469568,8510,76945,11,138,6195,10,10,138,8152,8510,0,,687
vacuum,27,revert,95985664,6118232,196608,102300504,4096,23434,155,95985664,634880,95350784,8430,76805,11,138,6195,10,10,138,8072,8430,0,flow_memberships;flow_snapshots;flows;node_community,687
vacuum,27,after_maintenance,95985664,6118232,196608,102300504,4096,23434,155,95985664,634880,95350784,8430,76805,11,138,6195,10,10,138,8072,8430,0,flow_memberships;flow_snapshots;flows;node_community,687
vacuum,28,mutate,95985664,6118232,196608,102300504,4096,23434,87,95985664,356352,95629312,8510,76945,11,138,6195,10,10,138,8152,8510,0,,687
vacuum,28,revert,95985664,6118232,196608,102300504,4096,23434,123,95985664,503808,95481856,8430,76805,11,138,6195,10,10,138,8072,8430,0,flow_memberships;flow_snapshots;flows;node_community,687
vacuum,28,after_maintenance,95985664,6118232,196608,102300504,4096,23434,123,95985664,503808,95481856,8430,76805,11,138,6195,10,10,138,8072,8430,0,flow_memberships;flow_snapshots;flows;node_community,687
vacuum,29,mutate,95985664,6118232,196608,102300504,4096,23434,91,95985664,372736,95612928,8510,76945,11,138,6195,10,10,138,8152,8510,0,,687
vacuum,29,revert,95985664,6118232,196608,102300504,4096,23434,126,95985664,516096,95469568,8430,76805,11,138,6195,10,10,138,8072,8430,0,flow_memberships;flow_snapshots;flows;node_community,687
vacuum,29,after_maintenance,95985664,6118232,196608,102300504,4096,23434,126,95985664,516096,95469568,8430,76805,11,138,6195,10,10,138,8072,8430,0,flow_memberships;flow_snapshots;flows;node_community,687
vacuum,30,mutate,95985664,6118232,196608,102300504,4096,23434,57,95985664,233472,95752192,8510,76945,11,138,6195,10,10,138,8152,8510,0,,687
vacuum,30,revert,95985664,6118232,196608,102300504,4096,23434,84,95985664,344064,95641600,8430,76805,11,138,6195,10,10,138,8072,8430,0,flow_memberships;flow_snapshots;flows;node_community,687
vacuum,30,after_maintenance,94621696,0,196608,94818304,4096,23101,0,94621696,0,94621696,8430,76805,11,138,6195,10,10,138,8072,8430,0,flow_memberships;flow_snapshots;flows;node_community,687
vacuum,31,mutate,95965184,5108832,196608,101270624,4096,23429,0,95965184,0,95965184,8510,76945,11,138,6195,10,10,138,8152,8510,0,,687
vacuum,31,revert,95965184,5290112,196608,101451904,4096,23429,46,95965184,188416,95776768,8430,76805,11,138,6195,10,10,138,8072,8430,0,flow_memberships;flow_snapshots;flows;node_community,687
vacuum,31,after_maintenance,95965184,5290112,196608,101451904,4096,23429,46,95965184,188416,95776768,8430,76805,11,138,6195,10,10,138,8072,8430,0,flow_memberships;flow_snapshots;flows;node_community,687
vacuum,32,mutate,96256000,6118232,196608,102570840,4096,23500,116,96256000,475136,95780864,8510,76945,11,138,6195,10,10,138,8152,8510,0,,687
vacuum,32,revert,96256000,6118232,196608,102570840,4096,23500,156,96256000,638976,95617024,8430,76805,11,138,6195,10,10,138,8072,8430,0,flow_memberships;flow_snapshots;flows;node_community,687
vacuum,32,after_maintenance,96256000,6118232,196608,102570840,4096,23500,156,96256000,638976,95617024,8430,76805,11,138,6195,10,10,138,8072,8430,0,flow_memberships;flow_snapshots;flows;node_community,687
vacuum,33,mutate,96256000,6118232,196608,102570840,4096,23500,71,96256000,290816,95965184,8510,76945,11,138,6195,10,10,138,8152,8510,0,,687
vacuum,33,revert,96256000,6118232,196608,102570840,4096,23500,111,96256000,454656,95801344,8430,76805,11,138,6195,10,10,138,8072,8430,0,flow_memberships;flow_snapshots;flows;node_community,687
vacuum,33,after_maintenance,96256000,6118232,196608,102570840,4096,23500,111,96256000,454656,95801344,8430,76805,11,138,6195,10,10,138,8072,8430,0,flow_memberships;flow_snapshots;flows;node_community,687
vacuum,34,mutate,96256000,6118232,196608,102570840,4096,23500,39,96256000,159744,96096256,8510,76945,11,138,6195,10,10,138,8152,8510,0,,687
vacuum,34,revert,96256000,6118232,196608,102570840,4096,23500,73,96256000,299008,95956992,8430,76805,11,138,6195,10,10,138,8072,8430,0,flow_memberships;flow_snapshots;flows;node_community,687
vacuum,34,after_maintenance,96256000,6118232,196608,102570840,4096,23500,73,96256000,299008,95956992,8430,76805,11,138,6195,10,10,138,8072,8430,0,flow_memberships;flow_snapshots;flows;node_community,687
vacuum,35,mutate,96428032,6118232,196608,102742872,4096,23542,170,96428032,696320,95731712,8510,76945,11,138,6195,10,10,138,8152,8510,0,,687
vacuum,35,revert,96428032,6118232,196608,102742872,4096,23542,209,96428032,856064,95571968,8430,76805,11,138,6195,10,10,138,8072,8430,0,flow_memberships;flow_snapshots;flows;node_community,687
vacuum,35,after_maintenance,96428032,6118232,196608,102742872,4096,23542,209,96428032,856064,95571968,8430,76805,11,138,6195,10,10,138,8072,8430,0,flow_memberships;flow_snapshots;flows;node_community,687
vacuum,36,mutate,96428032,6118232,196608,102742872,4096,23542,135,96428032,552960,95875072,8510,76945,11,138,6195,10,10,138,8152,8510,0,,687
vacuum,36,revert,96428032,6118232,196608,102742872,4096,23542,170,96428032,696320,95731712,8430,76805,11,138,6195,10,10,138,8072,8430,0,flow_memberships;flow_snapshots;flows;node_community,687
vacuum,36,after_maintenance,96428032,6118232,196608,102742872,4096,23542,170,96428032,696320,95731712,8430,76805,11,138,6195,10,10,138,8072,8430,0,flow_memberships;flow_snapshots;flows;node_community,687
vacuum,37,mutate,96428032,6118232,196608,102742872,4096,23542,139,96428032,569344,95858688,8510,76945,11,138,6195,10,10,138,8152,8510,0,,687
vacuum,37,revert,96428032,6118232,196608,102742872,4096,23542,167,96428032,684032,95744000,8430,76805,11,138,6195,10,10,138,8072,8430,0,flow_memberships;flow_snapshots;flows;node_community,687
vacuum,37,after_maintenance,96428032,6118232,196608,102742872,4096,23542,167,96428032,684032,95744000,8430,76805,11,138,6195,10,10,138,8072,8430,0,flow_memberships;flow_snapshots;flows;node_community,687
vacuum,38,mutate,96428032,6118232,196608,102742872,4096,23542,97,96428032,397312,96030720,8510,76945,11,138,6195,10,10,138,8152,8510,0,,687
vacuum,38,revert,96428032,6118232,196608,102742872,4096,23542,135,96428032,552960,95875072,8430,76805,11,138,6195,10,10,138,8072,8430,0,flow_memberships;flow_snapshots;flows;node_community,687
vacuum,38,after_maintenance,96428032,6118232,196608,102742872,4096,23542,135,96428032,552960,95875072,8430,76805,11,138,6195,10,10,138,8072,8430,0,flow_memberships;flow_snapshots;flows;node_community,687
vacuum,39,mutate,96428032,6118232,196608,102742872,4096,23542,55,96428032,225280,96202752,8510,76945,11,138,6195,10,10,138,8152,8510,0,,687
vacuum,39,revert,96428032,6118232,196608,102742872,4096,23542,89,96428032,364544,96063488,8430,76805,11,138,6195,10,10,138,8072,8430,0,flow_memberships;flow_snapshots;flows;node_community,687
vacuum,39,after_maintenance,96428032,6118232,196608,102742872,4096,23542,89,96428032,364544,96063488,8430,76805,11,138,6195,10,10,138,8072,8430,0,flow_memberships;flow_snapshots;flows;node_community,687
vacuum,40,mutate,96489472,6118232,196608,102804312,4096,23557,116,96489472,475136,96014336,8510,76945,11,138,6195,10,10,138,8152,8510,0,,687
vacuum,40,revert,96489472,6118232,196608,102804312,4096,23557,142,96489472,581632,95907840,8430,76805,11,138,6195,10,10,138,8072,8430,0,flow_memberships;flow_snapshots;flows;node_community,687
vacuum,40,after_maintenance,94879744,0,196608,95076352,4096,23164,0,94879744,0,94879744,8430,76805,11,138,6195,10,10,138,8072,8430,0,flow_memberships;flow_snapshots;flows;node_community,687
vacuum,41,mutate,96223232,5121192,196608,101541032,4096,23492,0,96223232,0,96223232,8510,76945,11,138,6195,10,10,138,8152,8510,0,,687
vacuum,41,revert,96223232,5277752,196608,101697592,4096,23492,46,96223232,188416,96034816,8430,76805,11,138,6195,10,10,138,8072,8430,0,flow_memberships;flow_snapshots;flows;node_community,687
vacuum,41,after_maintenance,96223232,5277752,196608,101697592,4096,23492,46,96223232,188416,96034816,8430,76805,11,138,6195,10,10,138,8072,8430,0,flow_memberships;flow_snapshots;flows;node_community,687
vacuum,42,mutate,96354304,6126472,196608,102677384,4096,23524,0,96354304,0,96354304,8510,76945,11,138,6195,10,10,138,8152,8510,0,,687
vacuum,42,revert,96354304,6126472,196608,102677384,4096,23524,37,96354304,151552,96202752,8430,76805,11,138,6195,10,10,138,8072,8430,0,flow_memberships;flow_snapshots;flows;node_community,687
vacuum,42,after_maintenance,96354304,6126472,196608,102677384,4096,23524,37,96354304,151552,96202752,8430,76805,11,138,6195,10,10,138,8072,8430,0,flow_memberships;flow_snapshots;flows;node_community,687
vacuum,43,mutate,96698368,6126472,196608,103021448,4096,23608,116,96698368,475136,96223232,8510,76945,11,138,6195,10,10,138,8152,8510,0,,687
vacuum,43,revert,96698368,6126472,196608,103021448,4096,23608,158,96698368,647168,96051200,8430,76805,11,138,6195,10,10,138,8072,8430,0,flow_memberships;flow_snapshots;flows;node_community,687
vacuum,43,after_maintenance,96698368,6126472,196608,103021448,4096,23608,158,96698368,647168,96051200,8430,76805,11,138,6195,10,10,138,8072,8430,0,flow_memberships;flow_snapshots;flows;node_community,687
vacuum,44,mutate,96698368,6126472,196608,103021448,4096,23608,84,96698368,344064,96354304,8510,76945,11,138,6195,10,10,138,8152,8510,0,,687
vacuum,44,revert,96698368,6126472,196608,103021448,4096,23608,118,96698368,483328,96215040,8430,76805,11,138,6195,10,10,138,8072,8430,0,flow_memberships;flow_snapshots;flows;node_community,687
vacuum,44,after_maintenance,96698368,6126472,196608,103021448,4096,23608,118,96698368,483328,96215040,8430,76805,11,138,6195,10,10,138,8072,8430,0,flow_memberships;flow_snapshots;flows;node_community,687
vacuum,45,mutate,96731136,6126472,196608,103054216,4096,23616,217,96731136,888832,95842304,8510,76945,11,138,6195,10,10,138,8152,8510,0,,687
vacuum,45,revert,96731136,6126472,196608,103054216,4096,23616,256,96731136,1048576,95682560,8430,76805,11,138,6195,10,10,138,8072,8430,0,flow_memberships;flow_snapshots;flows;node_community,687
vacuum,45,after_maintenance,96731136,6126472,196608,103054216,4096,23616,256,96731136,1048576,95682560,8430,76805,11,138,6195,10,10,138,8072,8430,0,flow_memberships;flow_snapshots;flows;node_community,687
vacuum,46,mutate,96731136,6126472,196608,103054216,4096,23616,185,96731136,757760,95973376,8510,76945,11,138,6195,10,10,138,8152,8510,0,,687
vacuum,46,revert,96731136,6126472,196608,103054216,4096,23674,489,96968704,2002944,94965760,8430,76805,11,138,6195,10,10,138,8072,8430,0,flow_memberships;flow_snapshots;flows;node_community,687
vacuum,46,after_maintenance,96731136,6126472,196608,103054216,4096,23674,489,96968704,2002944,94965760,8430,76805,11,138,6195,10,10,138,8072,8430,0,flow_memberships;flow_snapshots;flows;node_community,687
vacuum,47,mutate,96968704,6126472,196608,103291784,4096,23674,410,96968704,1679360,95289344,8510,76945,11,138,6195,10,10,138,8152,8510,0,,687
vacuum,47,revert,96968704,6126472,196608,103291784,4096,23674,439,96968704,1798144,95170560,8430,76805,11,138,6195,10,10,138,8072,8430,0,flow_memberships;flow_snapshots;flows;node_community,687
vacuum,47,after_maintenance,96968704,6126472,196608,103291784,4096,23674,439,96968704,1798144,95170560,8430,76805,11,138,6195,10,10,138,8072,8430,0,flow_memberships;flow_snapshots;flows;node_community,687
vacuum,48,mutate,96968704,6126472,196608,103291784,4096,23674,472,96968704,1933312,95035392,8510,76945,11,138,6195,10,10,138,8152,8510,0,,687
vacuum,48,revert,96968704,6126472,196608,103291784,4096,23674,508,96968704,2080768,94887936,8430,76805,11,138,6195,10,10,138,8072,8430,0,flow_memberships;flow_snapshots;flows;node_community,687
vacuum,48,after_maintenance,96968704,6126472,196608,103291784,4096,23674,508,96968704,2080768,94887936,8430,76805,11,138,6195,10,10,138,8072,8430,0,flow_memberships;flow_snapshots;flows;node_community,687
vacuum,49,mutate,96968704,6126472,196608,103291784,4096,23674,429,96968704,1757184,95211520,8510,76945,11,138,6195,10,10,138,8152,8510,0,,687
vacuum,49,revert,96968704,6126472,196608,103291784,4096,23674,462,96968704,1892352,95076352,8430,76805,11,138,6195,10,10,138,8072,8430,0,flow_memberships;flow_snapshots;flows;node_community,687
vacuum,49,after_maintenance,96968704,6126472,196608,103291784,4096,23674,462,96968704,1892352,95076352,8430,76805,11,138,6195,10,10,138,8072,8430,0,flow_memberships;flow_snapshots;flows;node_community,687
vacuum,50,mutate,96968704,6126472,196608,103291784,4096,23674,393,96968704,1609728,95358976,8510,76945,11,138,6195,10,10,138,8152,8510,0,,687
vacuum,50,revert,96968704,6126472,196608,103291784,4096,23674,421,96968704,1724416,95244288,8430,76805,11,138,6195,10,10,138,8072,8430,0,flow_memberships;flow_snapshots;flows;node_community,687
vacuum,50,after_maintenance,94228480,0,196608,94425088,4096,23005,0,94228480,0,94228480,8430,76805,11,138,6195,10,10,138,8072,8430,0,flow_memberships;flow_snapshots;flows;node_community,687
vacuum,51,mutate,95625216,5166512,196608,100988336,4096,23346,93,95625216,380928,95244288,8510,76945,11,138,6195,10,10,138,8152,8510,0,,687
vacuum,51,revert,95625216,5290112,196608,101111936,4096,23346,139,95625216,569344,95055872,8430,76805,11,138,6195,10,10,138,8072,8430,0,flow_memberships;flow_snapshots;flows;node_community,687
vacuum,51,after_maintenance,95625216,5290112,196608,101111936,4096,23346,139,95625216,569344,95055872,8430,76805,11,138,6195,10,10,138,8072,8430,0,flow_memberships;flow_snapshots;flows;node_community,687
vacuum,52,mutate,95625216,6134712,196608,101956536,4096,23346,61,95625216,249856,95375360,8510,76945,11,138,6195,10,10,138,8152,8510,0,,687
vacuum,52,revert,95625216,6134712,196608,101956536,4096,23346,98,95625216,401408,95223808,8430,76805,11,138,6195,10,10,138,8072,8430,0,flow_memberships;flow_snapshots;flows;node_community,687
vacuum,52,after_maintenance,95625216,6134712,196608,101956536,4096,23346,98,95625216,401408,95223808,8430,76805,11,138,6195,10,10,138,8072,8430,0,flow_memberships;flow_snapshots;flows;node_community,687
vacuum,53,mutate,95686656,6134712,196608,102017976,4096,23361,76,95686656,311296,95375360,8510,76945,11,138,6195,10,10,138,8152,8510,0,,687
vacuum,53,revert,95686656,6134712,196608,102017976,4096,23361,118,95686656,483328,95203328,8430,76805,11,138,6195,10,10,138,8072,8430,0,flow_memberships;flow_snapshots;flows;node_community,687
vacuum,53,after_maintenance,95686656,6134712,196608,102017976,4096,23361,118,95686656,483328,95203328,8430,76805,11,138,6195,10,10,138,8072,8430,0,flow_memberships;flow_snapshots;flows;node_community,687
vacuum,54,mutate,95686656,6134712,196608,102017976,4096,23361,44,95686656,180224,95506432,8510,76945,11,138,6195,10,10,138,8152,8510,0,,687
vacuum,54,revert,95686656,6134712,196608,102017976,4096,23361,78,95686656,319488,95367168,8430,76805,11,138,6195,10,10,138,8072,8430,0,flow_memberships;flow_snapshots;flows;node_community,687
vacuum,54,after_maintenance,95686656,6134712,196608,102017976,4096,23361,78,95686656,319488,95367168,8430,76805,11,138,6195,10,10,138,8072,8430,0,flow_memberships;flow_snapshots;flows;node_community,687
vacuum,55,mutate,95698944,6134712,196608,102030264,4096,23364,0,95698944,0,95698944,8510,76945,11,138,6195,10,10,138,8152,8510,0,,687
vacuum,55,revert,95698944,6134712,196608,102030264,4096,23364,39,95698944,159744,95539200,8430,76805,11,138,6195,10,10,138,8072,8430,0,flow_memberships;flow_snapshots;flows;node_community,687
vacuum,55,after_maintenance,95698944,6134712,196608,102030264,4096,23364,39,95698944,159744,95539200,8430,76805,11,138,6195,10,10,138,8072,8430,0,flow_memberships;flow_snapshots;flows;node_community,687
vacuum,56,mutate,95981568,6134712,196608,102312888,4096,23433,169,95981568,692224,95289344,8510,76945,11,138,6195,10,10,138,8152,8510,0,,687
vacuum,56,revert,95981568,6134712,196608,102312888,4096,23433,204,95981568,835584,95145984,8430,76805,11,138,6195,10,10,138,8072,8430,0,flow_memberships;flow_snapshots;flows;node_community,687
vacuum,56,after_maintenance,95981568,6134712,196608,102312888,4096,23433,204,95981568,835584,95145984,8430,76805,11,138,6195,10,10,138,8072,8430,0,flow_memberships;flow_snapshots;flows;node_community,687
vacuum,57,mutate,95981568,6134712,196608,102312888,4096,23433,125,95981568,512000,95469568,8510,76945,11,138,6195,10,10,138,8152,8510,0,,687
vacuum,57,revert,95981568,6134712,196608,102312888,4096,23433,154,95981568,630784,95350784,8430,76805,11,138,6195,10,10,138,8072,8430,0,flow_memberships;flow_snapshots;flows;node_community,687
vacuum,57,after_maintenance,95981568,6134712,196608,102312888,4096,23433,154,95981568,630784,95350784,8430,76805,11,138,6195,10,10,138,8072,8430,0,flow_memberships;flow_snapshots;flows;node_community,687
vacuum,58,mutate,95981568,6134712,196608,102312888,4096,23433,87,95981568,356352,95625216,8510,76945,11,138,6195,10,10,138,8152,8510,0,,687
vacuum,58,revert,95981568,6134712,196608,102312888,4096,23433,123,95981568,503808,95477760,8430,76805,11,138,6195,10,10,138,8072,8430,0,flow_memberships;flow_snapshots;flows;node_community,687
vacuum,58,after_maintenance,95981568,6134712,196608,102312888,4096,23433,123,95981568,503808,95477760,8430,76805,11,138,6195,10,10,138,8072,8430,0,flow_memberships;flow_snapshots;flows;node_community,687
vacuum,59,mutate,95981568,6134712,196608,102312888,4096,23433,123,95981568,503808,95477760,8510,76945,11,138,6195,10,10,138,8152,8510,0,,687
vacuum,59,revert,95981568,6134712,196608,102312888,4096,23433,158,95981568,647168,95334400,8430,76805,11,138,6195,10,10,138,8072,8430,0,flow_memberships;flow_snapshots;flows;node_community,687
vacuum,59,after_maintenance,95981568,6134712,196608,102312888,4096,23433,158,95981568,647168,95334400,8430,76805,11,138,6195,10,10,138,8072,8430,0,flow_memberships;flow_snapshots;flows;node_community,687
vacuum,60,mutate,95981568,6134712,196608,102312888,4096,23433,89,95981568,364544,95617024,8510,76945,11,138,6195,10,10,138,8152,8510,0,,687
vacuum,60,revert,95981568,6134712,196608,102312888,4096,23433,117,95981568,479232,95502336,8430,76805,11,138,6195,10,10,138,8072,8430,0,flow_memberships;flow_snapshots;flows;node_community,687
vacuum,60,after_maintenance,94486528,0,196608,94683136,4096,23068,0,94486528,0,94486528,8430,76805,11,138,6195,10,10,138,8072,8430,0,flow_memberships;flow_snapshots;flows;node_community,687
vacuum,61,mutate,95850496,5121192,196608,101168296,4096,23401,53,95850496,217088,95633408,8510,76945,11,138,6195,10,10,138,8152,8510,0,,687
vacuum,61,revert,95850496,5290112,196608,101337216,4096,23401,99,95850496,405504,95444992,8430,76805,11,138,6195,10,10,138,8072,8430,0,flow_memberships;flow_snapshots;flows;node_community,687
vacuum,61,after_maintenance,95850496,5290112,196608,101337216,4096,23401,99,95850496,405504,95444992,8430,76805,11,138,6195,10,10,138,8072,8430,0,flow_memberships;flow_snapshots;flows;node_community,687
vacuum,62,mutate,95850496,6134712,196608,102181816,4096,23401,21,95850496,86016,95764480,8510,76945,11,138,6195,10,10,138,8152,8510,0,,687
vacuum,62,revert,95850496,6134712,196608,102181816,4096,23401,58,95850496,237568,95612928,8430,76805,11,138,6195,10,10,138,8072,8430,0,flow_memberships;flow_snapshots;flows;node_community,687
vacuum,62,after_maintenance,95850496,6134712,196608,102181816,4096,23401,58,95850496,237568,95612928,8430,76805,11,138,6195,10,10,138,8072,8430,0,flow_memberships;flow_snapshots;flows;node_community,687
vacuum,63,mutate,95956992,6134712,196608,102288312,4096,23427,0,95956992,0,95956992,8510,76945,11,138,6195,10,10,138,8152,8510,0,,687
vacuum,63,revert,95956992,6134712,196608,102288312,4096,23427,42,95956992,172032,95784960,8430,76805,11,138,6195,10,10,138,8072,8430,0,flow_memberships;flow_snapshots;flows;node_community,687
vacuum,63,after_maintenance,95956992,6134712,196608,102288312,4096,23427,42,95956992,172032,95784960,8430,76805,11,138,6195,10,10,138,8072,8430,0,flow_memberships;flow_snapshots;flows;node_community,687
vacuum,64,mutate,96243712,6134712,196608,102575032,4096,23497,116,96243712,475136,95768576,8510,76945,11,138,6195,10,10,138,8152,8510,0,,687
vacuum,64,revert,96243712,6134712,196608,102575032,4096,23497,150,96243712,614400,95629312,8430,76805,11,138,6195,10,10,138,8072,8430,0,flow_memberships;flow_snapshots;flows;node_community,687
vacuum,64,after_maintenance,96243712,6134712,196608,102575032,4096,23497,150,96243712,614400,95629312,8430,76805,11,138,6195,10,10,138,8072,8430,0,flow_memberships;flow_snapshots;flows;node_community,687
vacuum,65,mutate,96243712,6134712,196608,102575032,4096,23497,69,96243712,282624,95961088,8510,76945,11,138,6195,10,10,138,8152,8510,0,,687
vacuum,65,revert,96243712,6134712,196608,102575032,4096,23497,108,96243712,442368,95801344,8430,76805,11,138,6195,10,10,138,8072,8430,0,flow_memberships;flow_snapshots;flows;node_community,687
vacuum,65,after_maintenance,96243712,6134712,196608,102575032,4096,23497,108,96243712,442368,95801344,8430,76805,11,138,6195,10,10,138,8072,8430,0,flow_memberships;flow_snapshots;flows;node_community,687
vacuum,66,mutate,96243712,6134712,196608,102575032,4096,23497,37,96243712,151552,96092160,8510,76945,11,138,6195,10,10,138,8152,8510,0,,687
vacuum,66,revert,96243712,6134712,196608,102575032,4096,23497,72,96243712,294912,95948800,8430,76805,11,138,6195,10,10,138,8072,8430,0,flow_memberships;flow_snapshots;flows;node_community,687
vacuum,66,after_maintenance,96243712,6134712,196608,102575032,4096,23497,72,96243712,294912,95948800,8430,76805,11,138,6195,10,10,138,8072,8430,0,flow_memberships;flow_snapshots;flows;node_community,687
vacuum,67,mutate,96423936,6134712,196608,102755256,4096,23541,170,96423936,696320,95727616,8510,76945,11,138,6195,10,10,138,8152,8510,0,,687
vacuum,67,revert,96423936,6134712,196608,102755256,4096,23541,199,96423936,815104,95608832,8430,76805,11,138,6195,10,10,138,8072,8430,0,flow_memberships;flow_snapshots;flows;node_community,687
vacuum,67,after_maintenance,96423936,6134712,196608,102755256,4096,23541,199,96423936,815104,95608832,8430,76805,11,138,6195,10,10,138,8072,8430,0,flow_memberships;flow_snapshots;flows;node_community,687
vacuum,68,mutate,96423936,6134712,196608,102755256,4096,23541,132,96423936,540672,95883264,8510,76945,11,138,6195,10,10,138,8152,8510,0,,687
vacuum,68,revert,96423936,6134712,196608,102755256,4096,23541,168,96423936,688128,95735808,8430,76805,11,138,6195,10,10,138,8072,8430,0,flow_memberships;flow_snapshots;flows;node_community,687
vacuum,68,after_maintenance,96423936,6134712,196608,102755256,4096,23541,168,96423936,688128,95735808,8430,76805,11,138,6195,10,10,138,8072,8430,0,flow_memberships;flow_snapshots;flows;node_community,687
vacuum,69,mutate,96423936,6134712,196608,102755256,4096,23541,135,96423936,552960,95870976,8510,76945,11,138,6195,10,10,138,8152,8510,0,,687
vacuum,69,revert,96423936,6134712,196608,102755256,4096,23541,170,96423936,696320,95727616,8430,76805,11,138,6195,10,10,138,8072,8430,0,flow_memberships;flow_snapshots;flows;node_community,687
vacuum,69,after_maintenance,96423936,6134712,196608,102755256,4096,23541,170,96423936,696320,95727616,8430,76805,11,138,6195,10,10,138,8072,8430,0,flow_memberships;flow_snapshots;flows;node_community,687
vacuum,70,mutate,96423936,6134712,196608,102755256,4096,23541,101,96423936,413696,96010240,8510,76945,11,138,6195,10,10,138,8152,8510,0,,687
vacuum,70,revert,96423936,6134712,196608,102755256,4096,23541,129,96423936,528384,95895552,8430,76805,11,138,6195,10,10,138,8072,8430,0,flow_memberships;flow_snapshots;flows;node_community,687
vacuum,70,after_maintenance,94875648,0,196608,95072256,4096,23163,0,94875648,0,94875648,8430,76805,11,138,6195,10,10,138,8072,8430,0,flow_memberships;flow_snapshots;flows;node_community,687
vacuum,71,mutate,96219136,5121192,196608,101536936,4096,23491,0,96219136,0,96219136,8510,76945,11,138,6195,10,10,138,8152,8510,0,,687
vacuum,71,revert,96219136,5277752,196608,101693496,4096,23491,46,96219136,188416,96030720,8430,76805,11,138,6195,10,10,138,8072,8430,0,flow_memberships;flow_snapshots;flows;node_community,687
vacuum,71,after_maintenance,96219136,5277752,196608,101693496,4096,23491,46,96219136,188416,96030720,8430,76805,11,138,6195,10,10,138,8072,8430,0,flow_memberships;flow_snapshots;flows;node_community,687
vacuum,72,mutate,96501760,6126472,196608,102824840,4096,23560,116,96501760,475136,96026624,8510,76945,11,138,6195,10,10,138,8152,8510,0,,687
vacuum,72,revert,96501760,6126472,196608,102824840,4096,23560,153,96501760,626688,95875072,8430,76805,11,138,6195,10,10,138,8072,8430,0,flow_memberships;flow_snapshots;flows;node_community,687
vacuum,72,after_maintenance,96501760,6126472,196608,102824840,4096,23560,153,96501760,626688,95875072,8430,76805,11,138,6195,10,10,138,8072,8430,0,flow_memberships;flow_snapshots;flows;node_community,687
vacuum,73,mutate,96501760,6126472,196608,102824840,4096,23560,69,96501760,282624,96219136,8510,76945,11,138,6195,10,10,138,8152,8510,0,,687
vacuum,73,revert,96501760,6126472,196608,102824840,4096,23560,111,96501760,454656,96047104,8430,76805,11,138,6195,10,10,138,8072,8430,0,flow_memberships;flow_snapshots;flows;node_community,687
vacuum,73,after_maintenance,96501760,6126472,196608,102824840,4096,23560,111,96501760,454656,96047104,8430,76805,11,138,6195,10,10,138,8072,8430,0,flow_memberships;flow_snapshots;flows;node_community,687
vacuum,74,mutate,96501760,6126472,196608,102824840,4096,23560,37,96501760,151552,96350208,8510,76945,11,138,6195,10,10,138,8152,8510,0,,687
vacuum,74,revert,96501760,6126472,196608,102824840,4096,23560,71,96501760,290816,96210944,8430,76805,11,138,6195,10,10,138,8072,8430,0,flow_memberships;flow_snapshots;flows;node_community,687
vacuum,74,after_maintenance,96501760,6126472,196608,102824840,4096,23560,71,96501760,290816,96210944,8430,76805,11,138,6195,10,10,138,8072,8430,0,flow_memberships;flow_snapshots;flows;node_community,687
vacuum,75,mutate,96694272,6126472,196608,103017352,4096,23607,116,96694272,475136,96219136,8510,76945,11,138,6195,10,10,138,8152,8510,0,,687
vacuum,75,revert,96694272,6126472,196608,103017352,4096,23607,155,96694272,634880,96059392,8430,76805,11,138,6195,10,10,138,8072,8430,0,flow_memberships;flow_snapshots;flows;node_community,687
vacuum,75,after_maintenance,96694272,6126472,196608,103017352,4096,23607,155,96694272,634880,96059392,8430,76805,11,138,6195,10,10,138,8072,8430,0,flow_memberships;flow_snapshots;flows;node_community,687
vacuum,76,mutate,96694272,6126472,196608,103017352,4096,23607,84,96694272,344064,96350208,8510,76945,11,138,6195,10,10,138,8152,8510,0,,687
vacuum,76,revert,96694272,6126472,196608,103017352,4096,23607,119,96694272,487424,96206848,8430,76805,11,138,6195,10,10,138,8072,8430,0,flow_memberships;flow_snapshots;flows;node_community,687
vacuum,76,after_maintenance,96694272,6126472,196608,103017352,4096,23607,119,96694272,487424,96206848,8430,76805,11,138,6195,10,10,138,8072,8430,0,flow_memberships;flow_snapshots;flows;node_community,687
vacuum,77,mutate,96714752,6126472,196608,103037832,4096,23612,145,96714752,593920,96120832,8510,76945,11,138,6195,10,10,138,8152,8510,0,,687
vacuum,77,revert,96714752,6126472,196608,103037832,4096,23612,173,96714752,708608,96006144,8430,76805,11,138,6195,10,10,138,8072,8430,0,flow_memberships;flow_snapshots;flows;node_community,687
vacuum,77,after_maintenance,96714752,6126472,196608,103037832,4096,23612,173,96714752,708608,96006144,8430,76805,11,138,6195,10,10,138,8072,8430,0,flow_memberships;flow_snapshots;flows;node_community,687
vacuum,78,mutate,96714752,6126472,196608,103037832,4096,23612,106,96714752,434176,96280576,8510,76945,11,138,6195,10,10,138,8152,8510,0,,687
vacuum,78,revert,96714752,6126472,196608,103037832,4096,23612,142,96714752,581632,96133120,8430,76805,11,138,6195,10,10,138,8072,8430,0,flow_memberships;flow_snapshots;flows;node_community,687
vacuum,78,after_maintenance,96714752,6126472,196608,103037832,4096,23612,142,96714752,581632,96133120,8430,76805,11,138,6195,10,10,138,8072,8430,0,flow_memberships;flow_snapshots;flows;node_community,687
vacuum,79,mutate,96714752,6126472,196608,103037832,4096,23612,63,96714752,258048,96456704,8510,76945,11,138,6195,10,10,138,8152,8510,0,,687
vacuum,79,revert,96714752,6126472,196608,103037832,4096,23612,98,96714752,401408,96313344,8430,76805,11,138,6195,10,10,138,8072,8430,0,flow_memberships;flow_snapshots;flows;node_community,687
vacuum,79,after_maintenance,96714752,6126472,196608,103037832,4096,23612,98,96714752,401408,96313344,8430,76805,11,138,6195,10,10,138,8072,8430,0,flow_memberships;flow_snapshots;flows;node_community,687
vacuum,80,mutate,96747520,6126472,196608,103070600,4096,23620,116,96747520,475136,96272384,8510,76945,11,138,6195,10,10,138,8152,8510,0,,687
vacuum,80,revert,96747520,6126472,196608,103070600,4096,23620,144,96747520,589824,96157696,8430,76805,11,138,6195,10,10,138,8072,8430,0,flow_memberships;flow_snapshots;flows;node_community,687
vacuum,80,after_maintenance,95141888,0,196608,95338496,4096,23228,0,95141888,0,95141888,8430,76805,11,138,6195,10,10,138,8072,8430,0,flow_memberships;flow_snapshots;flows;node_community,687
vacuum,81,mutate,96481280,5121192,196608,101799080,4096,23555,0,96481280,0,96481280,8510,76945,11,138,6195,10,10,138,8152,8510,0,,687
vacuum,81,revert,96481280,5277752,196608,101955640,4096,23555,46,96481280,188416,96292864,8430,76805,11,138,6195,10,10,138,8072,8430,0,flow_memberships;flow_snapshots;flows;node_community,687
vacuum,81,after_maintenance,96481280,5277752,196608,101955640,4096,23555,46,96481280,188416,96292864,8430,76805,11,138,6195,10,10,138,8072,8430,0,flow_memberships;flow_snapshots;flows;node_community,687
vacuum,82,mutate,96612352,6126472,196608,102935432,4096,23587,0,96612352,0,96612352,8510,76945,11,138,6195,10,10,138,8152,8510,0,,687
vacuum,82,revert,96612352,6126472,196608,102935432,4096,23587,37,96612352,151552,96460800,8430,76805,11,138,6195,10,10,138,8072,8430,0,flow_memberships;flow_snapshots;flows;node_community,687
vacuum,82,after_maintenance,96612352,6126472,196608,102935432,4096,23587,37,96612352,151552,96460800,8430,76805,11,138,6195,10,10,138,8072,8430,0,flow_memberships;flow_snapshots;flows;node_community,687
vacuum,83,mutate,96956416,6126472,196608,103279496,4096,23671,116,96956416,475136,96481280,8510,76945,11,138,6195,10,10,138,8152,8510,0,,687
vacuum,83,revert,96956416,6126472,196608,103279496,4096,23671,158,96956416,647168,96309248,8430,76805,11,138,6195,10,10,138,8072,8430,0,flow_memberships;flow_snapshots;flows;node_community,687
vacuum,83,after_maintenance,96956416,6126472,196608,103279496,4096,23671,158,96956416,647168,96309248,8430,76805,11,138,6195,10,10,138,8072,8430,0,flow_memberships;flow_snapshots;flows;node_community,687
vacuum,84,mutate,96956416,6126472,196608,103279496,4096,23671,84,96956416,344064,96612352,8510,76945,11,138,6195,10,10,138,8152,8510,0,,687
vacuum,84,revert,96956416,6126472,196608,103279496,4096,23671,118,96956416,483328,96473088,8430,76805,11,138,6195,10,10,138,8072,8430,0,flow_memberships;flow_snapshots;flows;node_community,687
vacuum,84,after_maintenance,96956416,6126472,196608,103279496,4096,23671,118,96956416,483328,96473088,8430,76805,11,138,6195,10,10,138,8072,8430,0,flow_memberships;flow_snapshots;flows;node_community,687
vacuum,85,mutate,96956416,6126472,196608,103279496,4096,23671,84,96956416,344064,96612352,8510,76945,11,138,6195,10,10,138,8152,8510,0,,687
vacuum,85,revert,96956416,6126472,196608,103279496,4096,23671,123,96956416,503808,96452608,8430,76805,11,138,6195,10,10,138,8072,8430,0,flow_memberships;flow_snapshots;flows;node_community,687
vacuum,85,after_maintenance,96956416,6126472,196608,103279496,4096,23671,123,96956416,503808,96452608,8430,76805,11,138,6195,10,10,138,8072,8430,0,flow_memberships;flow_snapshots;flows;node_community,687
vacuum,86,mutate,96956416,6126472,196608,103279496,4096,23671,52,96956416,212992,96743424,8510,76945,11,138,6195,10,10,138,8152,8510,0,,687
vacuum,86,revert,96956416,6126472,196608,103279496,4096,23671,87,96956416,356352,96600064,8430,76805,11,138,6195,10,10,138,8072,8430,0,flow_memberships;flow_snapshots;flows;node_community,687
vacuum,86,after_maintenance,96956416,6126472,196608,103279496,4096,23671,87,96956416,356352,96600064,8430,76805,11,138,6195,10,10,138,8072,8430,0,flow_memberships;flow_snapshots;flows;node_community,687
vacuum,87,mutate,96956416,6126472,196608,103279496,4096,23671,8,96956416,32768,96923648,8510,76945,11,138,6195,10,10,138,8152,8510,0,,687
vacuum,87,revert,96956416,6126472,196608,103279496,4096,23671,37,96956416,151552,96804864,8430,76805,11,138,6195,10,10,138,8072,8430,0,flow_memberships;flow_snapshots;flows;node_community,687
vacuum,87,after_maintenance,96956416,6126472,196608,103279496,4096,23671,37,96956416,151552,96804864,8430,76805,11,138,6195,10,10,138,8072,8430,0,flow_memberships;flow_snapshots;flows;node_community,687
vacuum,88,mutate,97234944,6126472,196608,103558024,4096,23739,185,97234944,757760,96477184,8510,76945,11,138,6195,10,10,138,8152,8510,0,,687
vacuum,88,revert,97234944,6126472,196608,103558024,4096,23739,221,97234944,905216,96329728,8430,76805,11,138,6195,10,10,138,8072,8430,0,flow_memberships;flow_snapshots;flows;node_community,687
vacuum,88,after_maintenance,97234944,6126472,196608,103558024,4096,23739,221,97234944,905216,96329728,8430,76805,11,138,6195,10,10,138,8072,8430,0,flow_memberships;flow_snapshots;flows;node_community,687
vacuum,89,mutate,97234944,6126472,196608,103558024,4096,23739,142,97234944,581632,96653312,8510,76945,11,138,6195,10,10,138,8152,8510,0,,687
vacuum,89,revert,97521664,6126472,196608,103844744,4096,23809,282,97521664,1155072,96366592,8430,76805,11,138,6195,10,10,138,8072,8430,0,flow_memberships;flow_snapshots;flows;node_community,687
vacuum,89,after_maintenance,97521664,6126472,196608,103844744,4096,23809,282,97521664,1155072,96366592,8430,76805,11,138,6195,10,10,138,8072,8430,0,flow_memberships;flow_snapshots;flows;node_community,687
vacuum,90,mutate,97521664,6126472,196608,103844744,4096,23809,213,97521664,872448,96649216,8510,76945,11,138,6195,10,10,138,8152,8510,0,,687
vacuum,90,revert,97521664,6126472,196608,103844744,4096,23809,241,97521664,987136,96534528,8430,76805,11,138,6195,10,10,138,8072,8430,0,flow_memberships;flow_snapshots;flows;node_community,687
vacuum,90,after_maintenance,95518720,0,196608,95715328,4096,23320,0,95518720,0,95518720,8430,76805,11,138,6195,10,10,138,8072,8430,0,flow_memberships;flow_snapshots;flows;node_community,687
vacuum,91,mutate,96915456,5150032,196608,102262096,4096,23661,93,96915456,380928,96534528,8510,76945,11,138,6195,10,10,138,8152,8510,0,,687
vacuum,91,revert,96915456,5290112,196608,102402176,4096,23661,139,96915456,569344,96346112,8430,76805,11,138,6195,10,10,138,8072,8430,0,flow_memberships;flow_snapshots;flows;node_community,687
vacuum,91,after_maintenance,96915456,5290112,196608,102402176,4096,23661,139,96915456,569344,96346112,8430,76805,11,138,6195,10,10,138,8072,8430,0,flow_memberships;flow_snapshots;flows;node_community,687
vacuum,92,mutate,96915456,6134712,196608,103246776,4096,23661,61,96915456,249856,96665600,8510,76945,11,138,6195,10,10,138,8152,8510,0,,687
vacuum,92,revert,96915456,6134712,196608,103246776,4096,23661,98,96915456,401408,96514048,8430,76805,11,138,6195,10,10,138,8072,8430,0,flow_memberships;flow_snapshots;flows;node_community,687
vacuum,92,after_maintenance,96915456,6134712,196608,103246776,4096,23661,98,96915456,401408,96514048,8430,76805,11,138,6195,10,10,138,8072,8430,0,flow_memberships;flow_snapshots;flows;node_community,687
vacuum,93,mutate,96976896,6134712,196608,103308216,4096,23676,76,96976896,311296,96665600,8510,76945,11,138,6195,10,10,138,8152,8510,0,,687
vacuum,93,revert,96976896,6134712,196608,103308216,4096,23676,118,96976896,483328,96493568,8430,76805,11,138,6195,10,10,138,8072,8430,0,flow_memberships;flow_snapshots;flows;node_community,687
vacuum,93,after_maintenance,96976896,6134712,196608,103308216,4096,23676,118,96976896,483328,96493568,8430,76805,11,138,6195,10,10,138,8072,8430,0,flow_memberships;flow_snapshots;flows;node_community,687
vacuum,94,mutate,96976896,6134712,196608,103308216,4096,23676,44,96976896,180224,96796672,8510,76945,11,138,6195,10,10,138,8152,8510,0,,687
vacuum,94,revert,96976896,6134712,196608,103308216,4096,23676,78,96976896,319488,96657408,8430,76805,11,138,6195,10,10,138,8072,8430,0,flow_memberships;flow_snapshots;flows;node_community,687
vacuum,94,after_maintenance,96976896,6134712,196608,103308216,4096,23676,78,96976896,319488,96657408,8430,76805,11,138,6195,10,10,138,8072,8430,0,flow_memberships;flow_snapshots;flows;node_community,687
vacuum,95,mutate,96989184,6134712,196608,103320504,4096,23679,0,96989184,0,96989184,8510,76945,11,138,6195,10,10,138,8152,8510,0,,687
vacuum,95,revert,96989184,6134712,196608,103320504,4096,23679,39,96989184,159744,96829440,8430,76805,11,138,6195,10,10,138,8072,8430,0,flow_memberships;flow_snapshots;flows;node_community,687
vacuum,95,after_maintenance,96989184,6134712,196608,103320504,4096,23679,39,96989184,159744,96829440,8430,76805,11,138,6195,10,10,138,8072,8430,0,flow_memberships;flow_snapshots;flows;node_community,687
vacuum,96,mutate,97271808,6134712,196608,103603128,4096,23748,116,97271808,475136,96796672,8510,76945,11,138,6195,10,10,138,8152,8510,0,,687
vacuum,96,revert,97271808,6134712,196608,103603128,4096,23748,151,97271808,618496,96653312,8430,76805,11,138,6195,10,10,138,8072,8430,0,flow_memberships;flow_snapshots;flows;node_community,687
vacuum,96,after_maintenance,97271808,6134712,196608,103603128,4096,23748,151,97271808,618496,96653312,8430,76805,11,138,6195,10,10,138,8072,8430,0,flow_memberships;flow_snapshots;flows;node_community,687
vacuum,97,mutate,97271808,6134712,196608,103603128,4096,23748,72,97271808,294912,96976896,8510,76945,11,138,6195,10,10,138,8152,8510,0,,687
vacuum,97,revert,97271808,6134712,196608,103603128,4096,23748,101,97271808,413696,96858112,8430,76805,11,138,6195,10,10,138,8072,8430,0,flow_memberships;flow_snapshots;flows;node_community,687
vacuum,97,after_maintenance,97271808,6134712,196608,103603128,4096,23748,101,97271808,413696,96858112,8430,76805,11,138,6195,10,10,138,8072,8430,0,flow_memberships;flow_snapshots;flows;node_community,687
vacuum,98,mutate,97271808,6134712,196608,103603128,4096,23748,34,97271808,139264,97132544,8510,76945,11,138,6195,10,10,138,8152,8510,0,,687
vacuum,98,revert,97271808,6134712,196608,103603128,4096,23748,70,97271808,286720,96985088,8430,76805,11,138,6195,10,10,138,8072,8430,0,flow_memberships;flow_snapshots;flows;node_community,687
vacuum,98,after_maintenance,97271808,6134712,196608,103603128,4096,23748,70,97271808,286720,96985088,8430,76805,11,138,6195,10,10,138,8072,8430,0,flow_memberships;flow_snapshots;flows;node_community,687
vacuum,99,mutate,97464320,6134712,196608,103795640,4096,23795,170,97464320,696320,96768000,8510,76945,11,138,6195,10,10,138,8152,8510,0,,687
vacuum,99,revert,97464320,6134712,196608,103795640,4096,23795,205,97464320,839680,96624640,8430,76805,11,138,6195,10,10,138,8072,8430,0,flow_memberships;flow_snapshots;flows;node_community,687
vacuum,99,after_maintenance,97464320,6134712,196608,103795640,4096,23795,205,97464320,839680,96624640,8430,76805,11,138,6195,10,10,138,8072,8430,0,flow_memberships;flow_snapshots;flows;node_community,687
vacuum,100,mutate,97464320,6134712,196608,103795640,4096,23795,136,97464320,557056,96907264,8510,76945,11,138,6195,10,10,138,8152,8510,0,,687
vacuum,100,revert,97464320,6134712,196608,103795640,4096,23795,164,97464320,671744,96792576,8430,76805,11,138,6195,10,10,138,8072,8430,0,flow_memberships;flow_snapshots;flows;node_community,687
vacuum,100,after_maintenance,95776768,0,196608,95973376,4096,23383,0,95776768,0,95776768,8430,76805,11,138,6195,10,10,138,8072,8430,0,flow_memberships;flow_snapshots;flows;node_community,687
incremental,0,cold,104845312,23521112,65536,128431960,4096,25978,0,106405888,0,106405888,8430,76805,11,138,6195,10,10,138,8072,8430,0,,0
incremental,1,mutate,106803200,23521112,65536,130389848,4096,26117,0,106975232,0,106975232,8510,76945,11,138,6195,10,10,138,8152,8510,0,,687
incremental,1,revert,106975232,23521112,65536,130561880,4096,26117,47,106975232,192512,106782720,8430,76805,11,138,6195,10,10,138,8072,8430,0,flow_memberships;flow_snapshots;flows;node_community,687
incremental,1,after_maintenance,106975232,23521112,65536,130561880,4096,26117,47,106975232,192512,106782720,8430,76805,11,138,6195,10,10,138,8072,8430,0,flow_memberships;flow_snapshots;flows;node_community,687
incremental,2,mutate,107139072,23521112,65536,130725720,4096,26157,0,107139072,0,107139072,8510,76945,11,138,6195,10,10,138,8152,8510,0,,687
incremental,2,revert,107139072,23521112,65536,130725720,4096,26189,95,107270144,389120,106881024,8430,76805,11,138,6195,10,10,138,8072,8430,0,flow_memberships;flow_snapshots;flows;node_community,687
incremental,2,after_maintenance,107139072,23521112,65536,130725720,4096,26189,95,107270144,389120,106881024,8430,76805,11,138,6195,10,10,138,8072,8430,0,flow_memberships;flow_snapshots;flows;node_community,687
incremental,3,mutate,107270144,23521112,65536,130856792,4096,26189,12,107270144,49152,107220992,8510,76945,11,138,6195,10,10,138,8152,8510,0,,687
incremental,3,revert,107270144,23521112,65536,130856792,4096,26189,40,107270144,163840,107106304,8430,76805,11,138,6195,10,10,138,8072,8430,0,flow_memberships;flow_snapshots;flows;node_community,687
incremental,3,after_maintenance,107270144,23521112,65536,130856792,4096,26189,40,107270144,163840,107106304,8430,76805,11,138,6195,10,10,138,8072,8430,0,flow_memberships;flow_snapshots;flows;node_community,687
incremental,4,mutate,107945984,23521112,65536,131532632,4096,26354,159,107945984,651264,107294720,8510,76945,11,138,6195,10,10,138,8152,8510,0,,687
incremental,4,revert,107945984,23521112,65536,131532632,4096,26354,201,107945984,823296,107122688,8430,76805,11,138,6195,10,10,138,8072,8430,0,flow_memberships;flow_snapshots;flows;node_community,687
incremental,4,after_maintenance,107945984,23521112,65536,131532632,4096,26354,201,107945984,823296,107122688,8430,76805,11,138,6195,10,10,138,8072,8430,0,flow_memberships;flow_snapshots;flows;node_community,687
incremental,5,mutate,107945984,23521112,65536,131532632,4096,26354,124,107945984,507904,107438080,8510,76945,11,138,6195,10,10,138,8152,8510,0,,687
incremental,5,revert,107945984,23521112,65536,131532632,4096,26354,185,107945984,757760,107188224,8430,76805,11,138,6195,10,10,138,8072,8430,0,flow_memberships;flow_snapshots;flows;node_community,687
incremental,5,after_maintenance,107945984,23521112,65536,131532632,4096,26354,185,107945984,757760,107188224,8430,76805,11,138,6195,10,10,138,8072,8430,0,flow_memberships;flow_snapshots;flows;node_community,687
incremental,6,mutate,107945984,23521112,65536,131532632,4096,26354,102,107945984,417792,107528192,8510,76945,11,138,6195,10,10,138,8152,8510,0,,687
incremental,6,revert,107945984,23521112,65536,131532632,4096,26354,141,107945984,577536,107368448,8430,76805,11,138,6195,10,10,138,8072,8430,0,flow_memberships;flow_snapshots;flows;node_community,687
incremental,6,after_maintenance,107945984,23521112,65536,131532632,4096,26354,141,107945984,577536,107368448,8430,76805,11,138,6195,10,10,138,8072,8430,0,flow_memberships;flow_snapshots;flows;node_community,687
incremental,7,mutate,107945984,23521112,65536,131532632,4096,26354,210,107945984,860160,107085824,8510,76945,11,138,6195,10,10,138,8152,8510,0,,687
incremental,7,revert,107945984,23521112,65536,131532632,4096,26354,236,107945984,966656,106979328,8430,76805,11,138,6195,10,10,138,8072,8430,0,flow_memberships;flow_snapshots;flows;node_community,687
incremental,7,after_maintenance,107945984,23521112,65536,131532632,4096,26354,236,107945984,966656,106979328,8430,76805,11,138,6195,10,10,138,8072,8430,0,flow_memberships;flow_snapshots;flows;node_community,687
incremental,8,mutate,107945984,23521112,65536,131532632,4096,26354,162,107945984,663552,107282432,8510,76945,11,138,6195,10,10,138,8152,8510,0,,687
incremental,8,revert,107945984,23521112,65536,131532632,4096,26354,206,107945984,843776,107102208,8430,76805,11,138,6195,10,10,138,8072,8430,0,flow_memberships;flow_snapshots;flows;node_community,687
incremental,8,after_maintenance,107945984,23521112,65536,131532632,4096,26354,206,107945984,843776,107102208,8430,76805,11,138,6195,10,10,138,8072,8430,0,flow_memberships;flow_snapshots;flows;node_community,687
incremental,9,mutate,107945984,23521112,65536,131532632,4096,26354,120,107945984,491520,107454464,8510,76945,11,138,6195,10,10,138,8152,8510,0,,687
incremental,9,revert,107945984,23521112,65536,131532632,4096,26354,158,107945984,647168,107298816,8430,76805,11,138,6195,10,10,138,8072,8430,0,flow_memberships;flow_snapshots;flows;node_community,687
incremental,9,after_maintenance,107945984,23521112,65536,131532632,4096,26354,158,107945984,647168,107298816,8430,76805,11,138,6195,10,10,138,8072,8430,0,flow_memberships;flow_snapshots;flows;node_community,687
incremental,10,mutate,107945984,23521112,65536,131532632,4096,26354,166,107945984,679936,107266048,8510,76945,11,138,6195,10,10,138,8152,8510,0,,687
incremental,10,revert,107945984,23521112,65536,131532632,4096,26354,209,107945984,856064,107089920,8430,76805,11,138,6195,10,10,138,8072,8430,0,flow_memberships;flow_snapshots;flows;node_community,687
incremental,10,after_maintenance,107417600,0,65536,107483136,4096,26225,81,107417600,331776,107085824,8430,76805,11,138,6195,10,10,138,8072,8430,0,flow_memberships;flow_snapshots;flows;node_community,687
incremental,11,mutate,107454464,5137672,65536,112657672,4096,26234,0,107454464,0,107454464,8510,76945,11,138,6195,10,10,138,8152,8510,0,,687
incremental,11,revert,107454464,5520832,65536,113040832,4096,26234,46,107454464,188416,107266048,8430,76805,11,138,6195,10,10,138,8072,8430,0,flow_memberships;flow_snapshots;flows;node_community,687
incremental,11,after_maintenance,107454464,5520832,65536,113040832,4096,26234,46,107454464,188416,107266048,8430,76805,11,138,6195,10,10,138,8072,8430,0,flow_memberships;flow_snapshots;flows;node_community,687
incremental,12,mutate,107884544,6196512,65536,114146592,4096,26339,144,107884544,589824,107294720,8510,76945,11,138,6195,10,10,138,8152,8510,0,,687
incremental,12,revert,107884544,6196512,65536,114146592,4096,26339,202,107884544,827392,107057152,8430,76805,11,138,6195,10,10,138,8072,8430,0,flow_memberships;flow_snapshots;flows;node_community,687
incremental,12,after_maintenance,107884544,6196512,65536,114146592,4096,26339,202,107884544,827392,107057152,8430,76805,11,138,6195,10,10,138,8072,8430,0,flow_memberships;flow_snapshots;flows;node_community,687
incremental,13,mutate,107884544,6196512,65536,114146592,4096,26339,110,107884544,450560,107433984,8510,76945,11,138,6195,10,10,138,8152,8510,0,,687
incremental,13,revert,107884544,6196512,65536,114146592,4096,26391,270,108097536,1105920,106991616,8430,76805,11,138,6195,10,10,138,8072,8430,0,flow_memberships;flow_snapshots;flows;node_community,687
incremental,13,after_maintenance,107884544,6196512,65536,114146592,4096,26391,270,108097536,1105920,106991616,8430,76805,11,138,6195,10,10,138,8072,8430,0,flow_memberships;flow_snapshots;flows;node_community,687
incremental,14,mutate,108097536,6299512,65536,114462584,4096,26391,186,108097536,761856,107335680,8510,76945,11,138,6195,10,10,138,8152,8510,0,,687
incremental,14,revert,108097536,6299512,65536,114462584,4096,26391,235,108097536,962560,107134976,8430,76805,11,138,6195,10,10,138,8072,8430,0,flow_memberships;flow_snapshots;flows;node_community,687
incremental,14,after_maintenance,108097536,6299512,65536,114462584,4096,26391,235,108097536,962560,107134976,8430,76805,11,138,6195,10,10,138,8072,8430,0,flow_memberships;flow_snapshots;flows;node_community,687
incremental,15,mutate,108097536,6299512,65536,114462584,4096,26391,255,108097536,1044480,107053056,8510,76945,11,138,6195,10,10,138,8152,8510,0,,687
incremental,15,revert,108097536,6299512,65536,114462584,4096,26391,290,108097536,1187840,106909696,8430,76805,11,138,6195,10,10,138,8072,8430,0,flow_memberships;flow_snapshots;flows;node_community,687
incremental,15,after_maintenance,108097536,6299512,65536,114462584,4096,26391,290,108097536,1187840,106909696,8430,76805,11,138,6195,10,10,138,8072,8430,0,flow_memberships;flow_snapshots;flows;node_community,687
incremental,16,mutate,108097536,6299512,65536,114462584,4096,26391,218,108097536,892928,107204608,8510,76945,11,138,6195,10,10,138,8152,8510,0,,687
incremental,16,revert,108097536,6299512,65536,114462584,4096,26391,251,108097536,1028096,107069440,8430,76805,11,138,6195,10,10,138,8072,8430,0,flow_memberships;flow_snapshots;flows;node_community,687
incremental,16,after_maintenance,108097536,6299512,65536,114462584,4096,26391,251,108097536,1028096,107069440,8430,76805,11,138,6195,10,10,138,8072,8430,0,flow_memberships;flow_snapshots;flows;node_community,687
incremental,17,mutate,108097536,6299512,65536,114462584,4096,26391,161,108097536,659456,107438080,8510,76945,11,138,6195,10,10,138,8152,8510,0,,687
incremental,17,revert,108097536,6299512,65536,114462584,4096,26391,206,108097536,843776,107253760,8430,76805,11,138,6195,10,10,138,8072,8430,0,flow_memberships;flow_snapshots;flows;node_community,687
incremental,17,after_maintenance,108097536,6299512,65536,114462584,4096,26391,206,108097536,843776,107253760,8430,76805,11,138,6195,10,10,138,8072,8430,0,flow_memberships;flow_snapshots;flows;node_community,687
incremental,18,mutate,108097536,6299512,65536,114462584,4096,26391,204,108097536,835584,107261952,8510,76945,11,138,6195,10,10,138,8152,8510,0,,687
incremental,18,revert,108097536,6299512,65536,114462584,4096,26391,251,108097536,1028096,107069440,8430,76805,11,138,6195,10,10,138,8072,8430,0,flow_memberships;flow_snapshots;flows;node_community,687
incremental,18,after_maintenance,108097536,6299512,65536,114462584,4096,26391,251,108097536,1028096,107069440,8430,76805,11,138,6195,10,10,138,8072,8430,0,flow_memberships;flow_snapshots;flows;node_community,687
incremental,19,mutate,108097536,6299512,65536,114462584,4096,26391,169,108097536,692224,107405312,8510,76945,11,138,6195,10,10,138,8152,8510,0,,687
incremental,19,revert,108097536,6299512,65536,114462584,4096,26391,205,108097536,839680,107257856,8430,76805,11,138,6195,10,10,138,8072,8430,0,flow_memberships;flow_snapshots;flows;node_community,687
incremental,19,after_maintenance,108097536,6299512,65536,114462584,4096,26391,205,108097536,839680,107257856,8430,76805,11,138,6195,10,10,138,8072,8430,0,flow_memberships;flow_snapshots;flows;node_community,687
incremental,20,mutate,108097536,6299512,65536,114462584,4096,26391,126,108097536,516096,107581440,8510,76945,11,138,6195,10,10,138,8152,8510,0,,687
incremental,20,revert,108097536,6299512,65536,114462584,4096,26391,169,108097536,692224,107405312,8430,76805,11,138,6195,10,10,138,8072,8430,0,flow_memberships;flow_snapshots;flows;node_community,687
incremental,20,after_maintenance,107573248,0,65536,107638784,4096,26263,41,107573248,167936,107405312,8430,76805,11,138,6195,10,10,138,8072,8430,0,flow_memberships;flow_snapshots;flows;node_community,687
incremental,21,mutate,107905024,5401352,65536,113371912,4096,26344,119,107905024,487424,107417600,8510,76945,11,138,6195,10,10,138,8152,8510,0,,687
incremental,21,revert,107905024,5545552,65536,113516112,4096,26344,157,107905024,643072,107261952,8430,76805,11,138,6195,10,10,138,8072,8430,0,flow_memberships;flow_snapshots;flows;node_community,687
incremental,21,after_maintenance,107905024,5545552,65536,113516112,4096,26344,157,107905024,643072,107261952,8430,76805,11,138,6195,10,10,138,8072,8430,0,flow_memberships;flow_snapshots;flows;node_community,687
incremental,22,mutate,107905024,6287152,65536,114257712,4096,26344,74,107905024,303104,107601920,8510,76945,11,138,6195,10,10,138,8152,8510,0,,687
incremental,22,revert,107905024,6287152,65536,114257712,4096,26344,119,107905024,487424,107417600,8430,76805,11,138,6195,10,10,138,8072,8430,0,flow_memberships;flow_snapshots;flows;node_community,687
incremental,22,after_maintenance,107905024,6287152,65536,114257712,4096,26344,119,107905024,487424,107417600,8430,76805,11,138,6195,10,10,138,8072,8430,0,flow_memberships;flow_snapshots;flows;node_community,687
incremental,23,mutate,107905024,6287152,65536,114257712,4096,26344,29,107905024,118784,107786240,8510,76945,11,138,6195,10,10,138,8152,8510,0,,687
incremental,23,revert,107905024,6287152,65536,114257712,4096,26344,72,107905024,294912,107610112,8430,76805,11,138,6195,10,10,138,8072,8430,0,flow_memberships;flow_snapshots;flows;node_community,687
incremental,23,after_maintenance,107905024,6287152,65536,114257712,4096,26344,72,107905024,294912,107610112,8430,76805,11,138,6195,10,10,138,8072,8430,0,flow_memberships;flow_snapshots;flows;node_community,687
incremental,24,mutate,108089344,6287152,65536,114442032,4096,26389,174,108089344,712704,107376640,8510,76945,11,138,6195,10,10,138,8152,8510,0,,687
incremental,24,revert,108089344,6287152,65536,114442032,4096,26389,218,108089344,892928,107196416,8430,76805,11,138,6195,10,10,138,8072,8430,0,flow_memberships;flow_snapshots;flows;node_community,687
incremental,24,after_maintenance,108089344,6287152,65536,114442032,4096,26389,218,108089344,892928,107196416,8430,76805,11,138,6195,10,10,138,8072,8430,0,flow_memberships;flow_snapshots;flows;node_community,687
incremental,25,mutate,108089344,6287152,65536,114442032,4096,26389,134,108089344,548864,107540480,8510,76945,11,138,6195,10,10,138,8152,8510,0,,687
incremental,25,revert,108089344,6287152,65536,114442032,4096,26389,172,108089344,704512,107384832,8430,76805,11,138,6195,10,10,138,8072,8430,0,flow_memberships;flow_snapshots;flows;node_community,687
incremental,25,after_maintenance,108089344,6287152,65536,114442032,4096,26389,172,108089344,704512,107384832,8430,76805,11,138,6195,10,10,138,8072,8430,0,flow_memberships;flow_snapshots;flows;node_community,687
incremental,26,mutate,108089344,6287152,65536,114442032,4096,26389,137,108089344,561152,107528192,8510,76945,11,138,6195,10,10,138,8152,8510,0,,687
incremental,26,revert,108089344,6287152,65536,114442032,4096,26389,188,108089344,770048,107319296,8430,76805,11,138,6195,10,10,138,8072,8430,0,flow_memberships;flow_snapshots;flows;node_community,687
incremental,26,after_maintenance,108089344,6287152,65536,114442032,4096,26389,188,108089344,770048,107319296,8430,76805,11,138,6195,10,10,138,8072,8430,0,flow_memberships;flow_snapshots;flows;node_community,687
incremental,27,mutate,108089344,6287152,65536,114442032,4096,26389,98,108089344,401408,107687936,8510,76945,11,138,6195,10,10,138,8152,8510,0,,687
incremental,27,revert,108089344,6287152,65536,114442032,4096,26389,140,108089344,573440,107515904,8430,76805,11,138,6195,10,10,138,8072,8430,0,flow_memberships;flow_snapshots;flows;node_community,687
incremental,27,after_maintenance,108089344,6287152,65536,114442032,4096,26389,140,108089344,573440,107515904,8430,76805,11,138,6195,10,10,138,8072,8430,0,flow_memberships;flow_snapshots;flows;node_community,687
incremental,28,mutate,108089344,6291272,65536,114446152,4096,26389,59,108089344,241664,107847680,8510,76945,11,138,6195,10,10,138,8152,8510,0,,687
incremental,28,revert,108089344,6291272,65536,114446152,4096,26389,104,108089344,425984,107663360,8430,76805,11,138,6195,10,10,138,8072,8430,0,flow_memberships;flow_snapshots;flows;node_community,687
incremental,28,after_maintenance,108089344,6291272,65536,114446152,4096,26389,104,108089344,425984,107663360,8430,76805,11,138,6195,10,10,138,8072,8430,0,flow_memberships;flow_snapshots;flows;node_community,687
incremental,29,mutate,108212224,6291272,65536,114569032,4096,26419,120,108212224,491520,107720704,8510,76945,11,138,6195,10,10,138,8152,8510,0,,687
incremental,29,revert,108212224,6291272,65536,114569032,4096,26419,169,108212224,692224,107520000,8430,76805,11,138,6195,10,10,138,8072,8430,0,flow_memberships;flow_snapshots;flows;node_community,687
incremental,29,after_maintenance,108212224,6291272,65536,114569032,4096,26419,169,108212224,692224,107520000,8430,76805,11,138,6195,10,10,138,8072,8430,0,flow_memberships;flow_snapshots;flows;node_community,687
incremental,30,mutate,108212224,6291272,65536,114569032,4096,26419,83,108212224,339968,107872256,8510,76945,11,138,6195,10,10,138,8152,8510,0,,687
incremental,30,revert,108212224,6291272,65536,114569032,4096,26419,140,108212224,573440,107638784,8430,76805,11,138,6195,10,10,138,8072,8430,0,flow_memberships;flow_snapshots;flows;node_community,687
incremental,30,after_maintenance,107687936,0,65536,107753472,4096,26291,12,107687936,49152,107638784,8430,76805,11,138,6195,10,10,138,8072,8430,0,flow_memberships;flow_snapshots;flows;node_community,687
incremental,31,mutate,108003328,5150032,65536,113218896,4096,26368,0,108003328,0,108003328,8510,76945,11,138,6195,10,10,138,8152,8510,0,,687
incremental,31,revert,108003328,5496112,65536,113564976,4096,26368,37,108003328,151552,107851776,8430,76805,11,138,6195,10,10,138,8072,8430,0,flow_memberships;flow_snapshots;flows;node_community,687
incremental,31,after_maintenance,108003328,5496112,65536,113564976,4096,26368,37,108003328,151552,107851776,8430,76805,11,138,6195,10,10,138,8072,8430,0,flow_memberships;flow_snapshots;flows;node_community,687
incremental,32,mutate,108351488,6171792,65536,114588816,4096,26453,119,108351488,487424,107864064,8510,76945,11,138,6195,10,10,138,8152,8510,0,,687
incremental,32,revert,108351488,6171792,65536,114588816,4096,26453,165,108351488,675840,107675648,8430,76805,11,138,6195,10,10,138,8072,8430,0,flow_memberships;flow_snapshots;flows;node_community,687
incremental,32,after_maintenance,108351488,6171792,65536,114588816,4096,26453,165,108351488,675840,107675648,8430,76805,11,138,6195,10,10,138,8072,8430,0,flow_memberships;flow_snapshots;flows;node_community,687
incremental,33,mutate,108351488,6212992,65536,114630016,4096,26453,79,108351488,323584,108027904,8510,76945,11,138,6195,10,10,138,8152,8510,0,,687
incremental,33,revert,108351488,6212992,65536,114630016,4096,26453,117,108351488,479232,107872256,8430,76805,11,138,6195,10,10,138,8072,8430,0,flow_memberships;flow_snapshots;flows;node_community,687
incremental,33,after_maintenance,108351488,6212992,65536,114630016,4096,26453,117,108351488,479232,107872256,8430,76805,11,138,6195,10,10,138,8072,8430,0,flow_memberships;flow_snapshots;flows;node_community,687
incremental,34,mutate,108351488,6266552,65536,114683576,4096,26453,37,108351488,151552,108199936,8510,76945,11,138,6195,10,10,138,8152,8510,0,,687
incremental,34,revert,108351488,6266552,65536,114683576,4096,26453,81,108351488,331776,108019712,8430,76805,11,138,6195,10,10,138,8072,8430,0,flow_memberships;flow_snapshots;flows;node_community,687
incremental,34,after_maintenance,108351488,6266552,65536,114683576,4096,26453,81,108351488,331776,108019712,8430,76805,11,138,6195,10,10,138,8072,8430,0,flow_memberships;flow_snapshots;flows;node_community,687
incremental,35,mutate,108531712,6266552,65536,114863800,4096,26497,172,108531712,704512,107827200,8510,76945,11,138,6195,10,10,138,8152,8510,0,,687
incremental,35,revert,108531712,6266552,65536,114863800,4096,26497,213,108531712,872448,107659264,8430,76805,11,138,6195,10,10,138,8072,8430,0,flow_memberships;flow_snapshots;flows;node_community,687
incremental,35,after_maintenance,108531712,6266552,65536,114863800,4096,26497,213,108531712,872448,107659264,8430,76805,11,138,6195,10,10,138,8072,8430,0,flow_memberships;flow_snapshots;flows;node_community,687
incremental,36,mutate,108531712,6266552,65536,114863800,4096,26497,134,108531712,548864,107982848,8510,76945,11,138,6195,10,10,138,8152,8510,0,,687
incremental,36,revert,108531712,6266552,65536,114863800,4096,26497,178,108531712,729088,107802624,8430,76805,11,138,6195,10,10,138,8072,8430,0,flow_memberships;flow_snapshots;flows;node_community,687
incremental,36,after_maintenance,108531712,6266552,65536,114863800,4096,26497,178,108531712,729088,107802624,8430,76805,11,138,6195,10,10,138,8072,8430,0,flow_memberships;flow_snapshots;flows;node_community,687
incremental,37,mutate,108531712,6303632,65536,114900880,4096,26497,95,108531712,389120,108142592,8510,76945,11,138,6195,10,10,138,8152,8510,0,,687
incremental,37,revert,108531712,6303632,65536,114900880,4096,26497,136,108531712,557056,107974656,8430,76805,11,138,6195,10,10,138,8072,8430,0,flow_memberships;flow_snapshots;flows;node_community,687
incremental,37,after_maintenance,108531712,6303632,65536,114900880,4096,26497,136,108531712,557056,107974656,8430,76805,11,138,6195,10,10,138,8072,8430,0,flow_memberships;flow_snapshots;flows;node_community,687
incremental,38,mutate,108531712,6303632,65536,114900880,4096,26497,47,108531712,192512,108339200,8510,76945,11,138,6195,10,10,138,8152,8510,0,,687
incremental,38,revert,108531712,6303632,65536,114900880,4096,26497,191,108531712,782336,107749376,8430,76805,11,138,6195,10,10,138,8072,8430,0,flow_memberships;flow_snapshots;flows;node_community,687
incremental,38,after_maintenance,108531712,6303632,65536,114900880,4096,26497,191,108531712,782336,107749376,8430,76805,11,138,6195,10,10,138,8072,8430,0,flow_memberships;flow_snapshots;flows;node_community,687
incremental,39,mutate,108531712,6303632,65536,114900880,4096,26497,110,108531712,450560,108081152,8510,76945,11,138,6195,10,10,138,8152,8510,0,,687
incremental,39,revert,108531712,6303632,65536,114900880,4096,26497,150,108531712,614400,107917312,8430,76805,11,138,6195,10,10,138,8072,8430,0,flow_memberships;flow_snapshots;flows;node_community,687
incremental,39,after_maintenance,108531712,6303632,65536,114900880,4096,26497,150,108531712,614400,107917312,8430,76805,11,138,6195,10,10,138,8072,8430,0,flow_memberships;flow_snapshots;flows;node_community,687
incremental,40,mutate,108531712,6303632,65536,114900880,4096,26497,59,108531712,241664,108290048,8510,76945,11,138,6195,10,10,138,8152,8510,0,,687
incremental,40,revert,108531712,6303632,65536,114900880,4096,26497,108,108531712,442368,108089344,8430,76805,11,138,6195,10,10,138,8072,8430,0,flow_memberships;flow_snapshots;flows;node_community,687
incremental,40,after_maintenance,108089344,0,65536,108154880,4096,26389,0,108089344,0,108089344,8430,76805,11,138,6195,10,10,138,8072,8430,0,flow_memberships;flow_snapshots;flows;node_community,687
incremental,41,mutate,108421120,5154152,65536,113640808,4096,26470,0,108421120,0,108421120,8510,76945,11,138,6195,10,10,138,8152,8510,0,,687
incremental,41,revert,108421120,5491992,65536,113978648,4096,26480,127,108462080,520192,107941888,8430,76805,11,138,6195,10,10,138,8072,8430,0,flow_memberships;flow_snapshots;flows;node_community,687
incremental,41,after_maintenance,108421120,5491992,65536,113978648,4096,26480,127,108462080,520192,107941888,8430,76805,11,138,6195,10,10,138,8072,8430,0,flow_memberships;flow_snapshots;flows;node_community,687
incremental,42,mutate,108462080,6278912,65536,114806528,4096,26480,46,108462080,188416,108273664,8510,76945,11,138,6195,10,10,138,8152,8510,0,,687
incremental,42,revert,108462080,6278912,65536,114806528,4096,26480,89,108462080,364544,108097536,8430,76805,11,138,6195,10,10,138,8072,8430,0,flow_memberships;flow_snapshots;flows;node_community,687
incremental,42,after_maintenance,108462080,6278912,65536,114806528,4096,26480,89,108462080,364544,108097536,8430,76805,11,138,6195,10,10,138,8072,8430,0,flow_memberships;flow_snapshots;flows;node_community,687
incremental,43,mutate,108462080,6278912,65536,114806528,4096,26480,19,108462080,77824,108384256,8510,76945,11,138,6195,10,10,138,8152,8510,0,,687
incremental,43,revert,108462080,6278912,65536,114806528,4096,26480,49,108462080,200704,108261376,8430,76805,11,138,6195,10,10,138,8072,8430,0,flow_memberships;flow_snapshots;flows;node_community,687
incremental,43,after_maintenance,108462080,6278912,65536,114806528,4096,26480,49,108462080,200704,108261376,8430,76805,11,138,6195,10,10,138,8072,8430,0,flow_memberships;flow_snapshots;flows;node_community,687
incremental,44,mutate,108589056,6278912,65536,114933504,4096,26511,0,108589056,0,108589056,8510,76945,11,138,6195,10,10,138,8152,8510,0,,687
incremental,44,revert,108589056,6278912,65536,114933504,4096,26511,127,108589056,520192,108068864,8430,76805,11,138,6195,10,10,138,8072,8430,0,flow_memberships;flow_snapshots;flows;node_community,687
incremental,44,after_maintenance,108589056,6278912,65536,114933504,4096,26511,127,108589056,520192,108068864,8430,76805,11,138,6195,10,10,138,8072,8430,0,flow_memberships;flow_snapshots;flows;node_community,687
incremental,45,mutate,108589056,6278912,65536,114933504,4096,26511,48,108589056,196608,108392448,8510,76945,11,138,6195,10,10,138,8152,8510,0,,687
incremental,45,revert,108589056,6278912,65536,114933504,4096,26511,82,108589056,335872,108253184,8430,76805,11,138,6195,10,10,138,8072,8430,0,flow_memberships;flow_snapshots;flows;node_community,687
incremental,45,after_maintenance,108589056,6278912,65536,114933504,4096,26511,82,108589056,335872,108253184,8430,76805,11,138,6195,10,10,138,8072,8430,0,flow_memberships;flow_snapshots;flows;node_community,687
incremental,46,mutate,108589056,6283032,65536,114937624,4096,26511,2,108589056,8192,108580864,8510,76945,11,138,6195,10,10,138,8152,8510,0,,687
incremental,46,revert,108589056,6283032,65536,114937624,4096,26511,48,108589056,196608,108392448,8430,76805,11,138,6195,10,10,138,8072,8430,0,flow_memberships;flow_snapshots;flows;node_community,687
incremental,46,after_maintenance,108589056,6283032,65536,114937624,4096,26511,48,108589056,196608,108392448,8430,76805,11,138,6195,10,10,138,8072,8430,0,flow_memberships;flow_snapshots;flows;node_community,687
incremental,47,mutate,108789760,6324232,65536,115179528,4096,26560,0,108789760,0,108789760,8510,76945,11,138,6195,10,10,138,8152,8510,0,,687
incremental,47,revert,108789760,6324232,65536,115179528,4096,26560,226,108789760,925696,107864064,8430,76805,11,138,6195,10,10,138,8072,8430,0,flow_memberships;flow_snapshots;flows;node_community,687
incremental,47,after_maintenance,108789760,6324232,65536,115179528,4096,26560,226,108789760,925696,107864064,8430,76805,11,138,6195,10,10,138,8072,8430,0,flow_memberships;flow_snapshots;flows;node_community,687
incremental,48,mutate,108789760,6324232,65536,115179528,4096,26560,141,108789760,577536,108212224,8510,76945,11,138,6195,10,10,138,8152,8510,0,,687
incremental,48,revert,108789760,6324232,65536,115179528,4096,26560,193,108789760,790528,107999232,8430,76805,11,138,6195,10,10,138,8072,8430,0,flow_memberships;flow_snapshots;flows;node_community,687
incremental,48,after_maintenance,108789760,6324232,65536,115179528,4096,26560,193,108789760,790528,107999232,8430,76805,11,138,6195,10,10,138,8072,8430,0,flow_memberships;flow_snapshots;flows;node_community,687
incremental,49,mutate,109404160,6361312,65536,115831008,4096,26710,510,109404160,2088960,107315200,8510,76945,11,138,6195,10,10,138,8152,8510,0,,687
incremental,49,revert,109404160,6361312,65536,115831008,4096,26710,549,109404160,2248704,107155456,8430,76805,11,138,6195,10,10,138,8072,8430,0,flow_memberships;flow_snapshots;flows;node_community,687
incremental,49,after_maintenance,109404160,6361312,65536,115831008,4096,26710,549,109404160,2248704,107155456,8430,76805,11,138,6195,10,10,138,8072,8430,0,flow_memberships;flow_snapshots;flows;node_community,687
incremental,50,mutate,109404160,6361312,65536,115831008,4096,26710,465,109404160,1904640,107499520,8510,76945,11,138,6195,10,10,138,8152,8510,0,,687
incremental,50,revert,109404160,6361312,65536,115831008,4096,26710,509,109404160,2084864,107319296,8430,76805,11,138,6195,10,10,138,8072,8430,0,flow_memberships;flow_snapshots;flows;node_community,687
incremental,50,after_maintenance,108879872,0,65536,108945408,4096,26582,381,108879872,1560576,107319296,8430,76805,11,138,6195,10,10,138,8072,8430,0,flow_memberships;flow_snapshots;flows;node_community,687
incremental,51,mutate,108879872,5652672,65536,114598080,4096,26582,441,108879872,1806336,107073536,8510,76945,11,138,6195,10,10,138,8152,8510,0,,687
incremental,51,revert,108879872,5652672,65536,114598080,4096,26582,478,108879872,1957888,106921984,8430,76805,11,138,6195,10,10,138,8072,8430,0,flow_memberships;flow_snapshots;flows;node_community,687
incremental,51,after_maintenance,108879872,5652672,65536,114598080,4096,26582,478,108879872,1957888,106921984,8430,76805,11,138,6195,10,10,138,8072,8430,0,flow_memberships;flow_snapshots;flows;node_community,687
incremental,52,mutate,108879872,6299512,65536,115244920,4096,26582,400,108879872,1638400,107241472,8510,76945,11,138,6195,10,10,138,8152,8510,0,,687
incremental,52,revert,108879872,6299512,65536,115244920,4096,26582,438,108879872,1794048,107085824,8430,76805,11,138,6195,10,10,138,8072,8430,0,flow_memberships;flow_snapshots;flows;node_community,687
incremental,52,after_maintenance,108879872,6299512,65536,115244920,4096,26582,438,108879872,1794048,107085824,8430,76805,11,138,6195,10,10,138,8072,8430,0,flow_memberships;flow_snapshots;flows;node_community,687
incremental,53,mutate,108879872,6299512,65536,115244920,4096,26582,356,108879872,1458176,107421696,8510,76945,11,138,6195,10,10,138,8152,8510,0,,687
incremental,53,revert,108879872,6299512,65536,115244920,4096,26582,401,108879872,1642496,107237376,8430,76805,11,138,6195,10,10,138,8072,8430,0,flow_memberships;flow_snapshots;flows;node_community,687
incremental,53,after_maintenance,108879872,6299512,65536,115244920,4096,26582,401,108879872,1642496,107237376,8430,76805,11,138,6195,10,10,138,8072,8430,0,flow_memberships;flow_snapshots;flows;node_community,687
incremental,54,mutate,108879872,6299512,65536,115244920,4096,26582,393,108879872,1609728,107270144,8510,76945,11,138,6195,10,10,138,8152,8510,0,,687
incremental,54,revert,108879872,6299512,65536,115244920,4096,26582,446,108879872,1826816,107053056,8430,76805,11,138,6195,10,10,138,8072,8430,0,flow_memberships;flow_snapshots;flows;node_community,687
incremental,54,after_maintenance,108879872,6299512,65536,115244920,4096,26582,446,108879872,1826816,107053056,8430,76805,11,138,6195,10,10,138,8072,8430,0,flow_memberships;flow_snapshots;flows;node_community,687
incremental,55,mutate,108879872,6299512,65536,115244920,4096,26582,354,108879872,1449984,107429888,8510,76945,11,138,6195,10,10,138,8152,8510,0,,687
incremental,55,revert,108879872,6299512,65536,115244920,4096,26582,402,108879872,1646592,107233280,8430,76805,11,138,6195,10,10,138,8072,8430,0,flow_memberships;flow_snapshots;flows;node_community,687
incremental,55,after_maintenance,108879872,6299512,65536,115244920,4096,26582,402,108879872,1646592,107233280,8430,76805,11,138,6195,10,10,138,8072,8430,0,flow_memberships;flow_snapshots;flows;node_community,687
incremental,56,mutate,108879872,6320112,65536,115265520,4096,26582,314,108879872,1286144,107593728,8510,76945,11,138,6195,10,10,138,8152,8510,0,,687
incremental,56,revert,108879872,6320112,65536,115265520,4096,26582,353,108879872,1445888,107433984,8430,76805,11,138,6195,10,10,138,8072,8430,0,flow_memberships;flow_snapshots;flows;node_community,687
incremental,56,after_maintenance,108879872,6320112,65536,115265520,4096,26582,353,108879872,1445888,107433984,8430,76805,11,138,6195,10,10,138,8072,8430,0,flow_memberships;flow_snapshots;flows;node_community,687
incremental,57,mutate,108879872,6320112,65536,115265520,4096,26582,355,108879872,1454080,107425792,8510,76945,11,138,6195,10,10,138,8152,8510,0,,687
incremental,57,revert,108879872,6320112,65536,115265520,4096,26582,396,108879872,1622016,107257856,8430,76805,11,138,6195,10,10,138,8072,8430,0,flow_memberships;flow_snapshots;flows;node_community,687
incremental,57,after_maintenance,108879872,6320112,65536,115265520,4096,26582,396,108879872,1622016,107257856,8430,76805,11,138,6195,10,10,138,8072,8430,0,flow_memberships;flow_snapshots;flows;node_community,687
incremental,58,mutate,108879872,6320112,65536,115265520,4096,26582,313,108879872,1282048,107597824,8510,76945,11,138,6195,10,10,138,8152,8510,0,,687
incremental,58,revert,108879872,6320112,65536,115265520,4096,26582,361,108879872,1478656,107401216,8430,76805,11,138,6195,10,10,138,8072,8430,0,flow_memberships;flow_snapshots;flows;node_community,687
incremental,58,after_maintenance,108879872,6320112,65536,115265520,4096,26582,361,108879872,1478656,107401216,8430,76805,11,138,6195,10,10,138,8072,8430,0,flow_memberships;flow_snapshots;flows;node_community,687
incremental,59,mutate,108879872,6320112,65536,115265520,4096,26582,269,108879872,1101824,107778048,8510,76945,11,138,6195,10,10,138,8152,8510,0,,687
incremental,59,revert,108879872,6320112,65536,115265520,4096,26582,310,108879872,1269760,107610112,8430,76805,11,138,6195,10,10,138,8072,8430,0,flow_memberships;flow_snapshots;flows;node_community,687
incremental,59,after_maintenance,108879872,6320112,65536,115265520,4096,26582,310,108879872,1269760,107610112,8430,76805,11,138,6195,10,10,138,8072,8430,0,flow_memberships;flow_snapshots;flows;node_community,687
incremental,60,mutate,108879872,6320112,65536,115265520,4096,26582,368,108879872,1507328,107372544,8510,76945,11,138,6195,10,10,138,8152,8510,0,,687
incremental,60,revert,108879872,6320112,65536,115265520,4096,26582,402,108879872,1646592,107233280,8430,76805,11,138,6195,10,10,138,8072,8430,0,flow_memberships;flow_snapshots;flows;node_community,687
incremental,60,after_maintenance,108355584,0,65536,108421120,4096,26454,274,108355584,1122304,107233280,8430,76805,11,138,6195,10,10,138,8072,8430,0,flow_memberships;flow_snapshots;flows;node_community,687
incremental,61,mutate,108355584,5178872,65536,113599992,4096,26454,195,108355584,798720,107556864,8510,76945,11,138,6195,10,10,138,8152,8510,0,,687
incremental,61,revert,108355584,5471392,65536,113892512,4096,26454,237,108355584,970752,107384832,8430,76805,11,138,6195,10,10,138,8072,8430,0,flow_memberships;flow_snapshots;flows;node_community,687
incremental,61,after_maintenance,108355584,5471392,65536,113892512,4096,26454,237,108355584,970752,107384832,8430,76805,11,138,6195,10,10,138,8072,8430,0,flow_memberships;flow_snapshots;flows;node_community,687
incremental,62,mutate,108355584,6266552,65536,114687672,4096,26454,153,108355584,626688,107728896,8510,76945,11,138,6195,10,10,138,8152,8510,0,,687
incremental,62,revert,108355584,6266552,65536,114687672,4096,26454,202,108355584,827392,107528192,8430,76805,11,138,6195,10,10,138,8072,8430,0,flow_memberships;flow_snapshots;flows;node_community,687
incremental,62,after_maintenance,108355584,6266552,65536,114687672,4096,26454,202,108355584,827392,107528192,8430,76805,11,138,6195,10,10,138,8072,8430,0,flow_memberships;flow_snapshots;flows;node_community,687
incremental,63,mutate,108355584,6266552,65536,114687672,4096,26454,199,108355584,815104,107540480,8510,76945,11,138,6195,10,10,138,8152,8510,0,,687
incremental,63,revert,108355584,6266552,65536,114687672,4096,26454,233,108355584,954368,107401216,8430,76805,11,138,6195,10,10,138,8072,8430,0,flow_memberships;flow_snapshots;flows;node_community,687
incremental,63,after_maintenance,108355584,6266552,65536,114687672,4096,26454,233,108355584,954368,107401216,8430,76805,11,138,6195,10,10,138,8072,8430,0,flow_memberships;flow_snapshots;flows;node_community,687
incremental,64,mutate,108355584,6266552,65536,114687672,4096,26454,150,108355584,614400,107741184,8510,76945,11,138,6195,10,10,138,8152,8510,0,,687
incremental,64,revert,108355584,6266552,65536,114687672,4096,26454,206,108355584,843776,107511808,8430,76805,11,138,6195,10,10,138,8072,8430,0,flow_memberships;flow_snapshots;flows;node_community,687
incremental,64,after_maintenance,108355584,6266552,65536,114687672,4096,26454,206,108355584,843776,107511808,8430,76805,11,138,6195,10,10,138,8072,8430,0,flow_memberships;flow_snapshots;flows;node_community,687
incremental,65,mutate,108355584,6311872,65536,114732992,4096,26454,160,108355584,655360,107700224,8510,76945,11,138,6195,10,10,138,8152,8510,0,,687
incremental,65,revert,108355584,6311872,65536,114732992,4096,26454,203,108355584,831488,107524096,8430,76805,11,138,6195,10,10,138,8072,8430,0,flow_memberships;flow_snapshots;flows;node_community,687
incremental,65,after_maintenance,108355584,6311872,65536,114732992,4096,26454,203,108355584,831488,107524096,8430,76805,11,138,6195,10,10,138,8072,8430,0,flow_memberships;flow_snapshots;flows;node_community,687
incremental,66,mutate,108355584,6311872,65536,114732992,4096,26454,116,108355584,475136,107880448,8510,76945,11,138,6195,10,10,138,8152,8510,0,,687
incremental,66,revert,108355584,6311872,65536,114732992,4096,26454,166,108355584,679936,107675648,8430,76805,11,138,6195,10,10,138,8072,8430,0,flow_memberships;flow_snapshots;flows;node_community,687
incremental,66,after_maintenance,108355584,6311872,65536,114732992,4096,26454,166,108355584,679936,107675648,8430,76805,11,138,6195,10,10,138,8072,8430,0,flow_memberships;flow_snapshots;flows;node_community,687
incremental,67,mutate,108355584,6311872,65536,114732992,4096,26454,74,108355584,303104,108052480,8510,76945,11,138,6195,10,10,138,8152,8510,0,,687
incremental,67,revert,108355584,6311872,65536,114732992,4096,26454,117,108355584,479232,107876352,8430,76805,11,138,6195,10,10,138,8072,8430,0,flow_memberships;flow_snapshots;flows;node_community,687
incremental,67,after_maintenance,108355584,6311872,65536,114732992,4096,26454,117,108355584,479232,107876352,8430,76805,11,138,6195,10,10,138,8072,8430,0,flow_memberships;flow_snapshots;flows;node_community,687
incremental,68,mutate,108367872,6311872,65536,114745280,4096,26457,119,108367872,487424,107880448,8510,76945,11,138,6195,10,10,138,8152,8510,0,,687
incremental,68,revert,108367872,6311872,65536,114745280,4096,26457,166,108367872,679936,107687936,8430,76805,11,138,6195,10,10,138,8072,8430,0,flow_memberships;flow_snapshots;flows;node_community,687
incremental,68,after_maintenance,108367872,6311872,65536,114745280,4096,26457,166,108367872,679936,107687936,8430,76805,11,138,6195,10,10,138,8072,8430,0,flow_memberships;flow_snapshots;flows;node_community,687
incremental,69,mutate,108367872,6311872,65536,114745280,4096,26457,78,108367872,319488,108048384,8510,76945,11,138,6195,10,10,138,8152,8510,0,,687
incremental,69,revert,108367872,6311872,65536,114745280,4096,26457,111,108367872,454656,107913216,8430,76805,11,138,6195,10,10,138,8072,8430,0,flow_memberships;flow_snapshots;flows;node_community,687
incremental,69,after_maintenance,108367872,6311872,65536,114745280,4096,26457,111,108367872,454656,107913216,8430,76805,11,138,6195,10,10,138,8072,8430,0,flow_memberships;flow_snapshots;flows;node_community,687
incremental,70,mutate,108367872,6311872,65536,114745280,4096,26457,33,108367872,135168,108232704,8510,76945,11,138,6195,10,10,138,8152,8510,0,,687
incremental,70,revert,108367872,6311872,65536,114745280,4096,26457,78,108367872,319488,108048384,8430,76805,11,138,6195,10,10,138,8072,8430,0,flow_memberships;flow_snapshots;flows;node_community,687
incremental,70,after_maintenance,108048384,0,65536,108113920,4096,26379,0,108048384,0,108048384,8430,76805,11,138,6195,10,10,138,8072,8430,0,flow_memberships;flow_snapshots;flows;node_community,687
incremental,71,mutate,108539904,4861632,65536,113467072,4096,26499,172,108539904,704512,107835392,8510,76945,11,138,6195,10,10,138,8152,8510,0,,687
incremental,71,revert,108539904,5603232,65536,114208672,4096,26499,219,108539904,897024,107642880,8430,76805,11,138,6195,10,10,138,8072,8430,0,flow_memberships;flow_snapshots;flows;node_community,687
incremental,71,after_maintenance,108539904,5603232,65536,114208672,4096,26499,219,108539904,897024,107642880,8430,76805,11,138,6195,10,10,138,8072,8430,0,flow_memberships;flow_snapshots;flows;node_community,687
incremental,72,mutate,108539904,5603232,65536,114208672,4096,26499,127,108539904,520192,108019712,8510,76945,11,138,6195,10,10,138,8152,8510,0,,687
incremental,72,revert,108539904,5603232,65536,114208672,4096,26499,177,108539904,724992,107814912,8430,76805,11,138,6195,10,10,138,8072,8430,0,flow_memberships;flow_snapshots;flows;node_community,687
incremental,72,after_maintenance,108539904,5603232,65536,114208672,4096,26499,177,108539904,724992,107814912,8430,76805,11,138,6195,10,10,138,8072,8430,0,flow_memberships;flow_snapshots;flows;node_community,687
incremental,73,mutate,108539904,6262432,65536,114867872,4096,26499,95,108539904,389120,108150784,8510,76945,11,138,6195,10,10,138,8152,8510,0,,687
incremental,73,revert,108539904,6262432,65536,114867872,4096,26499,134,108539904,548864,107991040,8430,76805,11,138,6195,10,10,138,8072,8430,0,flow_memberships;flow_snapshots;flows;node_community,687
incremental,73,after_maintenance,108539904,6262432,65536,114867872,4096,26499,134,108539904,548864,107991040,8430,76805,11,138,6195,10,10,138,8072,8430,0,flow_memberships;flow_snapshots;flows;node_community,687
incremental,74,mutate,108539904,6369552,65536,114974992,4096,26499,124,108539904,507904,108032000,8510,76945,11,138,6195,10,10,138,8152,8510,0,,687
incremental,74,revert,108539904,6369552,65536,114974992,4096,26499,176,108539904,720896,107819008,8430,76805,11,138,6195,10,10,138,8072,8430,0,flow_memberships;flow_snapshots;flows;node_community,687
incremental,74,after_maintenance,108539904,6369552,65536,114974992,4096,26499,176,108539904,720896,107819008,8430,76805,11,138,6195,10,10,138,8072,8430,0,flow_memberships;flow_snapshots;flows;node_community,687
incremental,75,mutate,108539904,6369552,65536,114974992,4096,26499,94,108539904,385024,108154880,8510,76945,11,138,6195,10,10,138,8152,8510,0,,687
incremental,75,revert,108539904,6369552,65536,114974992,4096,26499,135,108539904,552960,107986944,8430,76805,11,138,6195,10,10,138,8072,8430,0,flow_memberships;flow_snapshots;flows;node_community,687
incremental,75,after_maintenance,108539904,6369552,65536,114974992,4096,26499,135,108539904,552960,107986944,8430,76805,11,138,6195,10,10,138,8072,8430,0,flow_memberships;flow_snapshots;flows;node_community,687
incremental,76,mutate,108539904,6369552,65536,114974992,4096,26499,102,108539904,417792,108122112,8510,76945,11,138,6195,10,10,138,8152,8510,0,,687
incremental,76,revert,108539904,6369552,65536,114974992,4096,26499,139,108539904,569344,107970560,8430,76805,11,138,6195,10,10,138,8072,8430,0,flow_memberships;flow_snapshots;flows;node_community,687
incremental,76,after_maintenance,108539904,6369552,65536,114974992,4096,26499,139,108539904,569344,107970560,8430,76805,11,138,6195,10,10,138,8072,8430,0,flow_memberships;flow_snapshots;flows;node_community,687
incremental,77,mutate,108539904,6369552,65536,114974992,4096,26499,61,108539904,249856,108290048,8510,76945,11,138,6195,10,10,138,8152,8510,0,,687
incremental,77,revert,108539904,6369552,65536,114974992,4096,26499,94,108539904,385024,108154880,8430,76805,11,138,6195,10,10,138,8072,8430,0,flow_memberships;flow_snapshots;flows;node_community,687
incremental,77,after_maintenance,108539904,6369552,65536,114974992,4096,26499,94,108539904,385024,108154880,8430,76805,11,138,6195,10,10,138,8072,8430,0,flow_memberships;flow_snapshots;flows;node_community,687
incremental,78,mutate,108539904,6369552,65536,114974992,4096,26499,15,108539904,61440,108478464,8510,76945,11,138,6195,10,10,138,8152,8510,0,,687
incremental,78,revert,108539904,6369552,65536,114974992,4096,26499,53,108539904,217088,108322816,8430,76805,11,138,6195,10,10,138,8072,8430,0,flow_memberships;flow_snapshots;flows;node_community,687
incremental,78,after_maintenance,108539904,6369552,65536,114974992,4096,26499,53,108539904,217088,108322816,8430,76805,11,138,6195,10,10,138,8072,8430,0,flow_memberships;flow_snapshots;flows;node_community,687
incremental,79,mutate,108777472,6369552,65536,115212560,4096,26557,119,108777472,487424,108290048,8510,76945,11,138,6195,10,10,138,8152,8510,0,,687
incremental,79,revert,108777472,6369552,65536,115212560,4096,26557,154,108777472,630784,108146688,8430,76805,11,138,6195,10,10,138,8072,8430,0,flow_memberships;flow_snapshots;flows;node_community,687
incremental,79,after_maintenance,108777472,6369552,65536,115212560,4096,26557,154,108777472,630784,108146688,8430,76805,11,138,6195,10,10,138,8072,8430,0,flow_memberships;flow_snapshots;flows;node_community,687
incremental,80,mutate,108777472,6369552,65536,115212560,4096,26557,72,108777472,294912,108482560,8510,76945,11,138,6195,10,10,138,8152,8510,0,,687
incremental,80,revert,108777472,6369552,65536,115212560,4096,26557,117,108777472,479232,108298240,8430,76805,11,138,6195,10,10,138,8072,8430,0,flow_memberships;flow_snapshots;flows;node_community,687
incremental,80,after_maintenance,108298240,0,65536,108363776,4096,26440,0,108298240,0,108298240,8430,76805,11,138,6195,10,10,138,8072,8430,0,flow_memberships;flow_snapshots;flows;node_community,687
incremental,81,mutate,108634112,5162392,65536,113862040,4096,26522,0,108634112,0,108634112,8510,76945,11,138,6195,10,10,138,8152,8510,0,,687
incremental,81,revert,108634112,5562032,65536,114261680,4096,26522,34,108634112,139264,108494848,8430,76805,11,138,6195,10,10,138,8072,8430,0,flow_memberships;flow_snapshots;flows;node_community,687
incremental,81,after_maintenance,108634112,5562032,65536,114261680,4096,26522,34,108634112,139264,108494848,8430,76805,11,138,6195,10,10,138,8072,8430,0,flow_memberships;flow_snapshots;flows;node_community,687
incremental,82,mutate,108969984,6283032,65536,115318552,4096,26604,172,108969984,704512,108265472,8510,76945,11,138,6195,10,10,138,8152,8510,0,,687
incremental,82,revert,108969984,6283032,65536,115318552,4096,26604,215,108969984,880640,108089344,8430,76805,11,138,6195,10,10,138,8072,8430,0,flow_memberships;flow_snapshots;flows;node_community,687
incremental,82,after_maintenance,108969984,6283032,65536,115318552,4096,26604,215,108969984,880640,108089344,8430,76805,11,138,6195,10,10,138,8072,8430,0,flow_memberships;flow_snapshots;flows;node_community,687
incremental,83,mutate,108969984,6283032,65536,115318552,4096,26604,130,108969984,532480,108437504,8510,76945,11,138,6195,10,10,138,8152,8510,0,,687
incremental,83,revert,108969984,6283032,65536,115318552,4096,26604,162,108969984,663552,108306432,8430,76805,11,138,6195,10,10,138,8072,8430,0,flow_memberships;flow_snapshots;flows;node_community,687
incremental,83,after_maintenance,108969984,6283032,65536,115318552,4096,26604,162,108969984,663552,108306432,8430,76805,11,138,6195,10,10,138,8072,8430,0,flow_memberships;flow_snapshots;flows;node_community,687
incremental,84,mutate,108969984,6283032,65536,115318552,4096,26604,88,108969984,360448,108609536,8510,76945,11,138,6195,10,10,138,8152,8510,0,,687
incremental,84,revert,108969984,6283032,65536,115318552,4096,26604,134,108969984,548864,108421120,8430,76805,11,138,6195,10,10,138,8072,8430,0,flow_memberships;flow_snapshots;flows;node_community,687
incremental,84,after_maintenance,108969984,6283032,65536,115318552,4096,26604,134,108969984,548864,108421120,8430,76805,11,138,6195,10,10,138,8072,8430,0,flow_memberships;flow_snapshots;flows;node_community,687
incremental,85,mutate,108969984,6357192,65536,115392712,4096,26604,128,108969984,524288,108445696,8510,76945,11,138,6195,10,10,138,8152,8510,0,,687
incremental,85,revert,108969984,6357192,65536,115392712,4096,26604,169,108969984,692224,108277760,8430,76805,11,138,6195,10,10,138,8072,8430,0,flow_memberships;flow_snapshots;flows;node_community,687
incremental,85,after_maintenance,108969984,6357192,65536,115392712,4096,26604,169,108969984,692224,108277760,8430,76805,11,138,6195,10,10,138,8072,8430,0,flow_memberships;flow_snapshots;flows;node_community,687
incremental,86,mutate,108969984,6357192,65536,115392712,4096,26604,87,108969984,356352,108613632,8510,76945,11,138,6195,10,10,138,8152,8510,0,,687
incremental,86,revert,108969984,6357192,65536,115392712,4096,26604,128,108969984,524288,108445696,8430,76805,11,138,6195,10,10,138,8072,8430,0,flow_memberships;flow_snapshots;flows;node_community,687
incremental,86,after_maintenance,108969984,6357192,65536,115392712,4096,26604,128,108969984,524288,108445696,8430,76805,11,138,6195,10,10,138,8072,8430,0,flow_memberships;flow_snapshots;flows;node_community,687
incremental,87,mutate,108969984,6357192,65536,115392712,4096,26604,47,108969984,192512,108777472,8510,76945,11,138,6195,10,10,138,8152,8510,0,,687
incremental,87,revert,108969984,6357192,65536,115392712,4096,26604,84,108969984,344064,108625920,8430,76805,11,138,6195,10,10,138,8072,8430,0,flow_memberships;flow_snapshots;flows;node_community,687
incremental,87,after_maintenance,108969984,6357192,65536,115392712,4096,26604,84,108969984,344064,108625920,8430,76805,11,138,6195,10,10,138,8072,8430,0,flow_memberships;flow_snapshots;flows;node_community,687
incremental,88,mutate,109101056,6357192,65536,115523784,4096,26636,120,109101056,491520,108609536,8510,76945,11,138,6195,10,10,138,8152,8510,0,,687
incremental,88,revert,109101056,6357192,65536,115523784,4096,26636,168,109101056,688128,108412928,8430,76805,11,138,6195,10,10,138,8072,8430,0,flow_memberships;flow_snapshots;flows;node_community,687
incremental,88,after_maintenance,109101056,6357192,65536,115523784,4096,26636,168,109101056,688128,108412928,8430,76805,11,138,6195,10,10,138,8072,8430,0,flow_memberships;flow_snapshots;flows;node_community,687
incremental,89,mutate,109101056,6357192,65536,115523784,4096,26636,75,109101056,307200,108793856,8510,76945,11,138,6195,10,10,138,8152,8510,0,,687
incremental,89,revert,109101056,6357192,65536,115523784,4096,26636,121,109101056,495616,108605440,8430,76805,11,138,6195,10,10,138,8072,8430,0,flow_memberships;flow_snapshots;flows;node_community,687
incremental,89,after_maintenance,109101056,6357192,65536,115523784,4096,26636,121,109101056,495616,108605440,8430,76805,11,138,6195,10,10,138,8072,8430,0,flow_memberships;flow_snapshots;flows;node_community,687
incremental,90,mutate,109101056,6357192,65536,115523784,4096,26636,84,109101056,344064,108756992,8510,76945,11,138,6195,10,10,138,8152,8510,0,,687
incremental,90,revert,109101056,6357192,65536,115523784,4096,26636,128,109101056,524288,108576768,8430,76805,11,138,6195,10,10,138,8072,8430,0,flow_memberships;flow_snapshots;flows;node_community,687
incremental,90,after_maintenance,108576768,0,65536,108642304,4096,26508,0,108576768,0,108576768,8430,76805,11,138,6195,10,10,138,8072,8430,0,flow_memberships;flow_snapshots;flows;node_community,687
incremental,91,mutate,108937216,5162392,65536,114165144,4096,26596,0,108937216,0,108937216,8510,76945,11,138,6195,10,10,138,8152,8510,0,,687
incremental,91,revert,108937216,5475512,65536,114478264,4096,26596,43,108937216,176128,108761088,8430,76805,11,138,6195,10,10,138,8072,8430,0,flow_memberships;flow_snapshots;flows;node_community,687
incremental,91,after_maintenance,108937216,5475512,65536,114478264,4096,26596,43,108937216,176128,108761088,8430,76805,11,138,6195,10,10,138,8072,8430,0,flow_memberships;flow_snapshots;flows;node_community,687
incremental,92,mutate,109092864,6336592,65536,115494992,4096,26634,0,109092864,0,109092864,8510,76945,11,138,6195,10,10,138,8152,8510,0,,687
incremental,92,revert,109092864,6336592,65536,115494992,4096,26634,42,109092864,172032,108920832,8430,76805,11,138,6195,10,10,138,8072,8430,0,flow_memberships;flow_snapshots;flows;node_community,687
incremental,92,after_maintenance,109092864,6336592,65536,115494992,4096,26634,42,109092864,172032,108920832,8430,76805,11,138,6195,10,10,138,8072,8430,0,flow_memberships;flow_snapshots;flows;node_community,687
incremental,93,mutate,109436928,6336592,65536,115839056,4096,26718,190,109436928,778240,108658688,8510,76945,11,138,6195,10,10,138,8152,8510,0,,687
incremental,93,revert,109436928,6336592,65536,115839056,4096,26718,230,109436928,942080,108494848,8430,76805,11,138,6195,10,10,138,8072,8430,0,flow_memberships;flow_snapshots;flows;node_community,687
incremental,93,after_maintenance,109436928,6336592,65536,115839056,4096,26718,230,109436928,942080,108494848,8430,76805,11,138,6195,10,10,138,8072,8430,0,flow_memberships;flow_snapshots;flows;node_community,687
incremental,94,mutate,109436928,6336592,65536,115839056,4096,26718,152,109436928,622592,108814336,8510,76945,11,138,6195,10,10,138,8152,8510,0,,687
incremental,94,revert,109436928,6336592,65536,115839056,4096,26786,297,109715456,1216512,108498944,8430,76805,11,138,6195,10,10,138,8072,8430,0,flow_memberships;flow_snapshots;flows;node_community,687
incremental,94,after_maintenance,109436928,6336592,65536,115839056,4096,26786,297,109715456,1216512,108498944,8430,76805,11,138,6195,10,10,138,8072,8430,0,flow_memberships;flow_snapshots;flows;node_community,687
incremental,95,mutate,109715456,6336592,65536,116117584,4096,26786,218,109715456,892928,108822528,8510,76945,11,138,6195,10,10,138,8152,8510,0,,687
incremental,95,revert,109715456,6336592,65536,116117584,4096,26786,252,109715456,1032192,108683264,8430,76805,11,138,6195,10,10,138,8072,8430,0,flow_memberships;flow_snapshots;flows;node_community,687
incremental,95,after_maintenance,109715456,6336592,65536,116117584,4096,26786,252,109715456,1032192,108683264,8430,76805,11,138,6195,10,10,138,8072,8430,0,flow_memberships;flow_snapshots;flows;node_community,687
incremental,96,mutate,109715456,6336592,65536,116117584,4096,26786,257,109715456,1052672,108662784,8510,76945,11,138,6195,10,10,138,8152,8510,0,,687
incremental,96,revert,109715456,6336592,65536,116117584,4096,26786,306,109715456,1253376,108462080,8430,76805,11,138,6195,10,10,138,8072,8430,0,flow_memberships;flow_snapshots;flows;node_community,687
incremental,96,after_maintenance,109715456,6336592,65536,116117584,4096,26786,306,109715456,1253376,108462080,8430,76805,11,138,6195,10,10,138,8072,8430,0,flow_memberships;flow_snapshots;flows;node_community,687
incremental,97,mutate,109715456,6336592,65536,116117584,4096,26786,219,109715456,897024,108818432,8510,76945,11,138,6195,10,10,138,8152,8510,0,,687
incremental,97,revert,109715456,6336592,65536,116117584,4096,26786,257,109715456,1052672,108662784,8430,76805,11,138,6195,10,10,138,8072,8430,0,flow_memberships;flow_snapshots;flows;node_community,687
incremental,97,after_maintenance,109715456,6336592,65536,116117584,4096,26786,257,109715456,1052672,108662784,8430,76805,11,138,6195,10,10,138,8072,8430,0,flow_memberships;flow_snapshots;flows;node_community,687
incremental,98,mutate,109715456,6336592,65536,116117584,4096,26786,176,109715456,720896,108994560,8510,76945,11,138,6195,10,10,138,8152,8510,0,,687
incremental,98,revert,109715456,6336592,65536,116117584,4096,26786,218,109715456,892928,108822528,8430,76805,11,138,6195,10,10,138,8072,8430,0,flow_memberships;flow_snapshots;flows;node_community,687
incremental,98,after_maintenance,109715456,6336592,65536,116117584,4096,26786,218,109715456,892928,108822528,8430,76805,11,138,6195,10,10,138,8072,8430,0,flow_memberships;flow_snapshots;flows;node_community,687
incremental,99,mutate,109715456,6336592,65536,116117584,4096,26786,213,109715456,872448,108843008,8510,76945,11,138,6195,10,10,138,8152,8510,0,,687
incremental,99,revert,109715456,6336592,65536,116117584,4096,26786,258,109715456,1056768,108658688,8430,76805,11,138,6195,10,10,138,8072,8430,0,flow_memberships;flow_snapshots;flows;node_community,687
incremental,99,after_maintenance,109715456,6336592,65536,116117584,4096,26786,258,109715456,1056768,108658688,8430,76805,11,138,6195,10,10,138,8072,8430,0,flow_memberships;flow_snapshots;flows;node_community,687
incremental,100,mutate,109715456,6336592,65536,116117584,4096,26786,174,109715456,712704,109002752,8510,76945,11,138,6195,10,10,138,8152,8510,0,,687
incremental,100,revert,109715456,6336592,65536,116117584,4096,26786,220,109715456,901120,108814336,8430,76805,11,138,6195,10,10,138,8072,8430,0,flow_memberships;flow_snapshots;flows;node_community,687
incremental,100,after_maintenance,109191168,0,65536,109256704,4096,26658,92,109191168,376832,108814336,8430,76805,11,138,6195,10,10,138,8072,8430,0,flow_memberships;flow_snapshots;flows;node_community,687
